{"ambientocclusion":false,"textures":{"particle":"item/e_particle","texture":"custom/glock1822"},"elements":[{"from":[3.125,13.875,17.75],"to":[13.125,15.875,19.75],"faces":{"down":{"uv":[8.96,0.96,11.04,3.04],"texture":"#texture"},"up":{"uv":[8.96,0.96,11.04,3.04],"texture":"#texture"},"north":{"uv":[8.96,0.96,11.04,3.04],"texture":"#texture"},"south":{"uv":[8.96,0.96,11.04,3.04],"texture":"#texture","cullface":"south"},"west":{"uv":[8.96,0.96,11.04,3.04],"texture":"#texture"},"east":{"uv":[8.96,0.96,11.04,3.04],"texture":"#texture"}}},{"from":[3.5,17.5,-2.5],"to":[4,19.5,-0.5],"faces":{"up":{"uv":[0.96,4.96,3.04,7.04],"texture":"#texture"},"north":{"uv":[0.96,4.96,3.04,7.04],"texture":"#texture"},"south":{"uv":[0.96,4.96,3.04,7.04],"texture":"#texture","cullface":"south"},"west":{"uv":[0.96,4.96,3.04,7.04],"texture":"#texture"},"east":{"uv":[0.96,4.96,3.04,7.04],"texture":"#texture"}}},{"from":[3.625,17.375,22.75],"to":[4.125,19.375,23.25],"faces":{"down":{"uv":[8.96,0.96,11.04,3.04],"texture":"#texture","cullface":"south"},"up":{"uv":[8.96,0.96,11.04,3.04],"texture":"#texture","cullface":"south"},"north":{"uv":[8.96,0.96,11.04,3.04],"texture":"#texture","cullface":"south"},"south":{"uv":[8.96,0.96,11.04,3.04],"texture":"#texture","cullface":"south"},"west":{"uv":[8.96,0.96,11.04,3.04],"texture":"#texture","cullface":"south"}}},{"from":[3.625,17.375,23.25],"to":[4.125,18.875,24.25],"faces":{"down":{"uv":[8.96,0.96,11.04,3.04],"texture":"#texture","cullface":"south"},"up":{"uv":[8.96,0.96,11.04,3.04],"texture":"#texture","cullface":"south"},"south":{"uv":[8.96,0.96,11.04,3.04],"texture":"#texture","cullface":"south"},"west":{"uv":[8.96,0.96,11.04,3.04],"texture":"#texture","cullface":"south"},"east":{"uv":[8.96,0.96,11.04,3.04],"texture":"#texture","cullface":"south"}}},{"from":[3.625,18.375,22.25],"to":[4.125,19.375,22.75],"faces":{"down":{"uv":[8.96,0.96,11.04,3.04],"texture":"#texture","cullface":"south"},"up":{"uv":[8.96,0.96,11.04,3.04],"texture":"#texture","cullface":"south"},"north":{"uv":[8.96,0.96,11.04,3.04],"texture":"#texture","cullface":"south"},"west":{"uv":[8.96,0.96,11.04,3.04],"texture":"#texture","cullface":"south"},"east":{"uv":[8.96,0.96,11.04,3.04],"texture":"#texture","cullface":"south"}}},{"from":[4.125,12.875,2.75],"to":[12.125,15.875,8.75],"faces":{"down":{"uv":[4.96,0.96,7.04,3.04],"texture":"#texture"},"up":{"uv":[4.96,0.96,7.04,3.04],"texture":"#texture"},"north":{"uv":[4.96,0.96,7.04,3.04],"texture":"#texture"},"south":{"uv":[4.96,0.96,7.04,3.04],"texture":"#texture"},"west":{"uv":[4.96,0.96,7.04,3.04],"texture":"#texture"},"east":{"uv":[4.96,0.96,7.04,3.04],"texture":"#texture"}}},{"from":[4.125,12.875,8.75],"to":[12.125,13.375,25.25],"faces":{"down":{"uv":[4.96,0.96,7.04,3.04],"texture":"#texture","cullface":"south"},"up":{"uv":[4.96,0.96,7.04,3.04],"texture":"#texture","cullface":"south"},"south":{"uv":[4.96,0.96,7.04,3.04],"texture":"#texture","cullface":"south"},"west":{"uv":[4.96,0.96,7.04,3.04],"texture":"#texture","cullface":"south"},"east":{"uv":[4.96,0.96,7.04,3.04],"texture":"#texture","cullface":"south"}}},{"from":[4.125,13.375,8.75],"to":[11.125,13.875,25.75],"faces":{"down":{"uv":[4.96,0.96,7.04,3.04],"texture":"#texture","cullface":"south"},"up":{"uv":[4.96,0.96,7.04,3.04],"texture":"#texture","cullface":"south"},"south":{"uv":[4.96,0.96,7.04,3.04],"texture":"#texture","cullface":"south"},"west":{"uv":[4.96,0.96,7.04,3.04],"texture":"#texture","cullface":"south"},"east":{"uv":[4.96,0.96,7.04,3.04],"texture":"#texture","cullface":"south"}}},{"from":[4.125,13.875,11.75],"to":[12.125,15.875,17.75],"faces":{"down":{"uv":[4.96,0.96,7.04,3.04],"texture":"#texture"},"up":{"uv":[4.96,0.96,7.04,3.04],"texture":"#texture"},"north":{"uv":[4.96,0.96,7.04,3.04],"texture":"#texture"},"south":{"uv":[4.96,0.96,7.04,3.04],"texture":"#texture"},"west":{"uv":[4.96,0.96,7.04,3.04],"texture":"#texture"},"east":{"uv":[4.96,0.96,7.04,3.04],"texture":"#texture"}}},{"from":[4.125,13.875,19.75],"to":[12.125,15.875,25.75],"faces":{"down":{"uv":[4.96,0.96,7.04,3.04],"texture":"#texture","cullface":"south"},"up":{"uv":[4.96,0.96,7.04,3.04],"texture":"#texture","cullface":"south"},"north":{"uv":[4.96,0.96,7.04,3.04],"texture":"#texture","cullface":"south"},"south":{"uv":[4.96,0.96,7.04,3.04],"texture":"#texture","cullface":"south"},"west":{"uv":[4.96,0.96,7.04,3.04],"texture":"#texture","cullface":"south"},"east":{"uv":[4.96,0.96,7.04,3.04],"texture":"#texture","cullface":"south"}}},{"from":[4.125,14.375,9.25],"to":[11.125,14.875,9.75],"faces":{"down":{"uv":[0.96,4.96,3.04,7.04],"texture":"#texture"},"up":{"uv":[0.96,4.96,3.04,7.04],"texture":"#texture"},"north":{"uv":[0.96,4.96,3.04,7.04],"texture":"#texture"},"south":{"uv":[0.96,4.96,3.04,7.04],"texture":"#texture"},"west":{"uv":[0.96,4.96,3.04,7.04],"texture":"#texture"}}},{"from":[4.125,14.375,9.75],"to":[4.625,14.875,10.75],"faces":{"down":{"uv":[8.96,0.96,11.04,3.04],"texture":"#texture"},"up":{"uv":[8.96,0.96,11.04,3.04],"texture":"#texture"},"west":{"uv":[8.96,0.96,11.04,3.04],"texture":"#texture"}}},{"from":[4.125,14.375,10.75],"to":[11.125,14.875,11.25],"faces":{"down":{"uv":[0.96,4.96,3.04,7.04],"texture":"#texture"},"up":{"uv":[0.96,4.96,3.04,7.04],"texture":"#texture"},"north":{"uv":[0.96,4.96,3.04,7.04],"texture":"#texture"},"south":{"uv":[0.96,4.96,3.04,7.04],"texture":"#texture"},"west":{"uv":[0.96,4.96,3.04,7.04],"texture":"#texture"}}},{"from":[4.125,14.375,17.75],"to":[12.125,15.875,19.75],"faces":{"up":{"uv":[4.96,0.96,7.04,3.04],"texture":"#texture"}}},{"from":[4.125,15.375,8.75],"to":[12.125,15.875,11.75],"faces":{"down":{"uv":[4.96,0.96,7.04,3.04],"texture":"#texture"},"up":{"uv":[4.96,0.96,7.04,3.04],"texture":"#texture"},"west":{"uv":[4.96,0.96,7.04,3.04],"texture":"#texture"},"east":{"uv":[4.96,0.96,7.04,3.04],"texture":"#texture"}}},{"from":[4.125,15.875,17.75],"to":[4.625,16.375,19.75],"faces":{"up":{"uv":[0.96,4.96,3.04,7.04],"texture":"#texture"},"north":{"uv":[0.96,4.96,3.04,7.04],"texture":"#texture"},"south":{"uv":[0.96,4.96,3.04,7.04],"texture":"#texture","cullface":"south"},"east":{"uv":[0.96,4.96,3.04,7.04],"texture":"#texture"}}},{"from":[4.125,16.875,-6.25],"to":[6.625,19.875,9.25],"faces":{"down":{"uv":[4.96,4.96,7.04,7.04],"texture":"#texture"},"up":{"uv":[4.96,4.96,7.04,7.04],"texture":"#texture"},"north":{"uv":[4.96,4.96,7.04,7.04],"texture":"#texture"},"south":{"uv":[4.96,4.96,7.04,7.04],"texture":"#texture"},"west":{"uv":[4.96,4.96,7.04,7.04],"texture":"#texture"},"east":{"uv":[4.96,4.96,7.04,7.04],"texture":"#texture"}}},{"from":[4.125,16.875,9.25],"to":[12.125,17.875,18.25],"faces":{"down":{"uv":[4.96,4.96,7.04,7.04],"texture":"#texture"},"up":{"uv":[4.96,4.96,7.04,7.04],"texture":"#texture"},"north":{"uv":[4.96,4.96,7.04,7.04],"texture":"#texture"},"south":{"uv":[4.96,4.96,7.04,7.04],"texture":"#texture"},"west":{"uv":[4.96,4.96,7.04,7.04],"texture":"#texture"},"east":{"uv":[4.96,4.96,7.04,7.04],"texture":"#texture"}}},{"from":[4.125,16.875,18.75],"to":[12.125,19.875,19.25],"faces":{"down":{"uv":[4.96,4.96,7.04,7.04],"texture":"#texture"},"up":{"uv":[4.96,4.96,7.04,7.04],"texture":"#texture"},"north":{"uv":[4.96,4.96,7.04,7.04],"texture":"#texture"},"south":{"uv":[4.96,4.96,7.04,7.04],"texture":"#texture"},"west":{"uv":[4.96,4.96,7.04,7.04],"texture":"#texture"},"east":{"uv":[4.96,4.96,7.04,7.04],"texture":"#texture"}}},{"from":[4.125,16.875,19.75],"to":[12.125,19.875,20.25],"faces":{"down":{"uv":[4.96,4.96,7.04,7.04],"texture":"#texture","cullface":"south"},"up":{"uv":[4.96,4.96,7.04,7.04],"texture":"#texture","cullface":"south"},"north":{"uv":[4.96,4.96,7.04,7.04],"texture":"#texture","cullface":"south"},"south":{"uv":[4.96,4.96,7.04,7.04],"texture":"#texture","cullface":"south"},"west":{"uv":[4.96,4.96,7.04,7.04],"texture":"#texture","cullface":"south"},"east":{"uv":[4.96,4.96,7.04,7.04],"texture":"#texture","cullface":"south"}}},{"from":[4.125,16.875,20.75],"to":[12.125,19.875,21.25],"faces":{"down":{"uv":[4.96,4.96,7.04,7.04],"texture":"#texture","cullface":"south"},"up":{"uv":[4.96,4.96,7.04,7.04],"texture":"#texture","cullface":"south"},"north":{"uv":[4.96,4.96,7.04,7.04],"texture":"#texture","cullface":"south"},"south":{"uv":[4.96,4.96,7.04,7.04],"texture":"#texture","cullface":"south"},"west":{"uv":[4.96,4.96,7.04,7.04],"texture":"#texture","cullface":"south"},"east":{"uv":[4.96,4.96,7.04,7.04],"texture":"#texture","cullface":"south"}}},{"from":[4.125,16.875,21.25],"to":[11.625,19.875,22.25],"faces":{"down":{"uv":[4.96,4.96,7.04,7.04],"texture":"#texture","cullface":"south"},"up":{"uv":[4.96,4.96,7.04,7.04],"texture":"#texture","cullface":"south"},"south":{"uv":[4.96,4.96,7.04,7.04],"texture":"#texture","cullface":"south"},"west":{"uv":[4.96,4.96,7.04,7.04],"texture":"#texture","cullface":"south"},"east":{"uv":[4.96,4.96,7.04,7.04],"texture":"#texture","cullface":"south"}}},{"from":[4.125,16.875,22.75],"to":[12.125,19.875,23.25],"faces":{"down":{"uv":[4.96,4.96,7.04,7.04],"texture":"#texture","cullface":"south"},"up":{"uv":[4.96,4.96,7.04,7.04],"texture":"#texture","cullface":"south"},"north":{"uv":[4.96,4.96,7.04,7.04],"texture":"#texture","cullface":"south"},"south":{"uv":[4.96,4.96,7.04,7.04],"texture":"#texture","cullface":"south"},"west":{"uv":[4.96,4.96,7.04,7.04],"texture":"#texture","cullface":"south"},"east":{"uv":[4.96,4.96,7.04,7.04],"texture":"#texture","cullface":"south"}}},{"from":[4.125,16.875,23.75],"to":[12.125,19.875,24.25],"faces":{"down":{"uv":[4.96,4.96,7.04,7.04],"texture":"#texture","cullface":"south"},"up":{"uv":[4.96,4.96,7.04,7.04],"texture":"#texture","cullface":"south"},"north":{"uv":[4.96,4.96,7.04,7.04],"texture":"#texture","cullface":"south"},"south":{"uv":[4.96,4.96,7.04,7.04],"texture":"#texture","cullface":"south"},"west":{"uv":[4.96,4.96,7.04,7.04],"texture":"#texture","cullface":"south"},"east":{"uv":[4.96,4.96,7.04,7.04],"texture":"#texture","cullface":"south"}}},{"from":[4.125,16.875,24.75],"to":[12.125,19.875,27.25],"faces":{"down":{"uv":[4.96,4.96,7.04,7.04],"texture":"#texture","cullface":"south"},"up":{"uv":[4.96,4.96,7.04,7.04],"texture":"#texture","cullface":"south"},"north":{"uv":[4.96,4.96,7.04,7.04],"texture":"#texture","cullface":"south"},"south":{"uv":[4.96,4.96,7.04,7.04],"texture":"#texture","cullface":"south"},"west":{"uv":[4.96,4.96,7.04,7.04],"texture":"#texture","cullface":"south"},"east":{"uv":[4.96,4.96,7.04,7.04],"texture":"#texture","cullface":"south"}}},{"from":[4.125,17.875,9.25],"to":[10.125,18.875,18.25],"faces":{"up":{"uv":[4.96,4.96,7.04,7.04],"texture":"#texture"},"north":{"uv":[4.96,4.96,7.04,7.04],"texture":"#texture"},"south":{"uv":[4.96,4.96,7.04,7.04],"texture":"#texture"},"west":{"uv":[4.96,4.96,7.04,7.04],"texture":"#texture"},"east":{"uv":[4.96,4.96,7.04,7.04],"texture":"#texture"}}},{"from":[4.125,18.875,9.25],"to":[4.625,19.875,18.25],"faces":{"up":{"uv":[4.96,4.96,7.04,7.04],"texture":"#texture"},"south":{"uv":[4.96,4.96,7.04,7.04],"texture":"#texture"},"west":{"uv":[4.96,4.96,7.04,7.04],"texture":"#texture"},"east":{"uv":[4.96,4.96,7.04,7.04],"texture":"#texture"}}},{"from":[4.625,0.375,18.75],"to":[11.625,8.375,24.25],"faces":{"down":{"uv":[4.96,0.96,7.04,3.04],"texture":"#texture","cullface":"south"},"up":{"uv":[4.96,0.96,7.04,3.04],"texture":"#texture","cullface":"south"},"north":{"uv":[4.96,0.96,7.04,3.04],"texture":"#texture","cullface":"south"},"south":{"uv":[4.96,0.96,7.04,3.04],"texture":"#texture","cullface":"south"},"west":{"uv":[4.96,0.96,7.04,3.04],"texture":"#texture","cullface":"south"},"east":{"uv":[4.96,0.96,7.04,3.04],"texture":"#texture","cullface":"south"}}},{"from":[4.625,0.375,24.25],"to":[11.625,7.375,24.75],"faces":{"down":{"uv":[4.96,0.96,7.04,3.04],"texture":"#texture","cullface":"south"},"up":{"uv":[4.96,0.96,7.04,3.04],"texture":"#texture","cullface":"south"},"south":{"uv":[4.96,0.96,7.04,3.04],"texture":"#texture","cullface":"south"},"west":{"uv":[4.96,0.96,7.04,3.04],"texture":"#texture","cullface":"south"},"east":{"uv":[4.96,0.96,7.04,3.04],"texture":"#texture","cullface":"south"}}},{"from":[4.625,0.375,24.75],"to":[11.625,5.875,25.25],"faces":{"down":{"uv":[4.96,0.96,7.04,3.04],"texture":"#texture","cullface":"south"},"up":{"uv":[4.96,0.96,7.04,3.04],"texture":"#texture","cullface":"south"},"south":{"uv":[4.96,0.96,7.04,3.04],"texture":"#texture","cullface":"south"},"west":{"uv":[4.96,0.96,7.04,3.04],"texture":"#texture","cullface":"south"},"east":{"uv":[4.96,0.96,7.04,3.04],"texture":"#texture","cullface":"south"}}},{"from":[4.625,0.375,25.25],"to":[11.625,3.875,25.75],"faces":{"down":{"uv":[4.96,0.96,7.04,3.04],"texture":"#texture","cullface":"south"},"up":{"uv":[4.96,0.96,7.04,3.04],"texture":"#texture","cullface":"south"},"south":{"uv":[4.96,0.96,7.04,3.04],"texture":"#texture","cullface":"south"},"west":{"uv":[4.96,0.96,7.04,3.04],"texture":"#texture","cullface":"south"},"east":{"uv":[4.96,0.96,7.04,3.04],"texture":"#texture","cullface":"south"}}},{"from":[4.625,0.875,18.25],"to":[11.625,8.375,18.75],"faces":{"down":{"uv":[4.96,0.96,7.04,3.04],"texture":"#texture"},"up":{"uv":[4.96,0.96,7.04,3.04],"texture":"#texture"},"north":{"uv":[4.96,0.96,7.04,3.04],"texture":"#texture"},"west":{"uv":[4.96,0.96,7.04,3.04],"texture":"#texture"},"east":{"uv":[4.96,0.96,7.04,3.04],"texture":"#texture"}}},{"from":[4.625,2.375,17.75],"to":[11.625,8.375,18.25],"faces":{"down":{"uv":[4.96,0.96,7.04,3.04],"texture":"#texture"},"up":{"uv":[4.96,0.96,7.04,3.04],"texture":"#texture"},"north":{"uv":[4.96,0.96,7.04,3.04],"texture":"#texture"},"west":{"uv":[4.96,0.96,7.04,3.04],"texture":"#texture"},"east":{"uv":[4.96,0.96,7.04,3.04],"texture":"#texture"}}},{"from":[4.625,3.875,17.25],"to":[11.625,12.875,17.75],"faces":{"down":{"uv":[4.96,0.96,7.04,3.04],"texture":"#texture"},"north":{"uv":[4.96,0.96,7.04,3.04],"texture":"#texture"},"south":{"uv":[4.96,0.96,7.04,3.04],"texture":"#texture"},"west":{"uv":[4.96,0.96,7.04,3.04],"texture":"#texture"},"east":{"uv":[4.96,0.96,7.04,3.04],"texture":"#texture"}}},{"from":[4.625,5.875,16.75],"to":[11.625,12.875,17.25],"faces":{"down":{"uv":[4.96,0.96,7.04,3.04],"texture":"#texture"},"north":{"uv":[4.96,0.96,7.04,3.04],"texture":"#texture"},"west":{"uv":[4.96,0.96,7.04,3.04],"texture":"#texture"},"east":{"uv":[4.96,0.96,7.04,3.04],"texture":"#texture"}}},{"from":[4.625,8.375,22.75],"to":[11.625,12.875,23.75],"faces":{"north":{"uv":[4.96,0.96,7.04,3.04],"texture":"#texture","cullface":"south"},"south":{"uv":[4.96,0.96,7.04,3.04],"texture":"#texture","cullface":"south"},"west":{"uv":[4.96,0.96,7.04,3.04],"texture":"#texture","cullface":"south"},"east":{"uv":[4.96,0.96,7.04,3.04],"texture":"#texture","cullface":"south"}}},{"from":[4.625,8.375,23.75],"to":[11.625,10.375,24.25],"faces":{"up":{"uv":[4.96,0.96,7.04,3.04],"texture":"#texture","cullface":"south"},"south":{"uv":[4.96,0.96,7.04,3.04],"texture":"#texture","cullface":"south"},"west":{"uv":[4.96,0.96,7.04,3.04],"texture":"#texture","cullface":"south"},"east":{"uv":[4.96,0.96,7.04,3.04],"texture":"#texture","cullface":"south"}}},{"from":[4.625,8.875,18.25],"to":[11.625,9.875,22.25],"faces":{"down":{"uv":[4.96,0.96,7.04,3.04],"texture":"#texture","cullface":"south"},"up":{"uv":[4.96,0.96,7.04,3.04],"texture":"#texture","cullface":"south"},"north":{"uv":[4.96,0.96,7.04,3.04],"texture":"#texture","cullface":"south"},"south":{"uv":[4.96,0.96,7.04,3.04],"texture":"#texture","cullface":"south"},"west":{"uv":[4.96,0.96,7.04,3.04],"texture":"#texture","cullface":"south"},"east":{"uv":[4.96,0.96,7.04,3.04],"texture":"#texture","cullface":"south"}}},{"from":[4.625,10.375,16.25],"to":[11.625,12.875,16.75],"faces":{"down":{"uv":[4.96,0.96,7.04,3.04],"texture":"#texture"},"north":{"uv":[4.96,0.96,7.04,3.04],"texture":"#texture"},"west":{"uv":[4.96,0.96,7.04,3.04],"texture":"#texture"},"east":{"uv":[4.96,0.96,7.04,3.04],"texture":"#texture"}}},{"from":[4.625,10.875,15.75],"to":[11.625,12.875,16.25],"faces":{"down":{"uv":[4.96,0.96,7.04,3.04],"texture":"#texture"},"north":{"uv":[4.96,0.96,7.04,3.04],"texture":"#texture"},"west":{"uv":[4.96,0.96,7.04,3.04],"texture":"#texture"},"east":{"uv":[4.96,0.96,7.04,3.04],"texture":"#texture"}}},{"from":[4.625,11.375,23.75],"to":[11.625,12.875,24.25],"faces":{"down":{"uv":[4.96,0.96,7.04,3.04],"texture":"#texture","cullface":"south"},"south":{"uv":[4.96,0.96,7.04,3.04],"texture":"#texture","cullface":"south"},"west":{"uv":[4.96,0.96,7.04,3.04],"texture":"#texture","cullface":"south"},"east":{"uv":[4.96,0.96,7.04,3.04],"texture":"#texture","cullface":"south"}}},{"from":[4.625,11.875,14.75],"to":[11.625,12.875,15.75],"faces":{"down":{"uv":[4.96,0.96,7.04,3.04],"texture":"#texture"},"north":{"uv":[4.96,0.96,7.04,3.04],"texture":"#texture"},"west":{"uv":[4.96,0.96,7.04,3.04],"texture":"#texture"},"east":{"uv":[4.96,0.96,7.04,3.04],"texture":"#texture"}}},{"from":[4.625,11.875,17.75],"to":[11.625,12.875,22.75],"faces":{"down":{"uv":[4.96,0.96,7.04,3.04],"texture":"#texture","cullface":"south"},"west":{"uv":[4.96,0.96,7.04,3.04],"texture":"#texture","cullface":"south"},"east":{"uv":[4.96,0.96,7.04,3.04],"texture":"#texture","cullface":"south"}}},{"from":[4.625,11.875,24.25],"to":[11.625,12.875,24.75],"faces":{"down":{"uv":[4.96,0.96,7.04,3.04],"texture":"#texture","cullface":"south"},"south":{"uv":[4.96,0.96,7.04,3.04],"texture":"#texture","cullface":"south"},"west":{"uv":[4.96,0.96,7.04,3.04],"texture":"#texture","cullface":"south"},"east":{"uv":[4.96,0.96,7.04,3.04],"texture":"#texture","cullface":"south"}}},{"from":[4.625,12.375,13.25],"to":[12.125,12.875,13.75],"faces":{"down":{"uv":[4.96,0.96,7.04,3.04],"texture":"#texture"},"north":{"uv":[4.96,0.96,7.04,3.04],"texture":"#texture"},"south":{"uv":[4.96,0.96,7.04,3.04],"texture":"#texture"},"west":{"uv":[4.96,0.96,7.04,3.04],"texture":"#texture"},"east":{"uv":[4.96,0.96,7.04,3.04],"texture":"#texture"}}},{"from":[4.625,12.375,13.75],"to":[11.625,12.875,14.75],"faces":{"down":{"uv":[4.96,0.96,7.04,3.04],"texture":"#texture"},"west":{"uv":[4.96,0.96,7.04,3.04],"texture":"#texture"},"east":{"uv":[4.96,0.96,7.04,3.04],"texture":"#texture"}}},{"from":[4.625,13.875,8.75],"to":[5.125,15.375,9.25],"faces":{"south":{"uv":[12.96,0.96,15.04,3.04],"texture":"#texture"},"west":{"uv":[12.96,0.96,15.04,3.04],"texture":"#texture"}}},{"from":[4.625,13.875,9.25],"to":[5.125,14.375,11.75],"faces":{"up":{"uv":[12.96,0.96,15.04,3.04],"texture":"#texture"},"west":{"uv":[12.96,0.96,15.04,3.04],"texture":"#texture"},"east":{"uv":[12.96,0.96,15.04,3.04],"texture":"#texture"}}},{"from":[4.625,14.375,-6.25],"to":[11.625,15.875,2.25],"faces":{"down":{"uv":[4.96,4.96,7.04,7.04],"texture":"#texture"},"up":{"uv":[4.96,4.96,7.04,7.04],"texture":"#texture"},"north":{"uv":[4.96,4.96,7.04,7.04],"texture":"#texture"},"south":{"uv":[4.96,4.96,7.04,7.04],"texture":"#texture"},"west":{"uv":[4.96,4.96,7.04,7.04],"texture":"#texture"},"east":{"uv":[4.96,4.96,7.04,7.04],"texture":"#texture"}}},{"from":[4.625,14.375,2.25],"to":[5.125,15.875,2.75],"faces":{"down":{"uv":[4.96,4.96,7.04,7.04],"texture":"#texture"},"up":{"uv":[4.96,4.96,7.04,7.04],"texture":"#texture"},"west":{"uv":[4.96,4.96,7.04,7.04],"texture":"#texture"}}},{"from":[4.625,14.375,9.75],"to":[5.125,15.375,10.75],"faces":{"north":{"uv":[12.96,0.96,15.04,3.04],"texture":"#texture"},"south":{"uv":[12.96,0.96,15.04,3.04],"texture":"#texture"},"west":{"uv":[12.96,0.96,15.04,3.04],"texture":"#texture"}}},{"from":[4.625,14.375,11.25],"to":[5.125,15.375,11.75],"faces":{"north":{"uv":[12.96,0.96,15.04,3.04],"texture":"#texture"},"west":{"uv":[12.96,0.96,15.04,3.04],"texture":"#texture"}}},{"from":[4.625,14.875,9.25],"to":[5.125,15.375,9.75],"faces":{"west":{"uv":[12.96,0.96,15.04,3.04],"texture":"#texture"}}},{"from":[4.625,14.875,10.75],"to":[5.125,15.375,11.25],"faces":{"west":{"uv":[12.96,0.96,15.04,3.04],"texture":"#texture"}}},{"from":[4.625,16.375,-6.25],"to":[11.625,16.875,24.75],"faces":{"down":{"uv":[4.96,0.96,7.04,3.04],"texture":"#texture","cullface":"south"},"up":{"uv":[4.96,0.96,7.04,3.04],"texture":"#texture","cullface":"south"},"north":{"uv":[4.96,0.96,7.04,3.04],"texture":"#texture","cullface":"south"},"south":{"uv":[4.96,0.96,7.04,3.04],"texture":"#texture","cullface":"south"},"west":{"uv":[4.96,0.96,7.04,3.04],"texture":"#texture","cullface":"south"},"east":{"uv":[4.96,0.96,7.04,3.04],"texture":"#texture","cullface":"south"}}},{"from":[4.625,16.875,18.25],"to":[11.625,19.875,18.75],"faces":{"up":{"uv":[4.96,4.96,7.04,7.04],"texture":"#texture"},"north":{"uv":[4.96,4.96,7.04,7.04],"texture":"#texture"},"west":{"uv":[4.96,4.96,7.04,7.04],"texture":"#texture"},"east":{"uv":[4.96,4.96,7.04,7.04],"texture":"#texture"}}},{"from":[4.625,16.875,19.25],"to":[11.625,19.875,19.75],"faces":{"up":{"uv":[4.96,4.96,7.04,7.04],"texture":"#texture"},"west":{"uv":[4.96,4.96,7.04,7.04],"texture":"#texture"},"east":{"uv":[4.96,4.96,7.04,7.04],"texture":"#texture"}}},{"from":[4.625,16.875,20.25],"to":[11.625,19.875,20.75],"faces":{"up":{"uv":[4.96,4.96,7.04,7.04],"texture":"#texture","cullface":"south"},"west":{"uv":[4.96,4.96,7.04,7.04],"texture":"#texture","cullface":"south"},"east":{"uv":[4.96,4.96,7.04,7.04],"texture":"#texture","cullface":"south"}}},{"from":[4.625,16.875,22.25],"to":[11.625,19.875,22.75],"faces":{"up":{"uv":[4.96,4.96,7.04,7.04],"texture":"#texture","cullface":"south"},"west":{"uv":[4.96,4.96,7.04,7.04],"texture":"#texture","cullface":"south"},"east":{"uv":[4.96,4.96,7.04,7.04],"texture":"#texture","cullface":"south"}}},{"from":[4.625,16.875,23.25],"to":[11.625,19.875,23.75],"faces":{"up":{"uv":[4.96,4.96,7.04,7.04],"texture":"#texture","cullface":"south"},"west":{"uv":[4.96,4.96,7.04,7.04],"texture":"#texture","cullface":"south"},"east":{"uv":[4.96,4.96,7.04,7.04],"texture":"#texture","cullface":"south"}}},{"from":[4.625,16.875,24.25],"to":[11.625,19.875,24.75],"faces":{"up":{"uv":[4.96,4.96,7.04,7.04],"texture":"#texture","cullface":"south"},"west":{"uv":[4.96,4.96,7.04,7.04],"texture":"#texture","cullface":"south"},"east":{"uv":[4.96,4.96,7.04,7.04],"texture":"#texture","cullface":"south"}}},{"from":[4.625,18.875,9.25],"to":[5.125,19.375,13.75],"faces":{"up":{"uv":[12.96,4.96,15.04,7.04],"texture":"#texture"},"east":{"uv":[12.96,4.96,15.04,7.04],"texture":"#texture"}}},{"from":[4.625,18.875,13.75],"to":[10.625,19.375,15.75],"faces":{"down":{"uv":[4.96,4.96,7.04,7.04],"texture":"#texture"},"up":{"uv":[4.96,4.96,7.04,7.04],"texture":"#texture"},"north":{"uv":[4.96,4.96,7.04,7.04],"texture":"#texture"},"south":{"uv":[4.96,4.96,7.04,7.04],"texture":"#texture"},"east":{"uv":[4.96,4.96,7.04,7.04],"texture":"#texture"}}},{"from":[4.625,18.875,15.75],"to":[10.125,19.875,18.25],"faces":{"up":{"uv":[4.96,4.96,7.04,7.04],"texture":"#texture"},"north":{"uv":[4.96,4.96,7.04,7.04],"texture":"#texture"},"east":{"uv":[4.96,4.96,7.04,7.04],"texture":"#texture"}}},{"from":[4.625,19.375,13.75],"to":[6.625,19.875,15.75],"faces":{"north":{"uv":[4.96,4.96,7.04,7.04],"texture":"#texture"},"east":{"uv":[4.96,4.96,7.04,7.04],"texture":"#texture"}}},{"from":[4.625,19.875,-6.25],"to":[11.625,20.375,9.25],"faces":{"down":{"uv":[4.96,0.96,7.04,3.04],"texture":"#texture"},"up":{"uv":[4.96,0.96,7.04,3.04],"texture":"#texture"},"north":{"uv":[4.96,0.96,7.04,3.04],"texture":"#texture"},"south":{"uv":[4.96,0.96,7.04,3.04],"texture":"#texture"},"west":{"uv":[4.96,0.96,7.04,3.04],"texture":"#texture"},"east":{"uv":[4.96,0.96,7.04,3.04],"texture":"#texture"}}},{"from":[4.625,19.875,13.75],"to":[6.625,20.375,25.25],"faces":{"down":{"uv":[4.96,0.96,7.04,3.04],"texture":"#texture","cullface":"south"},"up":{"uv":[4.96,0.96,7.04,3.04],"texture":"#texture","cullface":"south"},"north":{"uv":[4.96,0.96,7.04,3.04],"texture":"#texture","cullface":"south"},"south":{"uv":[4.96,0.96,7.04,3.04],"texture":"#texture","cullface":"south"},"west":{"uv":[4.96,0.96,7.04,3.04],"texture":"#texture","cullface":"south"},"east":{"uv":[4.96,0.96,7.04,3.04],"texture":"#texture","cullface":"south"}}},{"from":[4.5,-13.125,24.875],"to":[11.7,-12.525,25.475],"rotation":{"origin":[4.5,-13.125,24.875],"axis":"x","angle":-22.5},"faces":{"down":{"uv":[8.96,0.96,11.04,3.04],"texture":"#texture","cullface":"south"},"up":{"uv":[8.96,0.96,11.04,3.04],"texture":"#texture","cullface":"south"},"north":{"uv":[8.96,0.96,11.04,3.04],"texture":"#texture","cullface":"south"},"south":{"uv":[8.96,0.96,11.04,3.04],"texture":"#texture","cullface":"south"},"west":{"uv":[8.96,0.96,11.04,3.04],"texture":"#texture","cullface":"south"},"east":{"uv":[8.96,0.96,11.04,3.04],"texture":"#texture","cullface":"south"}}},{"from":[4.5,-13.125,25.475],"to":[5.1,-12.525,31.475],"rotation":{"origin":[4.5,-13.125,24.875],"axis":"x","angle":-22.5},"faces":{"down":{"uv":[8.96,0.96,11.04,3.04],"texture":"#texture","cullface":"south"},"up":{"uv":[8.96,0.96,11.04,3.04],"texture":"#texture","cullface":"south"},"south":{"uv":[8.96,0.96,11.04,3.04],"texture":"#texture","cullface":"south"},"west":{"uv":[8.96,0.96,11.04,3.04],"texture":"#texture","cullface":"south"},"east":{"uv":[8.96,0.96,11.04,3.04],"texture":"#texture","cullface":"south"}}},{"from":[5.125,-0.125,19.75],"to":[11.125,0.375,25.25],"faces":{"down":{"uv":[12.96,0.96,15.04,3.04],"texture":"#texture","cullface":"south"},"up":{"uv":[12.96,0.96,15.04,3.04],"texture":"#texture","cullface":"south"},"north":{"uv":[12.96,0.96,15.04,3.04],"texture":"#texture","cullface":"south"},"south":{"uv":[12.96,0.96,15.04,3.04],"texture":"#texture","cullface":"south"},"west":{"uv":[12.96,0.96,15.04,3.04],"texture":"#texture","cullface":"south"},"east":{"uv":[12.96,0.96,15.04,3.04],"texture":"#texture","cullface":"south"}}},{"from":[5.125,8.375,17.75],"to":[5.625,11.875,18.25],"faces":{"south":{"uv":[4.96,4.96,7.04,7.04],"texture":"#texture"},"west":{"uv":[4.96,4.96,7.04,7.04],"texture":"#texture"}}},{"from":[5.125,8.375,18.25],"to":[5.625,8.875,22.75],"faces":{"down":{"uv":[4.96,4.96,7.04,7.04],"texture":"#texture","cullface":"south"},"up":{"uv":[4.96,4.96,7.04,7.04],"texture":"#texture","cullface":"south"},"west":{"uv":[4.96,4.96,7.04,7.04],"texture":"#texture","cullface":"south"}}},{"from":[5.125,8.875,22.25],"to":[5.625,11.875,22.75],"faces":{"north":{"uv":[4.96,4.96,7.04,7.04],"texture":"#texture","cullface":"south"},"west":{"uv":[4.96,4.96,7.04,7.04],"texture":"#texture","cullface":"south"}}},{"from":[5.125,9.875,18.25],"to":[5.625,11.875,22.25],"faces":{"west":{"uv":[4.96,4.96,7.04,7.04],"texture":"#texture","cullface":"south"}}},{"from":[6,12.25,-4],"to":[10.5,16.75,3],"faces":{"down":{"uv":[4.96,4.96,7.04,7.04],"texture":"#texture"},"up":{"uv":[4.96,4.96,7.04,7.04],"texture":"#texture"},"north":{"uv":[4.96,4.96,7.04,7.04],"texture":"#texture"},"west":{"uv":[4.96,4.96,7.04,7.04],"texture":"#texture"}}},{"from":[5.125,13.875,8.75],"to":[11.125,15.375,9.25],"faces":{"south":{"uv":[4.96,0.96,7.04,3.04],"texture":"#texture"},"east":{"uv":[4.96,0.96,7.04,3.04],"texture":"#texture"}}},{"from":[5.125,13.875,9.25],"to":[11.625,14.375,11.25],"faces":{"down":{"uv":[4.96,0.96,7.04,3.04],"texture":"#texture"},"up":{"uv":[4.96,0.96,7.04,3.04],"texture":"#texture"},"north":{"uv":[4.96,0.96,7.04,3.04],"texture":"#texture"},"south":{"uv":[4.96,0.96,7.04,3.04],"texture":"#texture"},"east":{"uv":[4.96,0.96,7.04,3.04],"texture":"#texture"}}},{"from":[5.125,13.875,11.25],"to":[11.125,15.375,11.75],"faces":{"north":{"uv":[4.96,0.96,7.04,3.04],"texture":"#texture"},"west":{"uv":[4.96,0.96,7.04,3.04],"texture":"#texture"},"east":{"uv":[4.96,0.96,7.04,3.04],"texture":"#texture"}}},{"from":[5.125,14.375,2.25],"to":[11.125,15.875,2.75],"faces":{"down":{"uv":[4.96,0.96,7.04,3.04],"texture":"#texture"},"up":{"uv":[4.96,0.96,7.04,3.04],"texture":"#texture"}}},{"from":[5.125,14.375,9.75],"to":[11.125,15.375,10.75],"faces":{"north":{"uv":[4.96,0.96,7.04,3.04],"texture":"#texture"},"south":{"uv":[4.96,0.96,7.04,3.04],"texture":"#texture"},"east":{"uv":[4.96,0.96,7.04,3.04],"texture":"#texture"}}},{"from":[5.125,14.875,9.25],"to":[12.125,15.375,9.75],"faces":{"down":{"uv":[4.96,0.96,7.04,3.04],"texture":"#texture"},"north":{"uv":[4.96,0.96,7.04,3.04],"texture":"#texture"},"south":{"uv":[4.96,0.96,7.04,3.04],"texture":"#texture"},"east":{"uv":[4.96,0.96,7.04,3.04],"texture":"#texture"}}},{"from":[5.125,14.875,10.75],"to":[12.125,15.375,11.25],"faces":{"down":{"uv":[4.96,0.96,7.04,3.04],"texture":"#texture"},"north":{"uv":[4.96,0.96,7.04,3.04],"texture":"#texture"},"south":{"uv":[4.96,0.96,7.04,3.04],"texture":"#texture"},"east":{"uv":[4.96,0.96,7.04,3.04],"texture":"#texture"}}},{"from":[5.125,15.875,-6.25],"to":[5.625,16.375,24.25],"faces":{"down":{"uv":[12.96,0.96,15.04,3.04],"texture":"#texture","cullface":"south"},"north":{"uv":[12.96,0.96,15.04,3.04],"texture":"#texture","cullface":"south"},"south":{"uv":[12.96,0.96,15.04,3.04],"texture":"#texture","cullface":"south"},"west":{"uv":[12.96,0.96,15.04,3.04],"texture":"#texture","cullface":"south"},"east":{"uv":[12.96,0.96,15.04,3.04],"texture":"#texture","cullface":"south"}}},{"from":[5.125,18.875,9.25],"to":[10.625,19.375,13.25],"faces":{"down":{"uv":[4.96,4.96,7.04,7.04],"texture":"#texture"},"north":{"uv":[4.96,4.96,7.04,7.04],"texture":"#texture"},"south":{"uv":[4.96,4.96,7.04,7.04],"texture":"#texture"}}},{"from":[5.125,19.375,9.25],"to":[11.125,19.875,13.75],"faces":{"down":{"uv":[8.96,0.96,11.04,3.04],"texture":"#texture"},"up":{"uv":[8.96,0.96,11.04,3.04],"texture":"#texture"},"north":{"uv":[8.96,0.96,11.04,3.04],"texture":"#texture"},"south":{"uv":[8.96,0.96,11.04,3.04],"texture":"#texture"},"west":{"uv":[8.96,0.96,11.04,3.04],"texture":"#texture"},"east":{"uv":[8.96,0.96,11.04,3.04],"texture":"#texture"}}},{"from":[5.125,20.375,22.25],"to":[7.625,20.875,23.75],"faces":{"up":{"uv":[4.96,0.96,7.04,3.04],"texture":"#texture","cullface":"south"},"north":{"uv":[4.96,0.96,7.04,3.04],"texture":"#texture","cullface":"south"},"south":{"uv":[4.96,0.96,7.04,3.04],"texture":"#texture","cullface":"south"},"west":{"uv":[4.96,0.96,7.04,3.04],"texture":"#texture","cullface":"south"},"east":{"uv":[4.96,0.96,7.04,3.04],"texture":"#texture","cullface":"south"}}},{"from":[6.25,20.875,22.25],"to":[7.25,21.375,23.75],"faces":{"up":{"uv":[4.96,0.96,7.04,3.04],"texture":"#texture","cullface":"south"},"north":{"uv":[4.96,0.96,7.04,3.04],"texture":"#texture","cullface":"south"},"south":{"uv":[4.96,0.96,7.04,3.04],"texture":"#texture","cullface":"south"},"west":{"uv":[4.96,0.96,7.04,3.04],"texture":"#texture","cullface":"south"},"east":{"uv":[4.96,0.96,7.04,3.04],"texture":"#texture","cullface":"south"}}},{"from":[5.7,-13.125,25.475],"to":[10.5,1.275002,30.275],"rotation":{"origin":[4.5,-13.125,24.875],"axis":"x","angle":-22.5},"faces":{"down":{"uv":[0.96,4.96,3.04,7.04],"texture":"#texture","cullface":"south"},"north":{"uv":[0.96,4.96,3.04,7.04],"texture":"#texture","cullface":"south"},"south":{"uv":[0.96,4.96,3.04,7.04],"texture":"#texture","cullface":"south"},"west":{"uv":[0.96,4.96,3.04,7.04],"texture":"#texture","cullface":"south"},"east":{"uv":[0.96,4.96,3.04,7.04],"texture":"#texture","cullface":"south"}}},{"from":[5.1,-13.125,30.875],"to":[11.7,-12.525,31.475],"rotation":{"origin":[4.5,-13.125,24.875],"axis":"x","angle":-22.5},"faces":{"down":{"uv":[8.96,0.96,11.04,3.04],"texture":"#texture","cullface":"south"},"up":{"uv":[8.96,0.96,11.04,3.04],"texture":"#texture","cullface":"south"},"north":{"uv":[8.96,0.96,11.04,3.04],"texture":"#texture","cullface":"south"},"south":{"uv":[8.96,0.96,11.04,3.04],"texture":"#texture","cullface":"south"},"east":{"uv":[8.96,0.96,11.04,3.04],"texture":"#texture","cullface":"south"}}},{"from":[5.625,8.375,17.75],"to":[10.625,11.875,18.25],"faces":{"south":{"uv":[4.96,0.96,7.04,3.04],"texture":"#texture"}}},{"from":[5.625,8.375,18.25],"to":[10.625,8.875,22.75],"faces":{"down":{"uv":[4.96,0.96,7.04,3.04],"texture":"#texture","cullface":"south"},"up":{"uv":[4.96,0.96,7.04,3.04],"texture":"#texture","cullface":"south"}}},{"from":[5.625,8.875,22.25],"to":[10.625,11.875,22.75],"faces":{"north":{"uv":[4.96,0.96,7.04,3.04],"texture":"#texture","cullface":"south"}}},{"from":[5.5,7.75,-5.5],"to":[10.5,12.75,4],"faces":{"down":{"uv":[4.96,0.96,7.04,3.04],"texture":"#texture"},"up":{"uv":[4.96,0.96,7.04,3.04],"texture":"#texture"},"north":{"uv":[4.96,0.96,7.04,3.04],"texture":"#texture"},"south":{"uv":[4.96,0.96,7.04,3.04],"texture":"#texture"},"west":{"uv":[4.96,0.96,7.04,3.04],"texture":"#texture"},"east":{"uv":[4.96,0.96,7.04,3.04],"texture":"#texture"}}},{"from":[5.625,12.875,-6.25],"to":[10.625,14.375,2.75],"faces":{"down":{"uv":[4.96,0.96,7.04,3.04],"texture":"#texture"},"up":{"uv":[4.96,0.96,7.04,3.04],"texture":"#texture"}}},{"from":[5.625,15.875,-6.25],"to":[10.625,16.375,23.75],"faces":{"down":{"uv":[4.96,0.96,7.04,3.04],"texture":"#texture","cullface":"south"}}},{"from":[5.625,15.875,23.75],"to":[11.125,16.375,24.25],"faces":{"north":{"uv":[12.96,0.96,15.04,3.04],"texture":"#texture","cullface":"south"},"south":{"uv":[12.96,0.96,15.04,3.04],"texture":"#texture","cullface":"south"},"east":{"uv":[12.96,0.96,15.04,3.04],"texture":"#texture","cullface":"south"}}},{"from":[5.625,16.875,-6.75],"to":[7.125,20.375,-6.25],"faces":{"up":{"uv":[4.96,0.96,7.04,3.04],"texture":"#texture"},"north":{"uv":[4.96,0.96,7.04,3.04],"texture":"#texture"},"south":{"uv":[4.96,0.96,7.04,3.04],"texture":"#texture"},"west":{"uv":[4.96,0.96,7.04,3.04],"texture":"#texture"},"east":{"uv":[4.96,0.96,7.04,3.04],"texture":"#texture"}}},{"from":[6.125,5.875,16.25],"to":[10.125,9.375,16.75],"faces":{"down":{"uv":[4.96,0.96,7.04,3.04],"texture":"#texture"},"up":{"uv":[4.96,0.96,7.04,3.04],"texture":"#texture"},"north":{"uv":[4.96,0.96,7.04,3.04],"texture":"#texture"},"west":{"uv":[4.96,0.96,7.04,3.04],"texture":"#texture"},"east":{"uv":[4.96,0.96,7.04,3.04],"texture":"#texture"}}},{"from":[6.125,12.375,6.75],"to":[10.125,12.875,10.75],"faces":{"down":{"uv":[4.96,0.96,7.04,3.04],"texture":"#texture"},"up":{"uv":[4.96,0.96,7.04,3.04],"texture":"#texture"},"north":{"uv":[4.96,0.96,7.04,3.04],"texture":"#texture"},"south":{"uv":[4.96,0.96,7.04,3.04],"texture":"#texture"},"west":{"uv":[4.96,0.96,7.04,3.04],"texture":"#texture"},"east":{"uv":[4.96,0.96,7.04,3.04],"texture":"#texture"}}},{"from":[6.125,15.875,-7.25],"to":[10.125,16.875,-6.75],"faces":{"down":{"uv":[4.96,0.96,7.04,3.04],"texture":"#texture"},"up":{"uv":[4.96,0.96,7.04,3.04],"texture":"#texture"},"north":{"uv":[4.96,0.96,7.04,3.04],"texture":"#texture"},"west":{"uv":[4.96,0.96,7.04,3.04],"texture":"#texture"},"east":{"uv":[4.96,0.96,7.04,3.04],"texture":"#texture"}}},{"from":[6.125,16.875,-7.25],"to":[7.125,19.875,-6.75],"faces":{"up":{"uv":[4.96,0.96,7.04,3.04],"texture":"#texture"},"north":{"uv":[4.96,0.96,7.04,3.04],"texture":"#texture"},"west":{"uv":[4.96,0.96,7.04,3.04],"texture":"#texture"},"east":{"uv":[4.96,0.96,7.04,3.04],"texture":"#texture"}}},{"from":[6.625,6.375,15.75],"to":[9.625,8.875,16.25],"faces":{"down":{"uv":[4.96,0.96,7.04,3.04],"texture":"#texture"},"up":{"uv":[4.96,0.96,7.04,3.04],"texture":"#texture"},"north":{"uv":[4.96,0.96,7.04,3.04],"texture":"#texture"},"west":{"uv":[4.96,0.96,7.04,3.04],"texture":"#texture"},"east":{"uv":[4.96,0.96,7.04,3.04],"texture":"#texture"}}},{"from":[6.625,7.375,8.75],"to":[9.625,12.375,9.25],"faces":{"down":{"uv":[4.96,0.96,7.04,3.04],"texture":"#texture"},"north":{"uv":[4.96,0.96,7.04,3.04],"texture":"#texture"},"south":{"uv":[4.96,0.96,7.04,3.04],"texture":"#texture"},"west":{"uv":[4.96,0.96,7.04,3.04],"texture":"#texture"},"east":{"uv":[4.96,0.96,7.04,3.04],"texture":"#texture"}}},{"from":[6.625,7.375,9.25],"to":[9.625,8.375,15.75],"faces":{"down":{"uv":[4.96,0.96,7.04,3.04],"texture":"#texture"},"up":{"uv":[4.96,0.96,7.04,3.04],"texture":"#texture"},"west":{"uv":[4.96,0.96,7.04,3.04],"texture":"#texture"},"east":{"uv":[4.96,0.96,7.04,3.04],"texture":"#texture"}}},{"from":[6.625,7.875,8.25],"to":[9.625,12.375,8.75],"faces":{"down":{"uv":[4.96,0.96,7.04,3.04],"texture":"#texture"},"north":{"uv":[4.96,0.96,7.04,3.04],"texture":"#texture"},"west":{"uv":[4.96,0.96,7.04,3.04],"texture":"#texture"},"east":{"uv":[4.96,0.96,7.04,3.04],"texture":"#texture"}}},{"from":[6.625,10.375,15.25],"to":[9.625,11.875,15.75],"faces":{"down":{"uv":[4.96,0.96,7.04,3.04],"texture":"#texture"},"north":{"uv":[4.96,0.96,7.04,3.04],"texture":"#texture"},"south":{"uv":[4.96,0.96,7.04,3.04],"texture":"#texture"},"west":{"uv":[4.96,0.96,7.04,3.04],"texture":"#texture"},"east":{"uv":[4.96,0.96,7.04,3.04],"texture":"#texture"}}},{"from":[6.625,10.375,15.75],"to":[9.625,10.875,16.25],"faces":{"down":{"uv":[4.96,0.96,7.04,3.04],"texture":"#texture"},"west":{"uv":[4.96,0.96,7.04,3.04],"texture":"#texture"},"east":{"uv":[4.96,0.96,7.04,3.04],"texture":"#texture"}}},{"from":[6.625,11.875,7.75],"to":[9.625,12.375,8.25],"faces":{"down":{"uv":[4.96,0.96,7.04,3.04],"texture":"#texture"},"north":{"uv":[4.96,0.96,7.04,3.04],"texture":"#texture"},"west":{"uv":[4.96,0.96,7.04,3.04],"texture":"#texture"},"east":{"uv":[4.96,0.96,7.04,3.04],"texture":"#texture"}}},{"from":[6.625,11.875,9.25],"to":[9.625,12.375,9.75],"faces":{"down":{"uv":[4.96,0.96,7.04,3.04],"texture":"#texture"},"south":{"uv":[4.96,0.96,7.04,3.04],"texture":"#texture"},"west":{"uv":[4.96,0.96,7.04,3.04],"texture":"#texture"},"east":{"uv":[4.96,0.96,7.04,3.04],"texture":"#texture"}}},{"from":[6.625,16.375,-7.75],"to":[9.625,16.875,-7.25],"faces":{"down":{"uv":[4.96,0.96,7.04,3.04],"texture":"#texture"},"up":{"uv":[4.96,0.96,7.04,3.04],"texture":"#texture"},"north":{"uv":[4.96,0.96,7.04,3.04],"texture":"#texture"},"west":{"uv":[4.96,0.96,7.04,3.04],"texture":"#texture"},"east":{"uv":[4.96,0.96,7.04,3.04],"texture":"#texture"}}},{"from":[6.625,16.875,-7.75],"to":[7.125,19.375,-7.25],"faces":{"up":{"uv":[4.96,0.96,7.04,3.04],"texture":"#texture"},"north":{"uv":[4.96,0.96,7.04,3.04],"texture":"#texture"},"west":{"uv":[4.96,0.96,7.04,3.04],"texture":"#texture"},"east":{"uv":[4.96,0.96,7.04,3.04],"texture":"#texture"}}},{"from":[6.625,16.875,-6.25],"to":[7.125,18.875,0.75],"faces":{"east":{"uv":[4.96,0.96,7.04,3.04],"texture":"#texture"}}},{"from":[6.625,16.875,0.75],"to":[7.125,19.875,9.25],"faces":{"north":{"uv":[4.96,4.96,7.04,7.04],"texture":"#texture"},"south":{"uv":[4.96,4.96,7.04,7.04],"texture":"#texture"},"east":{"uv":[4.96,4.96,7.04,7.04],"texture":"#texture"}}},{"from":[6.625,18.875,-6.25],"to":[7.125,19.875,0.75],"faces":{"east":{"uv":[4.96,4.96,7.04,7.04],"texture":"#texture"}}},{"from":[6.625,19.375,13.75],"to":[9.625,19.875,14.75],"faces":{"up":{"uv":[8.96,0.96,11.04,3.04],"texture":"#texture"}}},{"from":[6.625,19.375,14.75],"to":[11.125,19.875,15.25],"faces":{"down":{"uv":[4.96,4.96,7.04,7.04],"texture":"#texture"},"up":{"uv":[4.96,4.96,7.04,7.04],"texture":"#texture"},"north":{"uv":[4.96,4.96,7.04,7.04],"texture":"#texture"},"south":{"uv":[4.96,4.96,7.04,7.04],"texture":"#texture"}}},{"from":[6.625,19.375,15.25],"to":[10.625,19.875,15.75],"faces":{"up":{"uv":[4.96,4.96,7.04,7.04],"texture":"#texture"},"south":{"uv":[4.96,4.96,7.04,7.04],"texture":"#texture"}}},{"from":[6.625,19.875,14.75],"to":[7.125,20.375,25.25],"faces":{"down":{"uv":[4.96,0.96,7.04,3.04],"texture":"#texture","cullface":"south"},"up":{"uv":[4.96,0.96,7.04,3.04],"texture":"#texture","cullface":"south"},"north":{"uv":[4.96,0.96,7.04,3.04],"texture":"#texture","cullface":"south"},"south":{"uv":[4.96,0.96,7.04,3.04],"texture":"#texture","cullface":"south"},"east":{"uv":[4.96,0.96,7.04,3.04],"texture":"#texture","cullface":"south"}}},{"from":[7.125,6.875,8.25],"to":[9.125,7.875,8.75],"faces":{"down":{"uv":[4.96,0.96,7.04,3.04],"texture":"#texture"},"north":{"uv":[4.96,0.96,7.04,3.04],"texture":"#texture"},"south":{"uv":[4.96,0.96,7.04,3.04],"texture":"#texture"},"west":{"uv":[4.96,0.96,7.04,3.04],"texture":"#texture"},"east":{"uv":[4.96,0.96,7.04,3.04],"texture":"#texture"}}},{"from":[7.125,6.875,8.75],"to":[9.125,7.375,15.75],"faces":{"down":{"uv":[4.96,0.96,7.04,3.04],"texture":"#texture"},"up":{"uv":[4.96,0.96,7.04,3.04],"texture":"#texture"},"west":{"uv":[4.96,0.96,7.04,3.04],"texture":"#texture"},"east":{"uv":[4.96,0.96,7.04,3.04],"texture":"#texture"}}},{"from":[7.125,7.375,7.75],"to":[9.125,11.875,8.25],"faces":{"down":{"uv":[4.96,0.96,7.04,3.04],"texture":"#texture"},"north":{"uv":[4.96,0.96,7.04,3.04],"texture":"#texture"},"south":{"uv":[4.96,0.96,7.04,3.04],"texture":"#texture"},"west":{"uv":[4.96,0.96,7.04,3.04],"texture":"#texture"},"east":{"uv":[4.96,0.96,7.04,3.04],"texture":"#texture"}}},{"from":[7.125,8.375,9.25],"to":[9.125,11.875,9.75],"faces":{"south":{"uv":[4.96,0.96,7.04,3.04],"texture":"#texture"},"west":{"uv":[4.96,0.96,7.04,3.04],"texture":"#texture"},"east":{"uv":[4.96,0.96,7.04,3.04],"texture":"#texture"}}},{"from":[7.125,8.375,9.75],"to":[9.125,8.875,15.75],"faces":{"up":{"uv":[4.96,0.96,7.04,3.04],"texture":"#texture"},"west":{"uv":[4.96,0.96,7.04,3.04],"texture":"#texture"},"east":{"uv":[4.96,0.96,7.04,3.04],"texture":"#texture"}}},{"from":[7.125,11.375,14.25],"to":[9.125,12.375,14.75],"faces":{"down":{"uv":[8.96,4.96,11.04,7.04],"texture":"#texture"},"north":{"uv":[8.96,4.96,11.04,7.04],"texture":"#texture"},"south":{"uv":[8.96,4.96,11.04,7.04],"texture":"#texture"},"west":{"uv":[8.96,4.96,11.04,7.04],"texture":"#texture"},"east":{"uv":[8.96,4.96,11.04,7.04],"texture":"#texture"}}},{"from":[7.125,11.375,14.75],"to":[9.125,11.875,15.25],"faces":{"down":{"uv":[8.96,4.96,11.04,7.04],"texture":"#texture"},"west":{"uv":[8.96,4.96,11.04,7.04],"texture":"#texture"},"east":{"uv":[8.96,4.96,11.04,7.04],"texture":"#texture"}}},{"from":[7.125,16.875,0.75],"to":[9.125,18.875,1.25],"faces":{"north":{"uv":[12.96,4.96,15.04,7.04],"texture":"#texture"}}},{"from":[7.125,16.875,1.25],"to":[12.125,19.875,9.25],"faces":{"down":{"uv":[4.96,4.96,7.04,7.04],"texture":"#texture"},"up":{"uv":[4.96,4.96,7.04,7.04],"texture":"#texture"},"north":{"uv":[4.96,4.96,7.04,7.04],"texture":"#texture"},"south":{"uv":[4.96,4.96,7.04,7.04],"texture":"#texture"},"east":{"uv":[4.96,4.96,7.04,7.04],"texture":"#texture"}}},{"from":[7.125,18.875,-7.75],"to":[9.625,19.375,0.75],"faces":{"down":{"uv":[4.96,0.96,7.04,3.04],"texture":"#texture"},"up":{"uv":[4.96,0.96,7.04,3.04],"texture":"#texture"},"north":{"uv":[4.96,0.96,7.04,3.04],"texture":"#texture"},"south":{"uv":[4.96,0.96,7.04,3.04],"texture":"#texture"},"west":{"uv":[4.96,0.96,7.04,3.04],"texture":"#texture"},"east":{"uv":[4.96,0.96,7.04,3.04],"texture":"#texture"}}},{"from":[7.125,19.375,-7.25],"to":[10.125,19.875,-6.25],"faces":{"down":{"uv":[4.96,0.96,7.04,3.04],"texture":"#texture"},"up":{"uv":[4.96,0.96,7.04,3.04],"texture":"#texture"},"north":{"uv":[4.96,0.96,7.04,3.04],"texture":"#texture"},"west":{"uv":[4.96,0.96,7.04,3.04],"texture":"#texture"},"east":{"uv":[4.96,0.96,7.04,3.04],"texture":"#texture"}}},{"from":[7.125,19.375,-6.25],"to":[12.125,19.875,1.25],"faces":{"down":{"uv":[4.96,4.96,7.04,7.04],"texture":"#texture"},"up":{"uv":[4.96,4.96,7.04,7.04],"texture":"#texture"},"north":{"uv":[4.96,4.96,7.04,7.04],"texture":"#texture"},"west":{"uv":[4.96,4.96,7.04,7.04],"texture":"#texture"},"east":{"uv":[4.96,4.96,7.04,7.04],"texture":"#texture"}}},{"from":[7.125,19.875,-6.75],"to":[10.625,20.375,-6.25],"faces":{"down":{"uv":[4.96,0.96,7.04,3.04],"texture":"#texture"},"up":{"uv":[4.96,0.96,7.04,3.04],"texture":"#texture"},"north":{"uv":[4.96,0.96,7.04,3.04],"texture":"#texture"},"east":{"uv":[4.96,0.96,7.04,3.04],"texture":"#texture"}}},{"from":[7.125,19.875,14.25],"to":[9.125,20.375,15.25],"faces":{"down":{"uv":[0.96,4.96,3.04,7.04],"texture":"#texture"},"up":{"uv":[0.96,4.96,3.04,7.04],"texture":"#texture"},"north":{"uv":[0.96,4.96,3.04,7.04],"texture":"#texture"},"west":{"uv":[0.96,4.96,3.04,7.04],"texture":"#texture"},"east":{"uv":[0.96,4.96,3.04,7.04],"texture":"#texture"}}},{"from":[7.125,19.875,15.25],"to":[11.625,20.375,25.25],"faces":{"down":{"uv":[4.96,0.96,7.04,3.04],"texture":"#texture","cullface":"south"},"up":{"uv":[4.96,0.96,7.04,3.04],"texture":"#texture","cullface":"south"},"north":{"uv":[4.96,0.96,7.04,3.04],"texture":"#texture","cullface":"south"},"south":{"uv":[4.96,0.96,7.04,3.04],"texture":"#texture","cullface":"south"},"east":{"uv":[4.96,0.96,7.04,3.04],"texture":"#texture","cullface":"south"}}},{"from":[7.125,20.375,-5.25],"to":[9.125,20.875,-4.75],"faces":{"up":{"uv":[4.96,0.96,7.04,3.04],"texture":"#texture"},"south":{"uv":[4.96,0.96,7.04,3.04],"texture":"#texture"},"west":{"uv":[4.96,0.96,7.04,3.04],"texture":"#texture"},"east":{"uv":[4.96,0.96,7.04,3.04],"texture":"#texture"}}},{"from":[7.625,9.375,13.25],"to":[8.625,10.875,14.25],"faces":{"down":{"uv":[8.96,4.96,11.04,7.04],"texture":"#texture"},"up":{"uv":[8.96,4.96,11.04,7.04],"texture":"#texture"},"north":{"uv":[8.96,4.96,11.04,7.04],"texture":"#texture"},"south":{"uv":[8.96,4.96,11.04,7.04],"texture":"#texture"},"west":{"uv":[8.96,4.96,11.04,7.04],"texture":"#texture"},"east":{"uv":[8.96,4.96,11.04,7.04],"texture":"#texture"}}},{"from":[7.625,10.375,14.25],"to":[8.625,11.375,14.75],"faces":{"down":{"uv":[8.96,4.96,11.04,7.04],"texture":"#texture"},"north":{"uv":[8.96,4.96,11.04,7.04],"texture":"#texture"},"south":{"uv":[8.96,4.96,11.04,7.04],"texture":"#texture"},"west":{"uv":[8.96,4.96,11.04,7.04],"texture":"#texture"},"east":{"uv":[8.96,4.96,11.04,7.04],"texture":"#texture"}}},{"from":[7.625,10.875,13.75],"to":[8.625,11.875,14.25],"faces":{"up":{"uv":[8.96,4.96,11.04,7.04],"texture":"#texture"},"north":{"uv":[8.96,4.96,11.04,7.04],"texture":"#texture"},"south":{"uv":[8.96,4.96,11.04,7.04],"texture":"#texture"},"west":{"uv":[8.96,4.96,11.04,7.04],"texture":"#texture"},"east":{"uv":[8.96,4.96,11.04,7.04],"texture":"#texture"}}},{"from":[7.625,10.875,14.75],"to":[8.625,11.375,15.25],"faces":{"down":{"uv":[8.96,4.96,11.04,7.04],"texture":"#texture"},"west":{"uv":[8.96,4.96,11.04,7.04],"texture":"#texture"},"east":{"uv":[8.96,4.96,11.04,7.04],"texture":"#texture"}}},{"from":[7.5,19.75,25.75],"to":[8.5,20.25,26.75],"faces":{"down":{"uv":[0.96,4.96,3.04,7.04],"texture":"#texture"},"up":{"uv":[0.96,4.96,3.04,7.04],"texture":"#texture"},"north":{"uv":[0.96,4.96,3.04,7.04],"texture":"#texture"},"west":{"uv":[0.96,4.96,3.04,7.04],"texture":"#texture"},"east":{"uv":[0.96,4.96,3.04,7.04],"texture":"#texture"}}},{"from":[7.75,20.375,-6.25],"to":[8.25,21.375,-5.25],"faces":{"up":{"uv":[4.96,0.96,7.04,3.04],"texture":"#texture"},"north":{"uv":[4.96,0.96,7.04,3.04],"texture":"#texture"},"south":{"uv":[4.96,0.96,7.04,3.04],"texture":"#texture"},"west":{"uv":[4.96,0.96,7.04,3.04],"texture":"#texture"},"east":{"uv":[4.96,0.96,7.04,3.04],"texture":"#texture"}}},{"from":[8.625,20.375,22.25],"to":[11.125,20.875,23.75],"faces":{"up":{"uv":[4.96,0.96,7.04,3.04],"texture":"#texture","cullface":"south"},"north":{"uv":[4.96,0.96,7.04,3.04],"texture":"#texture","cullface":"south"},"south":{"uv":[4.96,0.96,7.04,3.04],"texture":"#texture","cullface":"south"},"west":{"uv":[4.96,0.96,7.04,3.04],"texture":"#texture","cullface":"south"},"east":{"uv":[4.96,0.96,7.04,3.04],"texture":"#texture","cullface":"south"}}},{"from":[9.125,16.875,-7.75],"to":[9.625,18.875,0.75],"faces":{"down":{"uv":[4.96,0.96,7.04,3.04],"texture":"#texture"},"north":{"uv":[4.96,0.96,7.04,3.04],"texture":"#texture"},"west":{"uv":[4.96,0.96,7.04,3.04],"texture":"#texture"},"east":{"uv":[4.96,0.96,7.04,3.04],"texture":"#texture"}}},{"from":[9.125,16.875,0.75],"to":[12.125,19.375,1.25],"faces":{"down":{"uv":[4.96,4.96,7.04,7.04],"texture":"#texture"},"north":{"uv":[4.96,4.96,7.04,7.04],"texture":"#texture"},"west":{"uv":[4.96,4.96,7.04,7.04],"texture":"#texture"},"east":{"uv":[4.96,4.96,7.04,7.04],"texture":"#texture"}}},{"from":[9.125,19.875,14.75],"to":[11.625,20.375,15.25],"faces":{"down":{"uv":[4.96,0.96,7.04,3.04],"texture":"#texture"},"up":{"uv":[4.96,0.96,7.04,3.04],"texture":"#texture"},"north":{"uv":[4.96,0.96,7.04,3.04],"texture":"#texture"},"east":{"uv":[4.96,0.96,7.04,3.04],"texture":"#texture"}}},{"from":[8.75,20.875,22.25],"to":[9.75,21.375,23.75],"faces":{"up":{"uv":[4.96,0.96,7.04,3.04],"texture":"#texture","cullface":"south"},"north":{"uv":[4.96,0.96,7.04,3.04],"texture":"#texture","cullface":"south"},"south":{"uv":[4.96,0.96,7.04,3.04],"texture":"#texture","cullface":"south"},"west":{"uv":[4.96,0.96,7.04,3.04],"texture":"#texture","cullface":"south"},"east":{"uv":[4.96,0.96,7.04,3.04],"texture":"#texture","cullface":"south"}}},{"from":[9.625,16.875,-7.25],"to":[10.125,19.375,-6.25],"faces":{"down":{"uv":[4.96,0.96,7.04,3.04],"texture":"#texture"},"north":{"uv":[4.96,0.96,7.04,3.04],"texture":"#texture"},"west":{"uv":[4.96,0.96,7.04,3.04],"texture":"#texture"},"east":{"uv":[4.96,0.96,7.04,3.04],"texture":"#texture"}}},{"from":[9.625,16.875,-6.25],"to":[12.125,19.375,0.75],"faces":{"down":{"uv":[4.96,4.96,7.04,7.04],"texture":"#texture"},"north":{"uv":[4.96,4.96,7.04,7.04],"texture":"#texture"},"west":{"uv":[4.96,4.96,7.04,7.04],"texture":"#texture"},"east":{"uv":[4.96,4.96,7.04,7.04],"texture":"#texture"}}},{"from":[9.625,19.375,13.75],"to":[10.625,19.875,14.75],"faces":{"east":{"uv":[4.96,4.96,7.04,7.04],"texture":"#texture"}}},{"from":[9.625,19.875,13.75],"to":[10.625,20.375,14.75],"faces":{"up":{"uv":[4.96,0.96,7.04,3.04],"texture":"#texture"},"north":{"uv":[4.96,0.96,7.04,3.04],"texture":"#texture"},"west":{"uv":[4.96,0.96,7.04,3.04],"texture":"#texture"},"east":{"uv":[4.96,0.96,7.04,3.04],"texture":"#texture"}}},{"from":[10.125,16.875,-6.75],"to":[10.625,19.875,-6.25],"faces":{"north":{"uv":[4.96,0.96,7.04,3.04],"texture":"#texture"},"south":{"uv":[4.96,0.96,7.04,3.04],"texture":"#texture"},"west":{"uv":[4.96,0.96,7.04,3.04],"texture":"#texture"},"east":{"uv":[4.96,0.96,7.04,3.04],"texture":"#texture"}}},{"from":[10.125,17.875,9.25],"to":[11.125,18.875,13.75],"faces":{"up":{"uv":[8.96,0.96,11.04,3.04],"texture":"#texture"},"south":{"uv":[8.96,0.96,11.04,3.04],"texture":"#texture"},"east":{"uv":[8.96,0.96,11.04,3.04],"texture":"#texture"}}},{"from":[10.125,17.875,13.75],"to":[10.625,18.875,15.75],"faces":{"south":{"uv":[4.96,4.96,7.04,7.04],"texture":"#texture"},"east":{"uv":[4.96,4.96,7.04,7.04],"texture":"#texture"}}},{"from":[10.125,17.875,15.75],"to":[12.125,18.375,18.25],"faces":{"up":{"uv":[4.96,4.96,7.04,7.04],"texture":"#texture"},"north":{"uv":[4.96,4.96,7.04,7.04],"texture":"#texture"},"south":{"uv":[4.96,4.96,7.04,7.04],"texture":"#texture"},"east":{"uv":[4.96,4.96,7.04,7.04],"texture":"#texture"}}},{"from":[10.125,18.375,15.75],"to":[10.625,19.875,16.25],"faces":{"north":{"uv":[8.96,0.96,11.04,3.04],"texture":"#texture"},"west":{"uv":[8.96,0.96,11.04,3.04],"texture":"#texture"},"east":{"uv":[8.96,0.96,11.04,3.04],"texture":"#texture"}}},{"from":[10.125,18.375,16.25],"to":[12.125,19.875,18.25],"faces":{"up":{"uv":[4.96,4.96,7.04,7.04],"texture":"#texture"},"north":{"uv":[4.96,4.96,7.04,7.04],"texture":"#texture"},"south":{"uv":[4.96,4.96,7.04,7.04],"texture":"#texture"},"west":{"uv":[4.96,4.96,7.04,7.04],"texture":"#texture"},"east":{"uv":[4.96,4.96,7.04,7.04],"texture":"#texture"}}},{"from":[10.125,18.875,13.25],"to":[11.125,19.375,13.75],"faces":{"north":{"uv":[8.96,0.96,11.04,3.04],"texture":"#texture"},"south":{"uv":[8.96,0.96,11.04,3.04],"texture":"#texture"},"east":{"uv":[8.96,0.96,11.04,3.04],"texture":"#texture"}}},{"from":[11.1,-13.125,25.475],"to":[11.7,-12.525,30.875],"rotation":{"origin":[4.5,-13.125,24.875],"axis":"x","angle":-22.5},"faces":{"down":{"uv":[8.96,0.96,11.04,3.04],"texture":"#texture","cullface":"south"},"up":{"uv":[8.96,0.96,11.04,3.04],"texture":"#texture","cullface":"south"},"east":{"uv":[8.96,0.96,11.04,3.04],"texture":"#texture","cullface":"south"}}},{"from":[10.625,8.375,17.75],"to":[11.125,11.875,18.25],"faces":{"south":{"uv":[4.96,4.96,7.04,7.04],"texture":"#texture"},"east":{"uv":[4.96,4.96,7.04,7.04],"texture":"#texture"}}},{"from":[10.625,8.375,18.25],"to":[11.125,8.875,22.75],"faces":{"down":{"uv":[4.96,4.96,7.04,7.04],"texture":"#texture","cullface":"south"},"up":{"uv":[4.96,4.96,7.04,7.04],"texture":"#texture","cullface":"south"},"east":{"uv":[4.96,4.96,7.04,7.04],"texture":"#texture","cullface":"south"}}},{"from":[10.625,8.875,22.25],"to":[11.125,11.875,22.75],"faces":{"north":{"uv":[4.96,4.96,7.04,7.04],"texture":"#texture","cullface":"south"},"east":{"uv":[4.96,4.96,7.04,7.04],"texture":"#texture","cullface":"south"}}},{"from":[10.625,9.875,18.25],"to":[11.125,11.875,22.25],"faces":{"east":{"uv":[4.96,4.96,7.04,7.04],"texture":"#texture","cullface":"south"}}},{"from":[10.625,12.875,-6.25],"to":[11.125,14.375,2.75],"faces":{"down":{"uv":[4.96,4.96,7.04,7.04],"texture":"#texture"},"up":{"uv":[4.96,4.96,7.04,7.04],"texture":"#texture"},"north":{"uv":[4.96,4.96,7.04,7.04],"texture":"#texture"},"east":{"uv":[4.96,4.96,7.04,7.04],"texture":"#texture"}}},{"from":[10.625,15.875,-6.25],"to":[11.125,16.375,23.75],"faces":{"down":{"uv":[12.96,0.96,15.04,3.04],"texture":"#texture","cullface":"south"},"north":{"uv":[12.96,0.96,15.04,3.04],"texture":"#texture","cullface":"south"},"east":{"uv":[12.96,0.96,15.04,3.04],"texture":"#texture","cullface":"south"}}},{"from":[10.625,17.875,13.75],"to":[11.125,19.875,14.25],"faces":{"up":{"uv":[12.96,0.96,15.04,3.04],"texture":"#texture"},"north":{"uv":[12.96,0.96,15.04,3.04],"texture":"#texture"},"south":{"uv":[12.96,0.96,15.04,3.04],"texture":"#texture"},"west":{"uv":[12.96,0.96,15.04,3.04],"texture":"#texture"},"east":{"uv":[12.96,0.96,15.04,3.04],"texture":"#texture"}}},{"from":[10.625,17.875,14.25],"to":[12.125,18.375,15.75],"faces":{"up":{"uv":[4.96,4.96,7.04,7.04],"texture":"#texture"},"north":{"uv":[4.96,4.96,7.04,7.04],"texture":"#texture"},"east":{"uv":[4.96,4.96,7.04,7.04],"texture":"#texture"}}},{"from":[10.625,18.375,14.25],"to":[11.125,20.375,14.75],"faces":{"up":{"uv":[4.96,0.96,7.04,3.04],"texture":"#texture"},"north":{"uv":[4.96,0.96,7.04,3.04],"texture":"#texture"},"south":{"uv":[4.96,0.96,7.04,3.04],"texture":"#texture"},"west":{"uv":[4.96,0.96,7.04,3.04],"texture":"#texture"},"east":{"uv":[4.96,0.96,7.04,3.04],"texture":"#texture"}}},{"from":[10.625,18.375,14.75],"to":[11.125,19.375,15.75],"faces":{"up":{"uv":[4.96,0.96,7.04,3.04],"texture":"#texture"},"south":{"uv":[4.96,0.96,7.04,3.04],"texture":"#texture"},"west":{"uv":[4.96,0.96,7.04,3.04],"texture":"#texture"},"east":{"uv":[4.96,0.96,7.04,3.04],"texture":"#texture"}}},{"from":[10.625,18.875,9.25],"to":[11.125,19.375,13.25],"faces":{"east":{"uv":[8.96,0.96,11.04,3.04],"texture":"#texture"}}},{"from":[10.625,19.375,15.25],"to":[11.125,19.875,15.75],"faces":{"south":{"uv":[4.96,0.96,7.04,3.04],"texture":"#texture"},"east":{"uv":[4.96,0.96,7.04,3.04],"texture":"#texture"}}},{"from":[11.125,13.375,8.75],"to":[11.625,14.875,9.25],"faces":{"south":{"uv":[12.96,0.96,15.04,3.04],"texture":"#texture"},"west":{"uv":[12.96,0.96,15.04,3.04],"texture":"#texture"},"east":{"uv":[12.96,0.96,15.04,3.04],"texture":"#texture"}}},{"from":[11.125,13.375,9.25],"to":[11.625,13.875,11.75],"faces":{"up":{"uv":[12.96,0.96,15.04,3.04],"texture":"#texture"},"east":{"uv":[12.96,0.96,15.04,3.04],"texture":"#texture"}}},{"from":[11.125,13.375,11.75],"to":[12.125,13.875,25.75],"faces":{"down":{"uv":[4.96,0.96,7.04,3.04],"texture":"#texture","cullface":"south"},"up":{"uv":[4.96,0.96,7.04,3.04],"texture":"#texture","cullface":"south"},"north":{"uv":[4.96,0.96,7.04,3.04],"texture":"#texture","cullface":"south"},"south":{"uv":[4.96,0.96,7.04,3.04],"texture":"#texture","cullface":"south"},"east":{"uv":[4.96,0.96,7.04,3.04],"texture":"#texture","cullface":"south"}}},{"from":[11.125,13.875,11.25],"to":[11.625,14.875,11.75],"faces":{"north":{"uv":[12.96,0.96,15.04,3.04],"texture":"#texture"},"east":{"uv":[12.96,0.96,15.04,3.04],"texture":"#texture"}}},{"from":[11.125,14.375,2.25],"to":[11.625,15.875,2.75],"faces":{"down":{"uv":[4.96,4.96,7.04,7.04],"texture":"#texture"},"up":{"uv":[4.96,4.96,7.04,7.04],"texture":"#texture"},"east":{"uv":[4.96,4.96,7.04,7.04],"texture":"#texture"}}},{"from":[11.125,14.375,9.25],"to":[11.625,14.875,11.25],"faces":{"up":{"uv":[12.96,0.96,15.04,3.04],"texture":"#texture"},"west":{"uv":[12.96,0.96,15.04,3.04],"texture":"#texture"},"east":{"uv":[12.96,0.96,15.04,3.04],"texture":"#texture"}}},{"from":[11.125,14.875,8.75],"to":[12.125,15.375,9.25],"faces":{"down":{"uv":[4.96,0.96,7.04,3.04],"texture":"#texture"},"east":{"uv":[4.96,0.96,7.04,3.04],"texture":"#texture"}}},{"from":[11.125,14.875,9.75],"to":[12.125,15.375,10.75],"faces":{"down":{"uv":[4.96,0.96,7.04,3.04],"texture":"#texture"},"east":{"uv":[4.96,0.96,7.04,3.04],"texture":"#texture"}}},{"from":[11.125,14.875,11.25],"to":[12.125,15.375,11.75],"faces":{"down":{"uv":[4.96,0.96,7.04,3.04],"texture":"#texture"},"east":{"uv":[4.96,0.96,7.04,3.04],"texture":"#texture"}}},{"from":[11.125,17.875,13.75],"to":[12.125,18.375,14.25],"faces":{"up":{"uv":[4.96,4.96,7.04,7.04],"texture":"#texture"},"north":{"uv":[4.96,4.96,7.04,7.04],"texture":"#texture"},"east":{"uv":[4.96,4.96,7.04,7.04],"texture":"#texture"}}},{"from":[11.125,18.375,14.25],"to":[11.625,19.875,15.25],"faces":{"up":{"uv":[8.96,0.96,11.04,3.04],"texture":"#texture"},"north":{"uv":[8.96,0.96,11.04,3.04],"texture":"#texture"},"south":{"uv":[8.96,0.96,11.04,3.04],"texture":"#texture"},"west":{"uv":[8.96,0.96,11.04,3.04],"texture":"#texture"},"east":{"uv":[8.96,0.96,11.04,3.04],"texture":"#texture"}}},{"from":[11.125,19.875,14.25],"to":[11.625,20.375,14.75],"faces":{"up":{"uv":[4.96,0.96,7.04,3.04],"texture":"#texture"},"north":{"uv":[4.96,0.96,7.04,3.04],"texture":"#texture"},"east":{"uv":[4.96,0.96,7.04,3.04],"texture":"#texture"}}},{"from":[11.625,13.875,9.25],"to":[12.125,14.375,9.75],"faces":{"down":{"uv":[0.96,4.96,3.04,7.04],"texture":"#texture"},"up":{"uv":[0.96,4.96,3.04,7.04],"texture":"#texture"},"north":{"uv":[0.96,4.96,3.04,7.04],"texture":"#texture"},"east":{"uv":[0.96,4.96,3.04,7.04],"texture":"#texture"}}},{"from":[11.625,13.875,9.75],"to":[12.125,14.375,10.75],"faces":{"down":{"uv":[8.96,0.96,11.04,3.04],"texture":"#texture"},"up":{"uv":[8.96,0.96,11.04,3.04],"texture":"#texture"},"east":{"uv":[8.96,0.96,11.04,3.04],"texture":"#texture"}}},{"from":[11.625,13.875,10.75],"to":[12.125,14.375,11.25],"faces":{"down":{"uv":[0.96,4.96,3.04,7.04],"texture":"#texture"},"up":{"uv":[0.96,4.96,3.04,7.04],"texture":"#texture"},"south":{"uv":[0.96,4.96,3.04,7.04],"texture":"#texture"},"east":{"uv":[0.96,4.96,3.04,7.04],"texture":"#texture"}}},{"from":[11.625,15.875,17.75],"to":[12.625,16.375,19.75],"faces":{"down":{"uv":[0.96,4.96,3.04,7.04],"texture":"#texture"},"up":{"uv":[0.96,4.96,3.04,7.04],"texture":"#texture"},"north":{"uv":[0.96,4.96,3.04,7.04],"texture":"#texture"},"south":{"uv":[0.96,4.96,3.04,7.04],"texture":"#texture","cullface":"south"},"west":{"uv":[0.96,4.96,3.04,7.04],"texture":"#texture"},"east":{"uv":[0.96,4.96,3.04,7.04],"texture":"#texture"}}},{"from":[11.625,16.875,21.75],"to":[12.125,19.875,22.25],"faces":{"down":{"uv":[4.96,4.96,7.04,7.04],"texture":"#texture","cullface":"south"},"up":{"uv":[4.96,4.96,7.04,7.04],"texture":"#texture","cullface":"south"},"north":{"uv":[4.96,4.96,7.04,7.04],"texture":"#texture","cullface":"south"},"south":{"uv":[4.96,4.96,7.04,7.04],"texture":"#texture","cullface":"south"},"east":{"uv":[4.96,4.96,7.04,7.04],"texture":"#texture","cullface":"south"}}},{"from":[11.625,17.875,9.25],"to":[12.125,18.375,9.75],"faces":{"up":{"uv":[4.96,4.96,7.04,7.04],"texture":"#texture"},"south":{"uv":[4.96,4.96,7.04,7.04],"texture":"#texture"},"west":{"uv":[4.96,4.96,7.04,7.04],"texture":"#texture"},"east":{"uv":[4.96,4.96,7.04,7.04],"texture":"#texture"}}},{"from":[11.625,17.875,12.25],"to":[12.125,18.375,13.75],"faces":{"up":{"uv":[4.96,4.96,7.04,7.04],"texture":"#texture"},"north":{"uv":[4.96,4.96,7.04,7.04],"texture":"#texture"},"west":{"uv":[4.96,4.96,7.04,7.04],"texture":"#texture"},"east":{"uv":[4.96,4.96,7.04,7.04],"texture":"#texture"}}},{"from":[11.625,18.375,14.25],"to":[12.125,18.875,16.25],"faces":{"down":{"uv":[4.96,4.96,7.04,7.04],"texture":"#texture"},"up":{"uv":[4.96,4.96,7.04,7.04],"texture":"#texture"},"north":{"uv":[4.96,4.96,7.04,7.04],"texture":"#texture"},"west":{"uv":[4.96,4.96,7.04,7.04],"texture":"#texture"},"east":{"uv":[4.96,4.96,7.04,7.04],"texture":"#texture"}}},{"from":[12.125,14.375,17.75],"to":[12.625,15.875,19.75],"faces":{"north":{"uv":[0.96,4.96,3.04,7.04],"texture":"#texture"},"south":{"uv":[0.96,4.96,3.04,7.04],"texture":"#texture","cullface":"south"},"east":{"uv":[0.96,4.96,3.04,7.04],"texture":"#texture"}}},{"from":[6.5,8.75,-6.5],"to":[10,11.75,-5.5],"faces":{"up":{"uv":[4.96,0.96,7.04,3.04],"texture":"#texture"},"north":{"uv":[4.96,0.96,7.04,3.04],"texture":"#texture"},"south":{"uv":[4.96,0.96,7.04,3.04],"texture":"#texture"},"west":{"uv":[4.96,0.96,7.04,3.04],"texture":"#texture"},"east":{"uv":[4.96,0.96,7.04,3.04],"texture":"#texture"}}},{"from":[5.125,9.75,1.5],"to":[5.625,11.25,2.5],"faces":{"down":{"uv":[8.96,0.96,11.04,3.04],"texture":"#texture","cullface":"south"},"up":{"uv":[8.96,0.96,11.04,3.04],"texture":"#texture","cullface":"south"},"south":{"uv":[8.96,0.96,11.04,3.04],"texture":"#texture","cullface":"south"},"west":{"uv":[8.96,0.96,11.04,3.04],"texture":"#texture","cullface":"south"},"east":{"uv":[8.96,0.96,11.04,3.04],"texture":"#texture","cullface":"south"}}}],"display":{"thirdperson_righthand":{"rotation":[0,0,5],"translation":[-0.009,-0.961,-1.974],"scale":[0.15,0.23,0.23]},"thirdperson_lefthand":{"rotation":[0,0,5],"translation":[-0.009,-0.961,-1.974],"scale":[0.15,0.23,0.23]},"firstperson_righthand":{"translation":[-2.891,4.4103,2.6087],"scale":[0.12,0.18,0.18]},"firstperson_lefthand":{"translation":[-2.891,4.4103,2.6087],"scale":[0.12,0.18,0.18]},"gui":{"rotation":[90,52,-88],"translation":[-1.32,0.4944,0],"scale":[0.35,0.35,0.35]},"head":{"rotation":[-90,0,0],"translation":[7.4782,-36.22,0]},"ground":{"rotation":[3,42,-108],"translation":[0,2.951,-5],"scale":[0.1,0.2,0.2]},"fixed":{"rotation":[90,-45,90],"translation":[1.5624,1.2118,0],"scale":[0.2,0.2,0.2]}}}
