{"__comment":"designed_by_yom_with_cubik_studio_-_https://cubik.studio","textures":{"0":"custom/black2","1":"custom/gray","particle":"custom/black2"},"elements":[{"__comment":"element","from":[7.7929,7.81,-1.2],"to":[8.20712,8.31,4.3],"rotation":{"origin":[8,7.81,-0.7],"axis":"z","angle":45},"faces":{"south":{"uv":[0,8,7.999,15.999],"texture":"#1"}}},{"__comment":"element","from":[7.7929,7.31,-1.2],"to":[8.20712,8.31,-0.6999999],"rotation":{"origin":[8,7.81,-0.7],"axis":"z","angle":45},"faces":{"down":{"uv":[0,8,7.999,15.999],"texture":"#1"},"north":{"uv":[0,8,7.999,15.999],"texture":"#1"},"south":{"uv":[0,8,7.999,15.999],"texture":"#1"}}},{"__comment":"element","from":[7.7929,7.31,-0.2],"to":[8.20712,8.31,0.3],"rotation":{"origin":[8,7.81,0.3],"axis":"z","angle":45},"faces":{"down":{"uv":[0,8,7.999,15.999],"texture":"#1"},"north":{"uv":[0,8,7.999,15.999],"texture":"#1"},"south":{"uv":[0,8,7.999,15.999],"texture":"#1"}}},{"__comment":"element","from":[7.7929,7.31,0.8],"to":[8.20712,8.31,1.3],"rotation":{"origin":[8,7.81,1.3],"axis":"z","angle":45},"faces":{"down":{"uv":[0,8,7.999,15.999],"texture":"#1"},"north":{"uv":[0,8,7.999,15.999],"texture":"#1"},"south":{"uv":[0,8,7.999,15.999],"texture":"#1"}}},{"__comment":"element","from":[7.7929,7.31,1.8],"to":[8.20712,8.31,2.3],"rotation":{"origin":[8,7.81,2.3],"axis":"z","angle":45},"faces":{"down":{"uv":[0,8,7.999,15.999],"texture":"#1"},"north":{"uv":[0,8,7.999,15.999],"texture":"#1"},"south":{"uv":[0,8,7.999,15.999],"texture":"#1"}}},{"__comment":"element","from":[7.7929,7.31,2.8],"to":[8.20712,8.31,3.3],"rotation":{"origin":[8,7.81,3.3],"axis":"z","angle":45},"faces":{"down":{"uv":[0,8,7.999,15.999],"texture":"#1"},"north":{"uv":[0,8,7.999,15.999],"texture":"#1"},"south":{"uv":[0,8,7.999,15.999],"texture":"#1"}}},{"__comment":"element","from":[7.7929,7.31,-1.2],"to":[8.20712,8.31,-0.6999999],"faces":{"down":{"uv":[0,8,7.999,15.999],"texture":"#1"},"south":{"uv":[0,8,7.999,15.999],"texture":"#1"}}},{"__comment":"element","from":[7.7929,7.31,-0.2],"to":[8.20712,8.31,0.3],"faces":{"down":{"uv":[0,8,7.999,15.999],"texture":"#1"},"north":{"uv":[0,8,7.999,15.999],"texture":"#1"},"south":{"uv":[0,8,7.999,15.999],"texture":"#1"}}},{"__comment":"element","from":[7.7929,7.31,0.8],"to":[8.20712,8.31,1.3],"faces":{"down":{"uv":[0,8,7.999,15.999],"texture":"#1"},"north":{"uv":[0,8,7.999,15.999],"texture":"#1"},"south":{"uv":[0,8,7.999,15.999],"texture":"#1"}}},{"__comment":"element","from":[7.7929,7.31,1.8],"to":[8.20712,8.31,2.3],"faces":{"down":{"uv":[0,8,7.999,15.999],"texture":"#1"},"north":{"uv":[0,8,7.999,15.999],"texture":"#1"},"south":{"uv":[0,8,7.999,15.999],"texture":"#1"}}},{"__comment":"element","from":[7.7929,7.31,2.8],"to":[8.20712,8.31,3.3],"faces":{"down":{"uv":[0,8,7.999,15.999],"texture":"#1"},"north":{"uv":[0,8,7.999,15.999],"texture":"#1"},"south":{"uv":[0,8,7.999,15.999],"texture":"#1"}}},{"__comment":"element","from":[7.5,7.6029,-1.2],"to":[8.5,8.01712,-0.6999999],"rotation":{"origin":[8,7.81,-0.7],"axis":"z","angle":45},"faces":{"north":{"uv":[0,8,7.999,15.999],"texture":"#1"},"south":{"uv":[0,8,7.999,15.999],"texture":"#1"},"west":{"uv":[0,8,7.999,15.999],"texture":"#1"}}},{"__comment":"element","from":[7.5,7.6029,-0.2],"to":[8.5,8.01712,0.3],"rotation":{"origin":[8,7.81,0.3],"axis":"z","angle":45},"faces":{"north":{"uv":[0,8,7.999,15.999],"texture":"#1"},"south":{"uv":[0,8,7.999,15.999],"texture":"#1"},"west":{"uv":[0,8,7.999,15.999],"texture":"#1"}}},{"__comment":"element","from":[7.5,7.6029,0.8],"to":[8.5,8.01712,1.3],"rotation":{"origin":[8,7.81,1.3],"axis":"z","angle":45},"faces":{"north":{"uv":[0,8,7.999,15.999],"texture":"#1"},"south":{"uv":[0,8,7.999,15.999],"texture":"#1"},"west":{"uv":[0,8,7.999,15.999],"texture":"#1"}}},{"__comment":"element","from":[7.5,7.6029,1.8],"to":[8.5,8.01712,2.3],"rotation":{"origin":[8,7.81,2.3],"axis":"z","angle":45},"faces":{"north":{"uv":[0,8,7.999,15.999],"texture":"#1"},"south":{"uv":[0,8,7.999,15.999],"texture":"#1"},"west":{"uv":[0,8,7.999,15.999],"texture":"#1"}}},{"__comment":"element","from":[7.5,7.6029,2.8],"to":[8.5,8.01712,3.3],"rotation":{"origin":[8,7.81,3.3],"axis":"z","angle":45},"faces":{"north":{"uv":[0,8,7.999,15.999],"texture":"#1"},"south":{"uv":[0,8,7.999,15.999],"texture":"#1"},"west":{"uv":[0,8,7.999,15.999],"texture":"#1"}}},{"__comment":"element","from":[8.25,7.6029,-1.2],"to":[8.5,8.01712,4.3],"rotation":{"origin":[8,7.81,-0.7],"axis":"z","angle":45},"faces":{"south":{"uv":[0,8,7.999,15.999],"texture":"#1"}}},{"__comment":"element","from":[7.5,7.6029,-1.2],"to":[8.5,8.26712,4.3],"faces":{"north":{"uv":[0,8,7.999,15.999],"texture":"#1"},"west":{"uv":[0,8,7.999,15.999],"texture":"#1"},"east":{"uv":[0,8,7.999,15.999],"texture":"#1"}}},{"__comment":"element","from":[7.45,7.6029,-1.2],"to":[8.55,8.0229,4.3],"faces":{"down":{"uv":[0,8,7.999,15.999],"texture":"#1"},"up":{"uv":[0,8,7.999,15.999],"texture":"#1"},"west":{"uv":[0,8,7.999,15.999],"texture":"#1"},"east":{"uv":[0,8,7.999,15.999],"texture":"#1"}}},{"__comment":"element","from":[7.375,7.6029,-1.2],"to":[8.625,8.0229,-1.1],"faces":{"down":{"uv":[0,8,7.999,15.999],"texture":"#1"},"up":{"uv":[0,8,7.999,15.999],"texture":"#1"},"north":{"uv":[0,8,7.999,15.999],"texture":"#1"},"south":{"uv":[0,8,7.999,15.999],"texture":"#1"},"west":{"uv":[0,8,7.999,15.999],"texture":"#1"},"east":{"uv":[0,8,7.999,15.999],"texture":"#1"}}},{"__comment":"element","from":[7.375,7.6029,-0.2],"to":[8.625,8.0229,-0.09999999],"faces":{"down":{"uv":[0,8,7.999,15.999],"texture":"#1"},"up":{"uv":[0,8,7.999,15.999],"texture":"#1"},"north":{"uv":[0,8,7.999,15.999],"texture":"#1"},"south":{"uv":[0,8,7.999,15.999],"texture":"#1"},"west":{"uv":[0,8,7.999,15.999],"texture":"#1"},"east":{"uv":[0,8,7.999,15.999],"texture":"#1"}}},{"__comment":"element","from":[7.375,7.6029,1.8],"to":[8.625,8.0229,1.9],"faces":{"down":{"uv":[0,8,7.999,15.999],"texture":"#1"},"up":{"uv":[0,8,7.999,15.999],"texture":"#1"},"north":{"uv":[0,8,7.999,15.999],"texture":"#1"},"south":{"uv":[0,8,7.999,15.999],"texture":"#1"},"west":{"uv":[0,8,7.999,15.999],"texture":"#1"},"east":{"uv":[0,8,7.999,15.999],"texture":"#1"}}},{"__comment":"element","from":[7.375,7.6029,0.8],"to":[8.625,8.0229,0.8999999],"faces":{"down":{"uv":[0,8,7.999,15.999],"texture":"#1"},"up":{"uv":[0,8,7.999,15.999],"texture":"#1"},"north":{"uv":[0,8,7.999,15.999],"texture":"#1"},"south":{"uv":[0,8,7.999,15.999],"texture":"#1"},"west":{"uv":[0,8,7.999,15.999],"texture":"#1"},"east":{"uv":[0,8,7.999,15.999],"texture":"#1"}}},{"__comment":"element","from":[7.375,7.6029,2.8],"to":[8.625,8.0229,2.9],"faces":{"down":{"uv":[0,8,7.999,15.999],"texture":"#1"},"up":{"uv":[0,8,7.999,15.999],"texture":"#1"},"north":{"uv":[0,8,7.999,15.999],"texture":"#1"},"south":{"uv":[0,8,7.999,15.999],"texture":"#1"},"west":{"uv":[0,8,7.999,15.999],"texture":"#1"},"east":{"uv":[0,8,7.999,15.999],"texture":"#1"}}},{"__comment":"element","from":[7.375,7.6029,-0.7],"to":[8.625,8.0229,-0.6],"faces":{"down":{"uv":[0,8,7.999,15.999],"texture":"#1"},"up":{"uv":[0,8,7.999,15.999],"texture":"#1"},"north":{"uv":[0,8,7.999,15.999],"texture":"#1"},"south":{"uv":[0,8,7.999,15.999],"texture":"#1"},"west":{"uv":[0,8,7.999,15.999],"texture":"#1"},"east":{"uv":[0,8,7.999,15.999],"texture":"#1"}}},{"__comment":"element","from":[7.375,7.6029,0.3],"to":[8.625,8.0229,0.4],"faces":{"down":{"uv":[0,8,7.999,15.999],"texture":"#1"},"up":{"uv":[0,8,7.999,15.999],"texture":"#1"},"north":{"uv":[0,8,7.999,15.999],"texture":"#1"},"south":{"uv":[0,8,7.999,15.999],"texture":"#1"},"west":{"uv":[0,8,7.999,15.999],"texture":"#1"},"east":{"uv":[0,8,7.999,15.999],"texture":"#1"}}},{"__comment":"element","from":[7.375,7.6029,2.3],"to":[8.625,8.0229,2.4],"faces":{"down":{"uv":[0,8,7.999,15.999],"texture":"#1"},"up":{"uv":[0,8,7.999,15.999],"texture":"#1"},"north":{"uv":[0,8,7.999,15.999],"texture":"#1"},"south":{"uv":[0,8,7.999,15.999],"texture":"#1"},"west":{"uv":[0,8,7.999,15.999],"texture":"#1"},"east":{"uv":[0,8,7.999,15.999],"texture":"#1"}}},{"__comment":"element","from":[7.375,7.6029,1.3],"to":[8.625,8.0229,1.4],"faces":{"down":{"uv":[0,8,7.999,15.999],"texture":"#1"},"up":{"uv":[0,8,7.999,15.999],"texture":"#1"},"north":{"uv":[0,8,7.999,15.999],"texture":"#1"},"south":{"uv":[0,8,7.999,15.999],"texture":"#1"},"west":{"uv":[0,8,7.999,15.999],"texture":"#1"},"east":{"uv":[0,8,7.999,15.999],"texture":"#1"}}},{"__comment":"element","from":[7.375,7.6029,3.3],"to":[8.625,8.0229,3.4],"faces":{"down":{"uv":[0,8,7.999,15.999],"texture":"#1"},"up":{"uv":[0,8,7.999,15.999],"texture":"#1"},"north":{"uv":[0,8,7.999,15.999],"texture":"#1"},"south":{"uv":[0,8,7.999,15.999],"texture":"#1"},"west":{"uv":[0,8,7.999,15.999],"texture":"#1"},"east":{"uv":[0,8,7.999,15.999],"texture":"#1"}}},{"__comment":"element","from":[7.375,7.6029,4.05],"to":[8.625,8.0229,4.3],"faces":{"down":{"uv":[0,8,7.999,15.999],"texture":"#1"},"up":{"uv":[0,8,7.999,15.999],"texture":"#1"},"north":{"uv":[0,8,7.999,15.999],"texture":"#1"},"south":{"uv":[0,8,7.999,15.999],"texture":"#1"},"west":{"uv":[0,8,7.999,15.999],"texture":"#1"},"east":{"uv":[0,8,7.999,15.999],"texture":"#1"}}},{"__comment":"element","from":[7.375,7.6029,-0.95],"to":[8.625,8.0229,-0.85],"faces":{"down":{"uv":[0,8,7.999,15.999],"texture":"#1"},"up":{"uv":[0,8,7.999,15.999],"texture":"#1"},"north":{"uv":[0,8,7.999,15.999],"texture":"#1"},"south":{"uv":[0,8,7.999,15.999],"texture":"#1"},"west":{"uv":[0,8,7.999,15.999],"texture":"#1"},"east":{"uv":[0,8,7.999,15.999],"texture":"#1"}}},{"__comment":"element","from":[7.375,7.6029,0.05],"to":[8.625,8.0229,0.15],"faces":{"down":{"uv":[0,8,7.999,15.999],"texture":"#1"},"up":{"uv":[0,8,7.999,15.999],"texture":"#1"},"north":{"uv":[0,8,7.999,15.999],"texture":"#1"},"south":{"uv":[0,8,7.999,15.999],"texture":"#1"},"west":{"uv":[0,8,7.999,15.999],"texture":"#1"},"east":{"uv":[0,8,7.999,15.999],"texture":"#1"}}},{"__comment":"element","from":[7.375,7.6029,2.05],"to":[8.625,8.0229,2.15],"faces":{"down":{"uv":[0,8,7.999,15.999],"texture":"#1"},"up":{"uv":[0,8,7.999,15.999],"texture":"#1"},"north":{"uv":[0,8,7.999,15.999],"texture":"#1"},"south":{"uv":[0,8,7.999,15.999],"texture":"#1"},"west":{"uv":[0,8,7.999,15.999],"texture":"#1"},"east":{"uv":[0,8,7.999,15.999],"texture":"#1"}}},{"__comment":"element","from":[7.375,7.6029,1.05],"to":[8.625,8.0229,1.15],"faces":{"down":{"uv":[0,8,7.999,15.999],"texture":"#1"},"up":{"uv":[0,8,7.999,15.999],"texture":"#1"},"north":{"uv":[0,8,7.999,15.999],"texture":"#1"},"south":{"uv":[0,8,7.999,15.999],"texture":"#1"},"west":{"uv":[0,8,7.999,15.999],"texture":"#1"},"east":{"uv":[0,8,7.999,15.999],"texture":"#1"}}},{"__comment":"element","from":[7.375,7.6029,3.05],"to":[8.625,8.0229,3.15],"faces":{"down":{"uv":[0,8,7.999,15.999],"texture":"#1"},"up":{"uv":[0,8,7.999,15.999],"texture":"#1"},"north":{"uv":[0,8,7.999,15.999],"texture":"#1"},"south":{"uv":[0,8,7.999,15.999],"texture":"#1"},"west":{"uv":[0,8,7.999,15.999],"texture":"#1"},"east":{"uv":[0,8,7.999,15.999],"texture":"#1"}}},{"__comment":"element","from":[7.375,7.6029,3.8],"to":[8.625,8.0229,3.9],"faces":{"down":{"uv":[0,8,7.999,15.999],"texture":"#1"},"up":{"uv":[0,8,7.999,15.999],"texture":"#1"},"north":{"uv":[0,8,7.999,15.999],"texture":"#1"},"south":{"uv":[0,8,7.999,15.999],"texture":"#1"},"west":{"uv":[0,8,7.999,15.999],"texture":"#1"},"east":{"uv":[0,8,7.999,15.999],"texture":"#1"}}},{"__comment":"element","from":[7.375,7.6029,-0.45],"to":[8.625,8.0229,-0.35],"faces":{"down":{"uv":[0,8,7.999,15.999],"texture":"#1"},"up":{"uv":[0,8,7.999,15.999],"texture":"#1"},"north":{"uv":[0,8,7.999,15.999],"texture":"#1"},"south":{"uv":[0,8,7.999,15.999],"texture":"#1"},"west":{"uv":[0,8,7.999,15.999],"texture":"#1"},"east":{"uv":[0,8,7.999,15.999],"texture":"#1"}}},{"__comment":"element","from":[7.375,7.6029,0.55],"to":[8.625,8.0229,0.65],"faces":{"down":{"uv":[0,8,7.999,15.999],"texture":"#1"},"up":{"uv":[0,8,7.999,15.999],"texture":"#1"},"north":{"uv":[0,8,7.999,15.999],"texture":"#1"},"south":{"uv":[0,8,7.999,15.999],"texture":"#1"},"west":{"uv":[0,8,7.999,15.999],"texture":"#1"},"east":{"uv":[0,8,7.999,15.999],"texture":"#1"}}},{"__comment":"element","from":[7.375,7.6029,2.55],"to":[8.625,8.0229,2.65],"faces":{"down":{"uv":[0,8,7.999,15.999],"texture":"#1"},"up":{"uv":[0,8,7.999,15.999],"texture":"#1"},"north":{"uv":[0,8,7.999,15.999],"texture":"#1"},"south":{"uv":[0,8,7.999,15.999],"texture":"#1"},"west":{"uv":[0,8,7.999,15.999],"texture":"#1"},"east":{"uv":[0,8,7.999,15.999],"texture":"#1"}}},{"__comment":"element","from":[7.375,7.6029,1.55],"to":[8.625,8.0229,1.65],"faces":{"down":{"uv":[0,8,7.999,15.999],"texture":"#1"},"up":{"uv":[0,8,7.999,15.999],"texture":"#1"},"north":{"uv":[0,8,7.999,15.999],"texture":"#1"},"south":{"uv":[0,8,7.999,15.999],"texture":"#1"},"west":{"uv":[0,8,7.999,15.999],"texture":"#1"},"east":{"uv":[0,8,7.999,15.999],"texture":"#1"}}},{"__comment":"element","from":[7.375,7.6029,3.55],"to":[8.625,8.0229,3.65],"faces":{"down":{"uv":[0,8,7.999,15.999],"texture":"#1"},"up":{"uv":[0,8,7.999,15.999],"texture":"#1"},"north":{"uv":[0,8,7.999,15.999],"texture":"#1"},"south":{"uv":[0,8,7.999,15.999],"texture":"#1"},"west":{"uv":[0,8,7.999,15.999],"texture":"#1"},"east":{"uv":[0,8,7.999,15.999],"texture":"#1"}}},{"__comment":"element","from":[7.8136,7.36,-0.95],"to":[8.186399,8.26,3.3],"rotation":{"origin":[8,7.81,3.55],"axis":"z","angle":45},"faces":{"down":{"uv":[8,8,15.999,15.999],"texture":"#0"}}},{"__comment":"element","from":[7.8136,7.36,-0.95],"to":[8.186399,8.26,3.3],"faces":{"down":{"uv":[8,8,15.999,15.999],"texture":"#0"}}},{"__comment":"element","from":[7.55,7.6236,-0.95],"to":[8.449999,7.9964,3.3],"rotation":{"origin":[8,7.81,3.55],"axis":"z","angle":45},"faces":{"west":{"uv":[8,8,15.999,15.999],"texture":"#0"}}},{"__comment":"element","from":[7.7722,7.76,-1.2],"to":[8.22784,8.859999,4.3],"rotation":{"origin":[8,8.31,3.8],"axis":"z","angle":45},"faces":{"down":{"uv":[8,8,15.999,15.999],"texture":"#0"},"north":{"uv":[8,8,15.999,15.999],"texture":"#0"},"south":{"uv":[8,8,15.999,15.999],"texture":"#0"}}},{"__comment":"element","from":[7.45,8.0822,-1.2],"to":[8.55,8.53784,4.3],"rotation":{"origin":[8,8.31,3.8],"axis":"z","angle":45},"faces":{"north":{"uv":[8,8,15.999,15.999],"texture":"#0"},"south":{"uv":[8,8,15.999,15.999],"texture":"#0"},"west":{"uv":[8,8,15.999,15.999],"texture":"#0"}}},{"__comment":"element","from":[7.45,8.0822,-1.2],"to":[8.55,8.78784,4.3],"faces":{"up":{"uv":[8,8,15.999,15.999],"texture":"#0"},"north":{"uv":[8,8,15.999,15.999],"texture":"#0"},"south":{"uv":[8,8,15.999,15.999],"texture":"#0"},"west":{"uv":[8,8,15.999,15.999],"texture":"#0"},"east":{"uv":[8,8,15.999,15.999],"texture":"#0"}}},{"__comment":"element","from":[7.32,8.54,-1.2],"to":[7.92,8.99564,4.3],"rotation":{"origin":[8,8.31,3.8],"axis":"z","angle":-22.5},"faces":{"north":{"uv":[8,8,15.999,15.999],"texture":"#0"},"south":{"uv":[8,8,15.999,15.999],"texture":"#0"},"west":{"uv":[8,8,15.999,15.999],"texture":"#0"}}},{"__comment":"element","from":[8.08,8.54,-1.2],"to":[8.68,8.99564,4.3],"rotation":{"origin":[8,8.31,3.8],"axis":"z","angle":22.5},"faces":{"north":{"uv":[8,8,15.999,15.999],"texture":"#0"},"south":{"uv":[8,8,15.999,15.999],"texture":"#0"},"east":{"uv":[8,8,15.999,15.999],"texture":"#0"}}},{"__comment":"element","from":[7.5,8.5822,-1.2],"to":[8.5,9.28784,4.900001],"faces":{"up":{"uv":[8,8,15.999,15.999],"texture":"#0"},"north":{"uv":[8,8,15.999,15.999],"texture":"#0"},"south":{"uv":[8,8,15.999,15.999],"texture":"#0"},"west":{"uv":[8,8,15.999,15.999],"texture":"#0"},"east":{"uv":[8,8,15.999,15.999],"texture":"#0"}}},{"__comment":"element","from":[7.55,8,4.9],"to":[8.449999,9.20564,6],"faces":{"down":{"uv":[8,8,15.999,15.999],"texture":"#0"},"up":{"uv":[8,8,15.999,15.999],"texture":"#0"},"south":{"uv":[8,8,15.999,15.999],"texture":"#0"},"west":{"uv":[8,8,15.999,15.999],"texture":"#0"},"east":{"uv":[8,8,15.999,15.999],"texture":"#0"}}},{"__comment":"element","from":[7.5,7.5822,4.3],"to":[8.5,8.78784,4.9],"faces":{"down":{"uv":[8,8,15.999,15.999],"texture":"#0"},"north":{"uv":[8,8,15.999,15.999],"texture":"#0"},"south":{"uv":[8,8,15.999,15.999],"texture":"#0"},"west":{"uv":[8,8,15.999,15.999],"texture":"#0"},"east":{"uv":[8,8,15.999,15.999],"texture":"#0"}}},{"__comment":"element","from":[7.55,5.0822,4.05],"to":[8.449999,7.53784,4.9],"rotation":{"origin":[8.1,8.31,3.8],"axis":"x","angle":-22.5},"faces":{"north":{"uv":[8,8,15.999,15.999],"texture":"#0"},"south":{"uv":[8,8,15.999,15.999],"texture":"#0"},"west":{"uv":[8,8,15.999,15.999],"texture":"#0"},"east":{"uv":[8,8,15.999,15.999],"texture":"#0"}}},{"__comment":"element","from":[7.9,7.0822,4.05],"to":[8.1,8.53784,4.65],"faces":{"down":{"uv":[8,0,15.999,7.999001],"texture":"#0"},"north":{"uv":[8,0,15.999,7.999001],"texture":"#0"},"west":{"uv":[8,0,15.999,7.999001],"texture":"#0"},"east":{"uv":[8,0,15.999,7.999001],"texture":"#0"}}},{"__comment":"element","from":[7.9,7.0822,4.45],"to":[8.1,8.03784,4.6],"rotation":{"origin":[8.45,8.31,3.8],"axis":"x","angle":22.5},"faces":{"down":{"uv":[8,0,15.999,7.999001],"texture":"#0"},"north":{"uv":[8,0,15.999,7.999001],"texture":"#0"},"south":{"uv":[8,0,15.999,7.999001],"texture":"#0"},"west":{"uv":[8,0,15.999,7.999001],"texture":"#0"},"east":{"uv":[8,0,15.999,7.999001],"texture":"#0"}}},{"__comment":"element","from":[7.55,5.0822,4.05],"to":[8.449999,6.28784,5.05],"rotation":{"origin":[8.1,8.31,3.8],"axis":"x","angle":-22.5},"faces":{"up":{"uv":[8,8,15.999,15.999],"texture":"#0"},"south":{"uv":[8,8,15.999,15.999],"texture":"#0"},"west":{"uv":[8,8,15.999,15.999],"texture":"#0"},"east":{"uv":[8,8,15.999,15.999],"texture":"#0"}}},{"__comment":"element","from":[7.55,5.0822,3.55],"to":[8.449999,5.28784,5.05],"rotation":{"origin":[8.1,8.31,3.8],"axis":"x","angle":-22.5},"faces":{"down":{"uv":[8,8,15.999,15.999],"texture":"#0"},"up":{"uv":[8,8,15.999,15.999],"texture":"#0"},"north":{"uv":[8,8,15.999,15.999],"texture":"#0"},"west":{"uv":[8,8,15.999,15.999],"texture":"#0"},"east":{"uv":[8,8,15.999,15.999],"texture":"#0"}}},{"__comment":"element","from":[7.55,5.45,4.96],"to":[8.449999,6.95,5.21],"faces":{"north":{"uv":[8,8,15.999,15.999],"texture":"#0","rotation":270},"west":{"uv":[8,8,15.999,15.999],"texture":"#0","rotation":270},"east":{"uv":[8,8,15.999,15.999],"texture":"#0","rotation":270}}},{"__comment":"element","from":[7.55,7.01,5.65],"to":[8.449999,7.76,6.10564],"rotation":{"origin":[8.1,8.31,3.8],"axis":"x","angle":22.5},"faces":{"up":{"uv":[8,8,15.999,15.999],"texture":"#0","rotation":270},"south":{"uv":[8,8,15.999,15.999],"texture":"#0","rotation":270},"west":{"uv":[8,8,15.999,15.999],"texture":"#0","rotation":270},"east":{"uv":[8,8,15.999,15.999],"texture":"#0","rotation":270}}},{"__comment":"element","from":[7.55,8.51,4.9],"to":[8.449999,9.31,5.35564],"rotation":{"origin":[8.1,8.31,3.8],"axis":"x","angle":45},"faces":{"south":{"uv":[8,8,15.999,15.999],"texture":"#0","rotation":270},"west":{"uv":[8,8,15.999,15.999],"texture":"#0","rotation":270},"east":{"uv":[8,8,15.999,15.999],"texture":"#0","rotation":270}}},{"__comment":"element","from":[7.55,7.76,5.15],"to":[8.449999,8.51,5.52],"rotation":{"origin":[8.1,8.31,3.8],"axis":"x","angle":22.5},"faces":{"south":{"uv":[8,8,15.999,15.999],"texture":"#0","rotation":270},"west":{"uv":[8,8,15.999,15.999],"texture":"#0","rotation":270},"east":{"uv":[8,8,15.999,15.999],"texture":"#0","rotation":270}}},{"__comment":"element","from":[7.55,7.2544,4.25],"to":[8.449999,7.71004,5.5],"rotation":{"origin":[8.1,8.31,3.8],"axis":"x","angle":-22.5},"faces":{"down":{"uv":[8,8,15.999,15.999],"texture":"#0"},"south":{"uv":[8,8,15.999,15.999],"texture":"#0"},"west":{"uv":[8,8,15.999,15.999],"texture":"#0"},"east":{"uv":[8,8,15.999,15.999],"texture":"#0"}}},{"__comment":"element","from":[7.55,10.8322,-0.45],"to":[8.449999,11.53784,0.05000001],"rotation":{"origin":[8.1,8.31,3.8],"axis":"x","angle":-22.5},"faces":{"up":{"uv":[8,8,15.999,15.999],"texture":"#0"},"north":{"uv":[8,8,15.999,15.999],"texture":"#0"},"south":{"uv":[8,8,15.999,15.999],"texture":"#0"},"west":{"uv":[8,8,15.999,15.999],"texture":"#0"},"east":{"uv":[8,8,15.999,15.999],"texture":"#0"}}},{"__comment":"element","from":[7.55,9.66,-1.36],"to":[8.449999,10.86564,-0.86],"faces":{"down":{"uv":[8,8,15.999,15.999],"texture":"#0"},"up":{"uv":[8,8,15.999,15.999],"texture":"#0"},"north":{"uv":[8,8,15.999,15.999],"texture":"#0"},"south":{"uv":[8,8,15.999,15.999],"texture":"#0"},"west":{"uv":[8,8,15.999,15.999],"texture":"#0"},"east":{"uv":[8,8,15.999,15.999],"texture":"#0"}}},{"__comment":"element","from":[7.55,10.87,-1.36],"to":[8.449999,10.97,4.89],"faces":{"down":{"uv":[8,8,15.999,15.999],"texture":"#0"},"up":{"uv":[8,8,15.999,15.999],"texture":"#0"},"north":{"uv":[8,8,15.999,15.999],"texture":"#0"},"south":{"uv":[8,8,15.999,15.999],"texture":"#0"},"west":{"uv":[8,8,15.999,15.999],"texture":"#0"},"east":{"uv":[8,8,15.999,15.999],"texture":"#0"}}},{"__comment":"element","from":[7.55,9.16,4.39],"to":[8.449999,10.86564,4.89],"faces":{"up":{"uv":[8,8,15.999,15.999],"texture":"#0"},"north":{"uv":[8,8,15.999,15.999],"texture":"#0"},"south":{"uv":[8,8,15.999,15.999],"texture":"#0"},"west":{"uv":[8,8,15.999,15.999],"texture":"#0"},"east":{"uv":[8,8,15.999,15.999],"texture":"#0"}}},{"__comment":"element","from":[7.55,9.16,-1.11],"to":[7.65,9.36564,4.89],"faces":{"up":{"uv":[8,8,15.999,15.999],"texture":"#0"},"west":{"uv":[8,8,15.999,15.999],"texture":"#0"},"east":{"uv":[8,8,15.999,15.999],"texture":"#0"}}},{"__comment":"element","from":[8.349999,9.16,-1.11],"to":[8.449999,9.36564,4.89],"faces":{"up":{"uv":[8,8,15.999,15.999],"texture":"#0"},"west":{"uv":[8,8,15.999,15.999],"texture":"#0"},"east":{"uv":[8,8,15.999,15.999],"texture":"#0"}}},{"__comment":"element","from":[7.55,8.66,3.8],"to":[8.449999,10.36564,4.05],"rotation":{"origin":[8.1,8.31,3.8],"axis":"x","angle":22.5},"faces":{"north":{"uv":[8,8,15.999,15.999],"texture":"#0"},"west":{"uv":[8,8,15.999,15.999],"texture":"#0"},"east":{"uv":[8,8,15.999,15.999],"texture":"#0"}}},{"__comment":"element","from":[7.7929,7.28,-1.2],"to":[8.20712,8.279999,-0.9999999],"rotation":{"origin":[8,7.78,-0.7],"axis":"z","angle":45},"faces":{"down":{"uv":[8,8,15.999,15.999],"texture":"#0"},"north":{"uv":[8,8,15.999,15.999],"texture":"#0"},"south":{"uv":[8,8,15.999,15.999],"texture":"#0"}}},{"__comment":"element","from":[7.7929,7.28,-1.2],"to":[8.20712,8.279999,-0.9999999],"faces":{"down":{"uv":[8,8,15.999,15.999],"texture":"#0"},"north":{"uv":[8,8,15.999,15.999],"texture":"#0"},"south":{"uv":[8,8,15.999,15.999],"texture":"#0"}}},{"__comment":"element","from":[7.5,7.5729,-1.2],"to":[8.5,7.98712,-0.9999999],"rotation":{"origin":[8,7.78,-0.7],"axis":"z","angle":45},"faces":{"north":{"uv":[8,8,15.999,15.999],"texture":"#0"},"south":{"uv":[8,8,15.999,15.999],"texture":"#0"},"west":{"uv":[8,8,15.999,15.999],"texture":"#0"}}},{"__comment":"element","from":[7.5,7.5729,-1.2],"to":[8.5,7.98712,-0.9999999],"faces":{"north":{"uv":[8,8,15.999,15.999],"texture":"#0"},"south":{"uv":[8,8,15.999,15.999],"texture":"#0"},"west":{"uv":[8,8,15.999,15.999],"texture":"#0"},"east":{"uv":[8,8,15.999,15.999],"texture":"#0"}}},{"__comment":"element","from":[7.55,10.885,-1.3],"to":[7.699999,11.17494,-0.6],"rotation":{"origin":[8.05,11.03,-0.95],"axis":"x","angle":45},"faces":{"north":{"uv":[8,8,15.999,15.999],"texture":"#0"},"south":{"uv":[8,8,15.999,15.999],"texture":"#0"},"west":{"uv":[8,8,15.999,15.999],"texture":"#0"},"east":{"uv":[8,8,15.999,15.999],"texture":"#0"}}},{"__comment":"element","from":[7.55,10.885,-1.3],"to":[7.699999,11.17494,4.4],"faces":{"north":{"uv":[8,8,15.999,15.999],"texture":"#0"},"west":{"uv":[8,8,15.999,15.999],"texture":"#0"},"east":{"uv":[8,8,15.999,15.999],"texture":"#0"}}},{"__comment":"element","from":[7.55,10.885,-0.8],"to":[7.699999,11.375,4.650001],"faces":{"up":{"uv":[8,8,15.999,15.999],"texture":"#0"},"north":{"uv":[8,8,15.999,15.999],"texture":"#0"},"west":{"uv":[8,8,15.999,15.999],"texture":"#0"},"east":{"uv":[8,8,15.999,15.999],"texture":"#0"}}},{"__comment":"element","from":[7.55,10.72,-1.266],"to":[7.699999,11.00995,-0.6659999],"rotation":{"origin":[8.05,11.03,-0.95],"axis":"x","angle":22.5},"faces":{"down":{"uv":[8,8,15.999,15.999],"texture":"#0"},"north":{"uv":[8,8,15.999,15.999],"texture":"#0"},"west":{"uv":[8,8,15.999,15.999],"texture":"#0"},"east":{"uv":[8,8,15.999,15.999],"texture":"#0"}}},{"__comment":"element","from":[7.55,10.47,-1.016],"to":[7.699999,11.00995,-0.666],"rotation":{"origin":[8.05,11.03,-0.95],"axis":"x","angle":22.5},"faces":{"south":{"uv":[8,8,15.999,15.999],"texture":"#0"},"west":{"uv":[8,8,15.999,15.999],"texture":"#0"},"east":{"uv":[8,8,15.999,15.999],"texture":"#0"}}},{"__comment":"element","from":[7.55,10.68,-1.095],"to":[7.699999,11.38,-0.80506],"rotation":{"origin":[8.05,11.03,-0.95],"axis":"x","angle":45},"faces":{"up":{"uv":[8,8,15.999,15.999],"texture":"#0"},"west":{"uv":[8,8,15.999,15.999],"texture":"#0"},"east":{"uv":[8,8,15.999,15.999],"texture":"#0"}}},{"__comment":"element","from":[7.55,10.68,-1.095],"to":[7.699999,11.38,-0.80506],"faces":{"up":{"uv":[8,8,15.999,15.999],"texture":"#0"},"west":{"uv":[8,8,15.999,15.999],"texture":"#0"},"east":{"uv":[8,8,15.999,15.999],"texture":"#0"}}},{"__comment":"element","from":[7.55,10.885,4.2],"to":[7.699999,11.17494,4.9],"rotation":{"origin":[8.05,11.03,4.55],"axis":"x","angle":45},"faces":{"north":{"uv":[8,8,15.999,15.999],"texture":"#0"},"south":{"uv":[8,8,15.999,15.999],"texture":"#0"},"west":{"uv":[8,8,15.999,15.999],"texture":"#0"},"east":{"uv":[8,8,15.999,15.999],"texture":"#0"}}},{"__comment":"element","from":[7.55,10.885,4.2],"to":[7.699999,11.17494,4.9],"faces":{"south":{"uv":[8,8,15.999,15.999],"texture":"#0"},"west":{"uv":[8,8,15.999,15.999],"texture":"#0"},"east":{"uv":[8,8,15.999,15.999],"texture":"#0"}}},{"__comment":"element","from":[7.55,10.68,4.405],"to":[7.699999,11.38,4.69494],"rotation":{"origin":[8.05,11.03,4.55],"axis":"x","angle":45},"faces":{"down":{"uv":[8,8,15.999,15.999],"texture":"#0"},"up":{"uv":[8,8,15.999,15.999],"texture":"#0"},"west":{"uv":[8,8,15.999,15.999],"texture":"#0"},"east":{"uv":[8,8,15.999,15.999],"texture":"#0"}}},{"__comment":"element","from":[7.55,10.68,4.405],"to":[7.699999,11.38,4.69494],"faces":{"up":{"uv":[8,8,15.999,15.999],"texture":"#0"},"west":{"uv":[8,8,15.999,15.999],"texture":"#0"},"east":{"uv":[8,8,15.999,15.999],"texture":"#0"}}},{"__comment":"element","from":[7.7722,8.48,6],"to":[8.22784,9.58,8.75],"rotation":{"origin":[8,9.03,6.3],"axis":"z","angle":45},"faces":{"down":{"uv":[0,8,7.999,15.999],"texture":"#1"},"up":{"uv":[0,8,7.999,15.999],"texture":"#1"},"north":{"uv":[0,8,7.999,15.999],"texture":"#1"},"south":{"uv":[0,8,7.999,15.999],"texture":"#1"}}},{"__comment":"element","from":[7.7722,8.48,6],"to":[8.22784,9.58,8.75],"faces":{"up":{"uv":[0,8,7.999,15.999],"texture":"#1"},"north":{"uv":[0,8,7.999,15.999],"texture":"#1"},"south":{"uv":[0,8,7.999,15.999],"texture":"#1"}}},{"__comment":"element","from":[7.45,8.802199,6],"to":[8.55,9.257839,8.75],"rotation":{"origin":[8,9.03,6.3],"axis":"z","angle":45},"faces":{"north":{"uv":[0,8,7.999,15.999],"texture":"#1"},"south":{"uv":[0,8,7.999,15.999],"texture":"#1"},"west":{"uv":[0,8,7.999,15.999],"texture":"#1"},"east":{"uv":[0,8,7.999,15.999],"texture":"#1"}}},{"__comment":"element","from":[7.45,8.802199,6],"to":[8.55,9.257839,8.75],"faces":{"north":{"uv":[0,8,7.999,15.999],"texture":"#1"},"south":{"uv":[0,8,7.999,15.999],"texture":"#1"},"west":{"uv":[0,8,7.999,15.999],"texture":"#1"},"east":{"uv":[0,8,7.999,15.999],"texture":"#1"}}},{"__comment":"element","from":[7.7929,8.53,5.9],"to":[8.20712,9.53,8.9],"rotation":{"origin":[8,9.03,8.3],"axis":"z","angle":45},"faces":{"down":{"uv":[0,8,7.999,15.999],"texture":"#1"},"up":{"uv":[0,8,7.999,15.999],"texture":"#1"},"north":{"uv":[0,8,7.999,15.999],"texture":"#1"},"south":{"uv":[0,8,7.999,15.999],"texture":"#1"}}},{"__comment":"element","from":[7.7929,8.53,5.9],"to":[8.20712,9.53,8.9],"faces":{"up":{"uv":[0,8,7.999,15.999],"texture":"#1"},"north":{"uv":[0,8,7.999,15.999],"texture":"#1"},"south":{"uv":[0,8,7.999,15.999],"texture":"#1"}}},{"__comment":"element","from":[7.5,8.8229,5.9],"to":[8.5,9.23712,8.9],"rotation":{"origin":[8,9.03,8.3],"axis":"z","angle":45},"faces":{"north":{"uv":[0,8,7.999,15.999],"texture":"#1"},"south":{"uv":[0,8,7.999,15.999],"texture":"#1"},"west":{"uv":[0,8,7.999,15.999],"texture":"#1"},"east":{"uv":[0,8,7.999,15.999],"texture":"#1"}}},{"__comment":"element","from":[7.5,8.8229,5.9],"to":[8.5,9.23712,8.9],"faces":{"north":{"uv":[0,8,7.999,15.999],"texture":"#1"},"south":{"uv":[0,8,7.999,15.999],"texture":"#1"},"west":{"uv":[0,8,7.999,15.999],"texture":"#1"},"east":{"uv":[0,8,7.999,15.999],"texture":"#1"}}},{"__comment":"element","from":[7.8136,8.08,5.74],"to":[8.186399,8.98,11.49],"rotation":{"origin":[8,8.53,6.3],"axis":"z","angle":45},"faces":{"up":{"uv":[8,8,15.999,15.999],"texture":"#0"},"north":{"uv":[8,8,15.999,15.999],"texture":"#0"}}},{"__comment":"element","from":[7.8136,8.08,5.74],"to":[8.186399,8.98,11.49],"faces":{"up":{"uv":[8,8,15.999,15.999],"texture":"#0"}}},{"__comment":"element","from":[7.55,8.343599,5.74],"to":[8.449999,8.716399,11.49],"rotation":{"origin":[8,8.53,6.3],"axis":"z","angle":45},"faces":{"north":{"uv":[8,8,15.999,15.999],"texture":"#0"},"east":{"uv":[8,8,15.999,15.999],"texture":"#0"}}},{"__comment":"element","from":[7.55,8.343599,5.74],"to":[8.449999,8.716399,11.49],"faces":{"west":{"uv":[8,8,15.999,15.999],"texture":"#0"},"east":{"uv":[8,8,15.999,15.999],"texture":"#0"}}},{"__comment":"element","from":[7.55,5.72,11.66],"to":[8.449999,8.84279,12.66],"faces":{"down":{"uv":[8,8,15.999,15.999],"texture":"#0"},"north":{"uv":[8,8,15.999,15.999],"texture":"#0"},"south":{"uv":[8,8,15.999,15.999],"texture":"#0"},"west":{"uv":[8,8,15.999,15.999],"texture":"#0"},"east":{"uv":[8,8,15.999,15.999],"texture":"#0"}}},{"__comment":"element","from":[7.55,8.469999,10.45],"to":[8.449999,8.964999,12.66],"faces":{"up":{"uv":[8,8,15.999,15.999],"texture":"#0"},"north":{"uv":[8,8,15.999,15.999],"texture":"#0"},"south":{"uv":[8,8,15.999,15.999],"texture":"#0"},"west":{"uv":[8,8,15.999,15.999],"texture":"#0"},"east":{"uv":[8,8,15.999,15.999],"texture":"#0"}}},{"__comment":"element","from":[7.55,7.47,10.41],"to":[8.449999,8.71,12.66],"faces":{"west":{"uv":[8,8,15.999,15.999],"texture":"#0"},"east":{"uv":[8,8,15.999,15.999],"texture":"#0"}}},{"__comment":"element","from":[7.8136,7.83,6.25],"to":[8.186399,8.73,11.5],"rotation":{"origin":[8,8.28,6.3],"axis":"z","angle":45},"faces":{"down":{"uv":[8,8,15.999,15.999],"texture":"#0"},"north":{"uv":[8,8,15.999,15.999],"texture":"#0"},"south":{"uv":[8,8,15.999,15.999],"texture":"#0"}}},{"__comment":"element","from":[7.8136,7.83,6.25],"to":[8.186399,8.73,11.5],"faces":{"down":{"uv":[8,8,15.999,15.999],"texture":"#0"}}},{"__comment":"element","from":[7.55,8.093599,6.25],"to":[8.449999,8.466399,11.5],"rotation":{"origin":[8,8.28,6.3],"axis":"z","angle":45},"faces":{"north":{"uv":[8,8,15.999,15.999],"texture":"#0"},"south":{"uv":[8,8,15.999,15.999],"texture":"#0"},"west":{"uv":[8,8,15.999,15.999],"texture":"#0"}}},{"__comment":"element","from":[7.55,8.093599,6],"to":[8.449999,8.466399,11.5],"faces":{"west":{"uv":[8,8,15.999,15.999],"texture":"#0"},"east":{"uv":[8,8,15.999,15.999],"texture":"#0"}}},{"__comment":"element","from":[7.55,7.5936,8],"to":[8.449999,8.2164,10.25],"faces":{"down":{"uv":[8,8,15.999,15.999],"texture":"#0"},"north":{"uv":[8,8,15.999,15.999],"texture":"#0"},"west":{"uv":[8,8,15.999,15.999],"texture":"#0"},"east":{"uv":[8,8,15.999,15.999],"texture":"#0"}}},{"__comment":"element","from":[7.55,9.093599,9.75],"to":[8.449999,9.716399,11.25],"rotation":{"origin":[8,8.28,6.3],"axis":"x","angle":22.5},"faces":{"down":{"uv":[8,8,15.999,15.999],"texture":"#0"},"west":{"uv":[8,8,15.999,15.999],"texture":"#0"},"east":{"uv":[8,8,15.999,15.999],"texture":"#0"}}},{"__comment":"element","from":[7.55,10.8436,9.25],"to":[8.449999,11.4664,10.75],"rotation":{"origin":[8,8.28,6.3],"axis":"x","angle":45},"faces":{"down":{"uv":[8,8,15.999,15.999],"texture":"#0"},"west":{"uv":[8,8,15.999,15.999],"texture":"#0"},"east":{"uv":[8,8,15.999,15.999],"texture":"#0"}}},{"__comment":"element","from":[7.55,4.08,10.3636],"to":[8.449999,6.83,10.9864],"rotation":{"origin":[8,8.28,6.3],"axis":"x","angle":-22.5},"faces":{"north":{"uv":[8,8,15.999,15.999],"texture":"#0","rotation":90},"west":{"uv":[8,8,15.999,15.999],"texture":"#0","rotation":90},"east":{"uv":[8,8,15.999,15.999],"texture":"#0","rotation":90}}},{"__comment":"element","from":[7.725,6.5936,8.25],"to":[8.275,7.7164,10],"faces":{"down":{"uv":[8,0,15.999,7.999001],"texture":"#0"},"north":{"uv":[8,0,15.999,7.999001],"texture":"#0"},"south":{"uv":[8,0,15.999,7.999001],"texture":"#0"},"west":{"uv":[8,0,15.999,7.999001],"texture":"#0"},"east":{"uv":[8,0,15.999,7.999001],"texture":"#0"}}},{"__comment":"element","from":[7.725,6.5936,8.65],"to":[8.275,8.1536,10.35],"rotation":{"origin":[8.175,8.28,6.3],"axis":"x","angle":22.5},"faces":{"down":{"uv":[8,0,15.999,7.999001],"texture":"#0"},"north":{"uv":[8,0,15.999,7.999001],"texture":"#0"},"south":{"uv":[8,0,15.999,7.999001],"texture":"#0"},"west":{"uv":[8,0,15.999,7.999001],"texture":"#0"},"east":{"uv":[8,0,15.999,7.999001],"texture":"#0"}}},{"__comment":"element","from":[7.55,9.01,7],"to":[8.449999,9.63279,8],"rotation":{"origin":[8,8.28,6.3],"axis":"x","angle":45},"faces":{"down":{"uv":[8,8,15.999,15.999],"texture":"#0"},"up":{"uv":[8,8,15.999,15.999],"texture":"#0"},"north":{"uv":[8,8,15.999,15.999],"texture":"#0"},"west":{"uv":[8,8,15.999,15.999],"texture":"#0"},"east":{"uv":[8,8,15.999,15.999],"texture":"#0"}}},{"__comment":"element","from":[7.8136,8.08,11.45],"to":[8.186399,8.98,12.66],"rotation":{"origin":[8,8.53,12.05],"axis":"z","angle":45},"faces":{"south":{"uv":[8,8,15.999,15.999],"texture":"#0"}}},{"__comment":"element","from":[7.8136,8.33,10.45],"to":[8.186399,9.23,12.66],"rotation":{"origin":[8,8.78,12.05],"axis":"z","angle":45},"faces":{"up":{"uv":[0,8,7.999,15.999],"texture":"#1"},"north":{"uv":[8,8,15.999,15.999],"texture":"#0"},"south":{"uv":[8,8,15.999,15.999],"texture":"#0"},"west":{"uv":[8,8,15.999,15.999],"texture":"#0"}}},{"__comment":"element","from":[7.8136,8.33,10.45],"to":[8.186399,9.23,12.66],"faces":{"up":{"uv":[0,8,7.999,15.999],"texture":"#1"},"north":{"uv":[8,8,15.999,15.999],"texture":"#0"},"south":{"uv":[8,8,15.999,15.999],"texture":"#0"}}},{"__comment":"element","from":[7.55,8.343599,11.45],"to":[8.449999,8.716399,12.66],"rotation":{"origin":[8,8.53,12.05],"axis":"z","angle":45},"faces":{"south":{"uv":[8,8,15.999,15.999],"texture":"#0"}}},{"__comment":"element","from":[7.55,8.593599,10.45],"to":[8.449999,8.966399,12.66],"rotation":{"origin":[8,8.78,12.05],"axis":"z","angle":45},"faces":{"down":{"uv":[8,8,15.999,15.999],"texture":"#0"},"north":{"uv":[8,8,15.999,15.999],"texture":"#0"},"south":{"uv":[8,8,15.999,15.999],"texture":"#0"},"east":{"uv":[8,8,15.999,15.999],"texture":"#0"}}},{"__comment":"element","from":[7.2172,8.83,3.3],"to":[7.38288,9.23,3.55],"rotation":{"origin":[7.3,9.03,3.05],"axis":"z","angle":45},"faces":{"down":{"uv":[0,8,7.999,15.999],"texture":"#1"},"up":{"uv":[0,8,7.999,15.999],"texture":"#1"},"north":{"uv":[0,8,7.999,15.999],"texture":"#1"},"south":{"uv":[0,8,7.999,15.999],"texture":"#1"}}},{"__comment":"element","from":[7.2172,8.83,3.3],"to":[7.38288,9.23,3.55],"faces":{"down":{"uv":[0,8,7.999,15.999],"texture":"#1"},"up":{"uv":[0,8,7.999,15.999],"texture":"#1"},"north":{"uv":[0,8,7.999,15.999],"texture":"#1"},"south":{"uv":[0,8,7.999,15.999],"texture":"#1"}}},{"__comment":"element","from":[7.1,8.9472,3.3],"to":[7.5,9.11288,3.55],"rotation":{"origin":[7.3,9.03,3.05],"axis":"z","angle":45},"faces":{"north":{"uv":[0,8,7.999,15.999],"texture":"#1"},"south":{"uv":[0,8,7.999,15.999],"texture":"#1"},"west":{"uv":[0,8,7.999,15.999],"texture":"#1"},"east":{"uv":[0,8,7.999,15.999],"texture":"#1"}}},{"__comment":"element","from":[7.1,8.9472,3.3],"to":[7.75,9.11288,3.55],"faces":{"north":{"uv":[0,8,7.999,15.999],"texture":"#1"},"south":{"uv":[0,8,7.999,15.999],"texture":"#1"},"west":{"uv":[0,8,7.999,15.999],"texture":"#1"}}},{"__comment":"element","from":[8.6172,8.83,3.3],"to":[8.78288,9.23,3.55],"rotation":{"origin":[8.7,9.03,3.05],"axis":"z","angle":-45},"faces":{"down":{"uv":[0,8,7.999,15.999],"texture":"#1"},"up":{"uv":[0,8,7.999,15.999],"texture":"#1"},"north":{"uv":[0,8,7.999,15.999],"texture":"#1"},"south":{"uv":[0,8,7.999,15.999],"texture":"#1"}}},{"__comment":"element","from":[8.6172,8.83,3.3],"to":[8.78288,9.23,3.55],"faces":{"down":{"uv":[0,8,7.999,15.999],"texture":"#1"},"up":{"uv":[0,8,7.999,15.999],"texture":"#1"},"north":{"uv":[0,8,7.999,15.999],"texture":"#1"},"south":{"uv":[0,8,7.999,15.999],"texture":"#1"}}},{"__comment":"element","from":[8.5,8.9472,3.3],"to":[8.9,9.11288,3.55],"rotation":{"origin":[8.7,9.03,3.05],"axis":"z","angle":-45},"faces":{"north":{"uv":[0,8,7.999,15.999],"texture":"#1"},"south":{"uv":[0,8,7.999,15.999],"texture":"#1"},"west":{"uv":[0,8,7.999,15.999],"texture":"#1"},"east":{"uv":[0,8,7.999,15.999],"texture":"#1"}}},{"__comment":"element","from":[8.25,8.9472,3.3],"to":[8.9,9.11288,3.55],"faces":{"north":{"uv":[0,8,7.999,15.999],"texture":"#1"},"south":{"uv":[0,8,7.999,15.999],"texture":"#1"},"east":{"uv":[0,8,7.999,15.999],"texture":"#1"}}},{"__comment":"element","from":[7.2172,8.83,-0.45],"to":[7.38288,9.23,2.3],"rotation":{"origin":[7.3,9.03,1.8],"axis":"z","angle":45},"faces":{"down":{"uv":[0,8,7.999,15.999],"texture":"#1"},"up":{"uv":[0,8,7.999,15.999],"texture":"#1"},"north":{"uv":[0,8,7.999,15.999],"texture":"#1"},"south":{"uv":[0,8,7.999,15.999],"texture":"#1"}}},{"__comment":"element","from":[7.2172,8.83,-0.45],"to":[7.38288,9.23,2.3],"faces":{"down":{"uv":[0,8,7.999,15.999],"texture":"#1"},"up":{"uv":[0,8,7.999,15.999],"texture":"#1"},"north":{"uv":[0,8,7.999,15.999],"texture":"#1"},"south":{"uv":[0,8,7.999,15.999],"texture":"#1"}}},{"__comment":"element","from":[7.1,8.9472,-0.45],"to":[7.5,9.11288,2.3],"rotation":{"origin":[7.3,9.03,1.8],"axis":"z","angle":45},"faces":{"north":{"uv":[0,8,7.999,15.999],"texture":"#1"},"south":{"uv":[0,8,7.999,15.999],"texture":"#1"},"west":{"uv":[0,8,7.999,15.999],"texture":"#1"},"east":{"uv":[0,8,7.999,15.999],"texture":"#1"}}},{"__comment":"element","from":[7.1,8.9472,-0.45],"to":[7.5,9.11288,2.3],"faces":{"north":{"uv":[0,8,7.999,15.999],"texture":"#1"},"south":{"uv":[0,8,7.999,15.999],"texture":"#1"},"west":{"uv":[0,8,7.999,15.999],"texture":"#1"}}},{"__comment":"element","from":[7.2172,8.83,-1.45],"to":[7.38288,9.23,-1.2],"rotation":{"origin":[7.3,9.03,-1.7],"axis":"z","angle":45},"faces":{"down":{"uv":[0,8,7.999,15.999],"texture":"#1"},"north":{"uv":[0,8,7.999,15.999],"texture":"#1"},"south":{"uv":[0,8,7.999,15.999],"texture":"#1"}}},{"__comment":"element","from":[7.2172,8.83,-1.45],"to":[7.38288,9.23,-1.2],"faces":{"down":{"uv":[0,8,7.999,15.999],"texture":"#1"},"north":{"uv":[0,8,7.999,15.999],"texture":"#1"},"south":{"uv":[0,8,7.999,15.999],"texture":"#1"}}},{"__comment":"element","from":[7.1,8.9472,-1.45],"to":[7.5,9.11288,-1.2],"rotation":{"origin":[7.3,9.03,-1.7],"axis":"z","angle":45},"faces":{"north":{"uv":[0,8,7.999,15.999],"texture":"#1"},"south":{"uv":[0,8,7.999,15.999],"texture":"#1"},"west":{"uv":[0,8,7.999,15.999],"texture":"#1"}}},{"__comment":"element","from":[7.1,8.9472,-1.45],"to":[7.5,9.36288,-1.2],"faces":{"north":{"uv":[0,8,7.999,15.999],"texture":"#1"},"south":{"uv":[0,8,7.999,15.999],"texture":"#1"},"west":{"uv":[0,8,7.999,15.999],"texture":"#1"},"east":{"uv":[0,8,7.999,15.999],"texture":"#1"}}},{"__comment":"element","from":[7.2482,8.905,-1.2],"to":[7.35176,9.155,3.3],"rotation":{"origin":[7.3,9.03,0.05],"axis":"z","angle":45},"faces":{"down":{"uv":[8,0,15.999,7.999001],"texture":"#0"},"up":{"uv":[8,0,15.999,7.999001],"texture":"#0"}}},{"__comment":"element","from":[7.2482,8.905,-1.2],"to":[7.35176,9.155,3.3],"faces":{"down":{"uv":[8,0,15.999,7.999001],"texture":"#0"},"up":{"uv":[8,0,15.999,7.999001],"texture":"#0"}}},{"__comment":"element","from":[7.175,8.9782,-1.2],"to":[7.425,9.08176,3.3],"rotation":{"origin":[7.3,9.03,0.05],"axis":"z","angle":45},"faces":{"west":{"uv":[8,0,15.999,7.999001],"texture":"#0"},"east":{"uv":[8,0,15.999,7.999001],"texture":"#0"}}},{"__comment":"element","from":[7.175,8.9782,-1.2],"to":[7.425,9.08176,3.3],"faces":{"west":{"uv":[8,0,15.999,7.999001],"texture":"#0"},"east":{"uv":[8,0,15.999,7.999001],"texture":"#0"}}},{"__comment":"element","from":[8.6172,9.08,-1.45],"to":[8.78288,9.48,-1.2],"rotation":{"origin":[8.7,9.28,-1.7],"axis":"z","angle":-45},"faces":{"up":{"uv":[0,8,7.999,15.999],"texture":"#1"},"north":{"uv":[0,8,7.999,15.999],"texture":"#1"},"south":{"uv":[0,8,7.999,15.999],"texture":"#1"}}},{"__comment":"element","from":[8.6172,9.08,-1.45],"to":[8.78288,9.48,-1.2],"faces":{"up":{"uv":[0,8,7.999,15.999],"texture":"#1"},"north":{"uv":[0,8,7.999,15.999],"texture":"#1"},"south":{"uv":[0,8,7.999,15.999],"texture":"#1"}}},{"__comment":"element","from":[8.5,9.1972,-1.45],"to":[8.9,9.36288,-1.2],"rotation":{"origin":[8.7,9.28,-1.7],"axis":"z","angle":-45},"faces":{"north":{"uv":[0,8,7.999,15.999],"texture":"#1"},"south":{"uv":[0,8,7.999,15.999],"texture":"#1"},"west":{"uv":[0,8,7.999,15.999],"texture":"#1"}}},{"__comment":"element","from":[8.6482,8.905,-1.2],"to":[8.75176,9.155,3.3],"rotation":{"origin":[8.7,9.03,0.05],"axis":"z","angle":-45},"faces":{"down":{"uv":[8,0,15.999,7.999001],"texture":"#0"},"up":{"uv":[8,0,15.999,7.999001],"texture":"#0"}}},{"__comment":"element","from":[8.6482,8.905,-1.2],"to":[8.75176,9.155,3.3],"faces":{"down":{"uv":[8,0,15.999,7.999001],"texture":"#0"},"up":{"uv":[8,0,15.999,7.999001],"texture":"#0"}}},{"__comment":"element","from":[8.575,8.9782,-1.2],"to":[8.825,9.08176,3.3],"rotation":{"origin":[8.7,9.03,0.05],"axis":"z","angle":-45},"faces":{"west":{"uv":[8,0,15.999,7.999001],"texture":"#0"},"east":{"uv":[8,0,15.999,7.999001],"texture":"#0"}}},{"__comment":"element","from":[8.575,8.9782,-1.2],"to":[8.825,9.08176,3.3],"faces":{"west":{"uv":[8,0,15.999,7.999001],"texture":"#0"},"east":{"uv":[8,0,15.999,7.999001],"texture":"#0"}}},{"__comment":"element","from":[8.6172,8.83,-0.45],"to":[8.78288,9.23,2.3],"rotation":{"origin":[8.7,9.03,1.8],"axis":"z","angle":-45},"faces":{"down":{"uv":[0,8,7.999,15.999],"texture":"#1"},"up":{"uv":[0,8,7.999,15.999],"texture":"#1"},"north":{"uv":[0,8,7.999,15.999],"texture":"#1"},"south":{"uv":[0,8,7.999,15.999],"texture":"#1"}}},{"__comment":"element","from":[8.6172,8.83,-0.45],"to":[8.78288,9.23,2.3],"faces":{"down":{"uv":[0,8,7.999,15.999],"texture":"#1"},"up":{"uv":[0,8,7.999,15.999],"texture":"#1"},"north":{"uv":[0,8,7.999,15.999],"texture":"#1"},"south":{"uv":[0,8,7.999,15.999],"texture":"#1"}}},{"__comment":"element","from":[8.5,8.9472,-0.45],"to":[8.9,9.11288,2.3],"rotation":{"origin":[8.7,9.03,1.8],"axis":"z","angle":-45},"faces":{"north":{"uv":[0,8,7.999,15.999],"texture":"#1"},"south":{"uv":[0,8,7.999,15.999],"texture":"#1"},"west":{"uv":[0,8,7.999,15.999],"texture":"#1"},"east":{"uv":[0,8,7.999,15.999],"texture":"#1"}}},{"__comment":"element","from":[8.5,8.9472,-0.45],"to":[8.9,9.11288,2.3],"faces":{"north":{"uv":[0,8,7.999,15.999],"texture":"#1"},"south":{"uv":[0,8,7.999,15.999],"texture":"#1"},"east":{"uv":[0,8,7.999,15.999],"texture":"#1"}}},{"__comment":"element","from":[8.6172,8.83,-1.45],"to":[8.78288,9.23,-1.2],"rotation":{"origin":[8.7,9.03,-1.7],"axis":"z","angle":-45},"faces":{"down":{"uv":[0,8,7.999,15.999],"texture":"#1"},"north":{"uv":[0,8,7.999,15.999],"texture":"#1"},"south":{"uv":[0,8,7.999,15.999],"texture":"#1"}}},{"__comment":"element","from":[8.6172,8.83,-1.45],"to":[8.78288,9.23,-1.2],"faces":{"down":{"uv":[0,8,7.999,15.999],"texture":"#1"},"north":{"uv":[0,8,7.999,15.999],"texture":"#1"},"south":{"uv":[0,8,7.999,15.999],"texture":"#1"}}},{"__comment":"element","from":[8.5,8.9472,-1.45],"to":[8.9,9.11288,-1.2],"rotation":{"origin":[8.7,9.03,-1.7],"axis":"z","angle":-45},"faces":{"north":{"uv":[0,8,7.999,15.999],"texture":"#1"},"south":{"uv":[0,8,7.999,15.999],"texture":"#1"},"east":{"uv":[0,8,7.999,15.999],"texture":"#1"}}},{"__comment":"element","from":[8.5,8.9472,-1.45],"to":[8.9,9.36288,-1.2],"faces":{"north":{"uv":[0,8,7.999,15.999],"texture":"#1"},"south":{"uv":[0,8,7.999,15.999],"texture":"#1"},"west":{"uv":[0,8,7.999,15.999],"texture":"#1"},"east":{"uv":[0,8,7.999,15.999],"texture":"#1"}}},{"__comment":"element","from":[7.55,8.0315,5.95],"to":[8.549999,8.52856,7.15],"rotation":{"origin":[8.05,8.28,6.55],"axis":"x","angle":45},"faces":{"north":{"uv":[8,8,15.999,15.999],"texture":"#0"},"south":{"uv":[8,8,15.999,15.999],"texture":"#0"},"west":{"uv":[8,8,15.999,15.999],"texture":"#0"},"east":{"uv":[8,8,15.999,15.999],"texture":"#0"}}},{"__comment":"element","from":[7.55,8.0315,5.95],"to":[8.549999,8.52856,7.15],"faces":{"north":{"uv":[8,8,15.999,15.999],"texture":"#0"},"south":{"uv":[8,8,15.999,15.999],"texture":"#0"},"west":{"uv":[8,8,15.999,15.999],"texture":"#0"},"east":{"uv":[8,8,15.999,15.999],"texture":"#0"}}},{"__comment":"element","from":[7.55,7.68,6.3015],"to":[8.549999,8.88,6.79856],"rotation":{"origin":[8.05,8.28,6.55],"axis":"x","angle":45},"faces":{"down":{"uv":[8,8,15.999,15.999],"texture":"#0"},"up":{"uv":[8,8,15.999,15.999],"texture":"#0"},"west":{"uv":[8,8,15.999,15.999],"texture":"#0"},"east":{"uv":[8,8,15.999,15.999],"texture":"#0"}}},{"__comment":"element","from":[7.55,7.68,6.3015],"to":[8.549999,8.88,6.79856],"faces":{"down":{"uv":[8,8,15.999,15.999],"texture":"#0"},"west":{"uv":[8,8,15.999,15.999],"texture":"#0"},"east":{"uv":[8,8,15.999,15.999],"texture":"#0"}}},{"__comment":"element","from":[7.2172,9.08,-1.45],"to":[7.38288,9.48,-1.2],"rotation":{"origin":[7.3,9.28,-1.7],"axis":"z","angle":45},"faces":{"up":{"uv":[0,8,7.999,15.999],"texture":"#1"},"north":{"uv":[0,8,7.999,15.999],"texture":"#1"},"south":{"uv":[0,8,7.999,15.999],"texture":"#1"}}},{"__comment":"element","from":[7.2172,9.08,-1.45],"to":[7.38288,9.48,-1.2],"faces":{"up":{"uv":[0,8,7.999,15.999],"texture":"#1"},"north":{"uv":[0,8,7.999,15.999],"texture":"#1"},"south":{"uv":[0,8,7.999,15.999],"texture":"#1"}}},{"__comment":"element","from":[7.1,9.1972,-1.45],"to":[7.5,9.36288,-1.2],"rotation":{"origin":[7.3,9.28,-1.7],"axis":"z","angle":45},"faces":{"north":{"uv":[0,8,7.999,15.999],"texture":"#1"},"south":{"uv":[0,8,7.999,15.999],"texture":"#1"},"east":{"uv":[0,8,7.999,15.999],"texture":"#1"}}},{"__comment":"element","from":[7.9172,9.08,-0.7],"to":[8.08288,9.48,1.05],"rotation":{"origin":[8,9.28,1.8],"axis":"z","angle":45},"faces":{"up":{"uv":[8,8,15.999,15.999],"texture":"#0"},"north":{"uv":[8,8,15.999,15.999],"texture":"#0"},"south":{"uv":[8,8,15.999,15.999],"texture":"#0"}}},{"__comment":"element","from":[7.9172,9.08,-0.7],"to":[8.08288,9.48,1.05],"faces":{"up":{"uv":[8,8,15.999,15.999],"texture":"#0"},"north":{"uv":[8,8,15.999,15.999],"texture":"#0"},"south":{"uv":[8,8,15.999,15.999],"texture":"#0"}}},{"__comment":"element","from":[7.8,9.1972,-0.7],"to":[8.199999,9.36288,1.05],"rotation":{"origin":[8,9.28,1.8],"axis":"z","angle":45},"faces":{"north":{"uv":[8,8,15.999,15.999],"texture":"#0"},"south":{"uv":[8,8,15.999,15.999],"texture":"#0"},"east":{"uv":[8,8,15.999,15.999],"texture":"#0"}}},{"__comment":"element","from":[7.8,9.1972,-0.7],"to":[8.199999,9.36288,1.05],"faces":{"south":{"uv":[8,8,15.999,15.999],"texture":"#0"},"west":{"uv":[8,8,15.999,15.999],"texture":"#0"},"east":{"uv":[8,8,15.999,15.999],"texture":"#0"}}},{"__comment":"element","from":[7.9172,9.08,2.55],"to":[8.08288,9.48,4.3],"rotation":{"origin":[8,9.28,5.05],"axis":"z","angle":45},"faces":{"up":{"uv":[8,8,15.999,15.999],"texture":"#0"},"north":{"uv":[8,8,15.999,15.999],"texture":"#0"},"south":{"uv":[8,8,15.999,15.999],"texture":"#0"}}},{"__comment":"element","from":[7.9172,9.08,2.55],"to":[8.08288,9.48,4.3],"faces":{"up":{"uv":[8,8,15.999,15.999],"texture":"#0"},"north":{"uv":[8,8,15.999,15.999],"texture":"#0"}}},{"__comment":"element","from":[7.8,9.1972,2.55],"to":[8.199999,9.36288,4.3],"rotation":{"origin":[8,9.28,5.05],"axis":"z","angle":45},"faces":{"north":{"uv":[8,8,15.999,15.999],"texture":"#0"},"south":{"uv":[8,8,15.999,15.999],"texture":"#0"},"east":{"uv":[8,8,15.999,15.999],"texture":"#0"}}},{"__comment":"element","from":[7.8,9.1972,2.55],"to":[8.199999,9.36288,4.3],"faces":{"north":{"uv":[8,8,15.999,15.999],"texture":"#0"},"west":{"uv":[8,8,15.999,15.999],"texture":"#0"},"east":{"uv":[8,8,15.999,15.999],"texture":"#0"}}},{"__comment":"element","from":[7.9482,9.155,0.55],"to":[8.05176,9.405,2.8],"rotation":{"origin":[8,9.28,1.05],"axis":"z","angle":45},"faces":{"up":{"uv":[8,0,15.999,7.999001],"texture":"#0"}}},{"__comment":"element","from":[7.9482,9.155,0.55],"to":[8.05176,9.405,2.8],"faces":{"up":{"uv":[8,0,15.999,7.999001],"texture":"#0"}}},{"__comment":"element","from":[7.875,9.2282,0.55],"to":[8.125,9.33176,2.8],"rotation":{"origin":[8,9.28,1.05],"axis":"z","angle":45},"faces":{"east":{"uv":[8,0,15.999,7.999001],"texture":"#0"}}},{"__comment":"element","from":[7.875,9.2282,0.55],"to":[8.125,9.33176,2.8],"faces":{"west":{"uv":[8,0,15.999,7.999001],"texture":"#0"},"east":{"uv":[8,0,15.999,7.999001],"texture":"#0"}}},{"__comment":"element","from":[8.3,10.885,4.2],"to":[8.45,11.17494,4.9],"rotation":{"origin":[7.95,11.03,4.55],"axis":"x","angle":45},"faces":{"north":{"uv":[8,8,15.999,15.999],"texture":"#0"},"south":{"uv":[8,8,15.999,15.999],"texture":"#0"},"west":{"uv":[8,8,15.999,15.999],"texture":"#0"},"east":{"uv":[8,8,15.999,15.999],"texture":"#0"}}},{"__comment":"element","from":[8.3,10.885,4.2],"to":[8.45,11.17494,4.9],"faces":{"south":{"uv":[8,8,15.999,15.999],"texture":"#0"},"west":{"uv":[8,8,15.999,15.999],"texture":"#0"},"east":{"uv":[8,8,15.999,15.999],"texture":"#0"}}},{"__comment":"element","from":[8.3,10.68,4.405],"to":[8.45,11.38,4.69494],"rotation":{"origin":[7.95,11.03,4.55],"axis":"x","angle":45},"faces":{"down":{"uv":[8,8,15.999,15.999],"texture":"#0"},"up":{"uv":[8,8,15.999,15.999],"texture":"#0"},"west":{"uv":[8,8,15.999,15.999],"texture":"#0"},"east":{"uv":[8,8,15.999,15.999],"texture":"#0"}}},{"__comment":"element","from":[8.3,10.68,4.405],"to":[8.45,11.38,4.69494],"faces":{"up":{"uv":[8,8,15.999,15.999],"texture":"#0"},"west":{"uv":[8,8,15.999,15.999],"texture":"#0"},"east":{"uv":[8,8,15.999,15.999],"texture":"#0"}}},{"__comment":"element","from":[8.3,10.885,-1.3],"to":[8.45,11.17494,-0.6],"rotation":{"origin":[7.95,11.03,-0.95],"axis":"x","angle":45},"faces":{"north":{"uv":[8,8,15.999,15.999],"texture":"#0"},"south":{"uv":[8,8,15.999,15.999],"texture":"#0"},"west":{"uv":[8,8,15.999,15.999],"texture":"#0"},"east":{"uv":[8,8,15.999,15.999],"texture":"#0"}}},{"__comment":"element","from":[8.3,10.885,-1.3],"to":[8.45,11.17494,4.4],"faces":{"north":{"uv":[8,8,15.999,15.999],"texture":"#0"},"west":{"uv":[8,8,15.999,15.999],"texture":"#0"},"east":{"uv":[8,8,15.999,15.999],"texture":"#0"}}},{"__comment":"element","from":[8.3,10.885,-0.8],"to":[8.45,11.375,4.650001],"faces":{"up":{"uv":[8,8,15.999,15.999],"texture":"#0"},"north":{"uv":[8,8,15.999,15.999],"texture":"#0"},"west":{"uv":[8,8,15.999,15.999],"texture":"#0"},"east":{"uv":[8,8,15.999,15.999],"texture":"#0"}}},{"__comment":"element","from":[8.3,10.72,-1.266],"to":[8.45,11.00995,-0.6659999],"rotation":{"origin":[7.95,11.03,-0.95],"axis":"x","angle":22.5},"faces":{"down":{"uv":[8,8,15.999,15.999],"texture":"#0"},"north":{"uv":[8,8,15.999,15.999],"texture":"#0"},"west":{"uv":[8,8,15.999,15.999],"texture":"#0"},"east":{"uv":[8,8,15.999,15.999],"texture":"#0"}}},{"__comment":"element","from":[8.3,10.47,-1.016],"to":[8.45,11.00995,-0.666],"rotation":{"origin":[7.95,11.03,-0.95],"axis":"x","angle":22.5},"faces":{"south":{"uv":[8,8,15.999,15.999],"texture":"#0"},"west":{"uv":[8,8,15.999,15.999],"texture":"#0"},"east":{"uv":[8,8,15.999,15.999],"texture":"#0"}}},{"__comment":"element","from":[8.3,10.68,-1.095],"to":[8.45,11.38,-0.80506],"rotation":{"origin":[7.95,11.03,-0.95],"axis":"x","angle":45},"faces":{"up":{"uv":[8,8,15.999,15.999],"texture":"#0"},"west":{"uv":[8,8,15.999,15.999],"texture":"#0"},"east":{"uv":[8,8,15.999,15.999],"texture":"#0"}}},{"__comment":"element","from":[8.3,10.68,-1.095],"to":[8.45,11.38,-0.80506],"faces":{"up":{"uv":[8,8,15.999,15.999],"texture":"#0"},"west":{"uv":[8,8,15.999,15.999],"texture":"#0"},"east":{"uv":[8,8,15.999,15.999],"texture":"#0"}}},{"__comment":"element","from":[7.9552,11.055,4.55],"to":[8.04472,11.155,4.8],"rotation":{"origin":[8,11.28,5.05],"axis":"z","angle":-45},"faces":{"up":{"uv":[8,8,15.999,15.999],"texture":"#0"},"north":{"uv":[8,8,15.999,15.999],"texture":"#0"},"south":{"uv":[8,8,15.999,15.999],"texture":"#0"}}},{"__comment":"element","from":[7.9552,11.055,4.55],"to":[8.04472,11.155,4.8],"rotation":{"origin":[8,11.28,5.05],"axis":"z","angle":-22.5},"faces":{"up":{"uv":[8,8,15.999,15.999],"texture":"#0"},"north":{"uv":[8,8,15.999,15.999],"texture":"#0"},"south":{"uv":[8,8,15.999,15.999],"texture":"#0"}}},{"__comment":"element","from":[7.7052,10.805,4.55],"to":[8.29472,11.155,4.8],"faces":{"up":{"uv":[8,8,15.999,15.999],"texture":"#0"},"north":{"uv":[8,8,15.999,15.999],"texture":"#0"},"south":{"uv":[8,8,15.999,15.999],"texture":"#0"},"west":{"uv":[8,8,15.999,15.999],"texture":"#0"},"east":{"uv":[8,8,15.999,15.999],"texture":"#0"}}},{"__comment":"element","from":[7.9552,11.055,4.55],"to":[8.04472,11.155,4.8],"rotation":{"origin":[8,11.28,5.05],"axis":"z","angle":22.5},"faces":{"up":{"uv":[8,8,15.999,15.999],"texture":"#0"},"north":{"uv":[8,8,15.999,15.999],"texture":"#0"},"south":{"uv":[8,8,15.999,15.999],"texture":"#0"}}},{"__comment":"element","from":[7.9552,11.055,4.55],"to":[8.04472,11.155,4.8],"rotation":{"origin":[8,11.28,5.05],"axis":"z","angle":45},"faces":{"up":{"uv":[8,8,15.999,15.999],"texture":"#0"},"north":{"uv":[8,8,15.999,15.999],"texture":"#0"},"south":{"uv":[8,8,15.999,15.999],"texture":"#0"}}},{"__comment":"element","from":[7.9552,11.405,4.55],"to":[8.04472,11.505,4.8],"rotation":{"origin":[8,11.28,5.05],"axis":"z","angle":-45},"faces":{"down":{"uv":[8,8,15.999,15.999],"texture":"#0"},"up":{"uv":[8,8,15.999,15.999],"texture":"#0"},"north":{"uv":[8,8,15.999,15.999],"texture":"#0"},"south":{"uv":[8,8,15.999,15.999],"texture":"#0"}}},{"__comment":"element","from":[7.9552,11.405,4.55],"to":[8.04472,11.505,4.8],"rotation":{"origin":[8,11.28,5.05],"axis":"z","angle":-22.5},"faces":{"down":{"uv":[8,8,15.999,15.999],"texture":"#0"},"up":{"uv":[8,8,15.999,15.999],"texture":"#0"},"north":{"uv":[8,8,15.999,15.999],"texture":"#0"},"south":{"uv":[8,8,15.999,15.999],"texture":"#0"}}},{"__comment":"element","from":[7.9552,11.405,4.55],"to":[8.04472,11.505,4.8],"faces":{"down":{"uv":[8,8,15.999,15.999],"texture":"#0"},"up":{"uv":[8,8,15.999,15.999],"texture":"#0"},"north":{"uv":[8,8,15.999,15.999],"texture":"#0"},"south":{"uv":[8,8,15.999,15.999],"texture":"#0"}}},{"__comment":"element","from":[7.9552,10.405,-1.36],"to":[8.04472,11.505,-1.11],"faces":{"up":{"uv":[8,8,15.999,15.999],"texture":"#0"},"north":{"uv":[8,8,15.999,15.999],"texture":"#0"},"south":{"uv":[8,8,15.999,15.999],"texture":"#0"},"west":{"uv":[8,8,15.999,15.999],"texture":"#0"},"east":{"uv":[8,8,15.999,15.999],"texture":"#0"}}},{"__comment":"element","from":[8.099999,10.655,-1.36],"to":[8.189509,11.135,-1.11],"rotation":{"origin":[8,11.28,5.05],"axis":"z","angle":-45},"faces":{"north":{"uv":[8,8,15.999,15.999],"texture":"#0"},"south":{"uv":[8,8,15.999,15.999],"texture":"#0"},"west":{"uv":[8,8,15.999,15.999],"texture":"#0"},"east":{"uv":[8,8,15.999,15.999],"texture":"#0"}}},{"__comment":"element","from":[7.8105,10.655,-1.36],"to":[7.90001,11.135,-1.11],"rotation":{"origin":[8,11.28,5.05],"axis":"z","angle":45},"faces":{"north":{"uv":[8,8,15.999,15.999],"texture":"#0"},"south":{"uv":[8,8,15.999,15.999],"texture":"#0"},"west":{"uv":[8,8,15.999,15.999],"texture":"#0"},"east":{"uv":[8,8,15.999,15.999],"texture":"#0"}}},{"__comment":"element","from":[7.9552,11.405,4.55],"to":[8.04472,11.505,4.8],"rotation":{"origin":[8,11.28,5.05],"axis":"z","angle":22.5},"faces":{"down":{"uv":[8,8,15.999,15.999],"texture":"#0"},"up":{"uv":[8,8,15.999,15.999],"texture":"#0"},"north":{"uv":[8,8,15.999,15.999],"texture":"#0"},"south":{"uv":[8,8,15.999,15.999],"texture":"#0"}}},{"__comment":"element","from":[7.9552,11.405,4.55],"to":[8.04472,11.505,4.8],"rotation":{"origin":[8,11.28,5.05],"axis":"z","angle":45},"faces":{"down":{"uv":[8,8,15.999,15.999],"texture":"#0"},"up":{"uv":[8,8,15.999,15.999],"texture":"#0"},"north":{"uv":[8,8,15.999,15.999],"texture":"#0"},"south":{"uv":[8,8,15.999,15.999],"texture":"#0"}}},{"__comment":"element","from":[7.775,11.2352,4.55],"to":[7.875,11.32472,4.8],"rotation":{"origin":[8,11.28,5.05],"axis":"z","angle":-22.5},"faces":{"north":{"uv":[8,8,15.999,15.999],"texture":"#0"},"south":{"uv":[8,8,15.999,15.999],"texture":"#0"},"west":{"uv":[8,8,15.999,15.999],"texture":"#0"},"east":{"uv":[8,8,15.999,15.999],"texture":"#0"}}},{"__comment":"element","from":[7.775,11.2352,4.55],"to":[7.875,11.32472,4.8],"faces":{"north":{"uv":[8,8,15.999,15.999],"texture":"#0"},"south":{"uv":[8,8,15.999,15.999],"texture":"#0"},"west":{"uv":[8,8,15.999,15.999],"texture":"#0"},"east":{"uv":[8,8,15.999,15.999],"texture":"#0"}}},{"__comment":"element","from":[7.775,11.2352,4.55],"to":[7.875,11.32472,4.8],"rotation":{"origin":[8,11.28,5.05],"axis":"z","angle":22.5},"faces":{"north":{"uv":[8,8,15.999,15.999],"texture":"#0"},"south":{"uv":[8,8,15.999,15.999],"texture":"#0"},"west":{"uv":[8,8,15.999,15.999],"texture":"#0"},"east":{"uv":[8,8,15.999,15.999],"texture":"#0"}}},{"__comment":"element","from":[8.125,11.2352,4.55],"to":[8.225,11.32472,4.8],"rotation":{"origin":[8,11.28,5.05],"axis":"z","angle":-22.5},"faces":{"north":{"uv":[8,8,15.999,15.999],"texture":"#0"},"south":{"uv":[8,8,15.999,15.999],"texture":"#0"},"west":{"uv":[8,8,15.999,15.999],"texture":"#0"},"east":{"uv":[8,8,15.999,15.999],"texture":"#0"}}},{"__comment":"element","from":[8.125,11.2352,4.55],"to":[8.225,11.32472,4.8],"faces":{"north":{"uv":[8,8,15.999,15.999],"texture":"#0"},"south":{"uv":[8,8,15.999,15.999],"texture":"#0"},"west":{"uv":[8,8,15.999,15.999],"texture":"#0"},"east":{"uv":[8,8,15.999,15.999],"texture":"#0"}}},{"__comment":"element","from":[8.125,11.2352,4.55],"to":[8.225,11.32472,4.8],"rotation":{"origin":[8,11.28,5.05],"axis":"z","angle":22.5},"faces":{"north":{"uv":[8,8,15.999,15.999],"texture":"#0"},"south":{"uv":[8,8,15.999,15.999],"texture":"#0"},"west":{"uv":[8,8,15.999,15.999],"texture":"#0"},"east":{"uv":[8,8,15.999,15.999],"texture":"#0"}}},{"__comment":"element","from":[7.9503,8.03,-1.7],"to":[8.04976,8.53,-0.9499999],"rotation":{"origin":[8,8.28,-1.45],"axis":"z","angle":-45},"faces":{"down":{"uv":[8,8,15.999,15.999],"texture":"#0"},"up":{"uv":[8,8,15.999,15.999],"texture":"#0"},"north":{"uv":[8,8,15.999,15.999],"texture":"#0"},"south":{"uv":[8,8,15.999,15.999],"texture":"#0"}}},{"__comment":"element","from":[7.9503,8.03,-1.7],"to":[8.04976,8.53,-0.9499999],"rotation":{"origin":[8,8.28,-1.45],"axis":"z","angle":-22.5},"faces":{"down":{"uv":[8,8,15.999,15.999],"texture":"#0"},"up":{"uv":[8,8,15.999,15.999],"texture":"#0"},"north":{"uv":[8,8,15.999,15.999],"texture":"#0"},"south":{"uv":[8,8,15.999,15.999],"texture":"#0"}}},{"__comment":"element","from":[7.9503,8.03,-1.7],"to":[8.04976,8.53,-0.9499999],"faces":{"down":{"uv":[8,8,15.999,15.999],"texture":"#0"},"up":{"uv":[8,8,15.999,15.999],"texture":"#0"},"north":{"uv":[8,8,15.999,15.999],"texture":"#0"}}},{"__comment":"element","from":[7.9503,8.03,-1.7],"to":[8.04976,8.53,-0.9499999],"rotation":{"origin":[8,8.28,-1.45],"axis":"z","angle":22.5},"faces":{"down":{"uv":[8,8,15.999,15.999],"texture":"#0"},"up":{"uv":[8,8,15.999,15.999],"texture":"#0"},"north":{"uv":[8,8,15.999,15.999],"texture":"#0"},"south":{"uv":[8,8,15.999,15.999],"texture":"#0"}}},{"__comment":"element","from":[7.9503,8.03,-1.7],"to":[8.04976,8.53,-0.9499999],"rotation":{"origin":[8,8.28,-1.45],"axis":"z","angle":45},"faces":{"down":{"uv":[8,8,15.999,15.999],"texture":"#0"},"up":{"uv":[8,8,15.999,15.999],"texture":"#0"},"north":{"uv":[8,8,15.999,15.999],"texture":"#0"}}},{"__comment":"element","from":[7.75,8.2303,-1.7],"to":[8.25,8.32976,-0.9499999],"rotation":{"origin":[8,8.28,-1.45],"axis":"z","angle":-22.5},"faces":{"north":{"uv":[8,8,15.999,15.999],"texture":"#0"},"south":{"uv":[8,8,15.999,15.999],"texture":"#0"},"west":{"uv":[8,8,15.999,15.999],"texture":"#0"},"east":{"uv":[8,8,15.999,15.999],"texture":"#0"}}},{"__comment":"element","from":[7.75,8.2303,-1.7],"to":[8.25,8.32976,-0.9499999],"faces":{"north":{"uv":[8,8,15.999,15.999],"texture":"#0"},"west":{"uv":[8,8,15.999,15.999],"texture":"#0"},"east":{"uv":[8,8,15.999,15.999],"texture":"#0"}}},{"__comment":"element","from":[7.75,8.2303,-1.7],"to":[8.25,8.32976,-0.9499999],"rotation":{"origin":[8,8.28,-1.45],"axis":"z","angle":22.5},"faces":{"north":{"uv":[8,8,15.999,15.999],"texture":"#0"},"south":{"uv":[8,8,15.999,15.999],"texture":"#0"},"west":{"uv":[8,8,15.999,15.999],"texture":"#0"},"east":{"uv":[8,8,15.999,15.999],"texture":"#0"}}},{"__comment":"element","from":[7.9503,8.03,-2.2],"to":[8.04976,8.53,-1.95],"rotation":{"origin":[8,8.28,-2.45],"axis":"z","angle":-45},"faces":{"down":{"uv":[8,0,15.999,7.999001],"texture":"#0"},"up":{"uv":[8,0,15.999,7.999001],"texture":"#0"},"north":{"uv":[8,0,15.999,7.999001],"texture":"#0"},"south":{"uv":[8,0,15.999,7.999001],"texture":"#0"}}},{"__comment":"element","from":[7.9503,8.03,-2.2],"to":[8.04976,8.53,-1.95],"rotation":{"origin":[8,8.28,-2.45],"axis":"z","angle":-22.5},"faces":{"down":{"uv":[8,0,15.999,7.999001],"texture":"#0"},"up":{"uv":[8,0,15.999,7.999001],"texture":"#0"},"north":{"uv":[8,0,15.999,7.999001],"texture":"#0"},"south":{"uv":[8,0,15.999,7.999001],"texture":"#0"}}},{"__comment":"element","from":[7.9503,8.03,-2.2],"to":[8.04976,8.53,-1.95],"faces":{"down":{"uv":[8,0,15.999,7.999001],"texture":"#0"},"up":{"uv":[8,0,15.999,7.999001],"texture":"#0"},"north":{"uv":[8,0,15.999,7.999001],"texture":"#0"},"south":{"uv":[8,0,15.999,7.999001],"texture":"#0"}}},{"__comment":"element","from":[7.9503,8.03,-2.2],"to":[8.04976,8.53,-1.95],"rotation":{"origin":[8,8.28,-2.45],"axis":"z","angle":22.5},"faces":{"down":{"uv":[8,0,15.999,7.999001],"texture":"#0"},"up":{"uv":[8,0,15.999,7.999001],"texture":"#0"},"north":{"uv":[8,0,15.999,7.999001],"texture":"#0"},"south":{"uv":[8,0,15.999,7.999001],"texture":"#0"}}},{"__comment":"element","from":[7.9503,8.03,-2.2],"to":[8.04976,8.53,-1.95],"rotation":{"origin":[8,8.28,-2.45],"axis":"z","angle":45},"faces":{"down":{"uv":[8,0,15.999,7.999001],"texture":"#0"},"up":{"uv":[8,0,15.999,7.999001],"texture":"#0"},"north":{"uv":[8,0,15.999,7.999001],"texture":"#0"},"south":{"uv":[8,0,15.999,7.999001],"texture":"#0"}}},{"__comment":"element","from":[7.75,8.2303,-2.2],"to":[8.25,8.32976,-1.95],"rotation":{"origin":[8,8.28,-2.45],"axis":"z","angle":-22.5},"faces":{"north":{"uv":[8,0,15.999,7.999001],"texture":"#0"},"south":{"uv":[8,0,15.999,7.999001],"texture":"#0"},"west":{"uv":[8,0,15.999,7.999001],"texture":"#0"},"east":{"uv":[8,0,15.999,7.999001],"texture":"#0"}}},{"__comment":"element","from":[7.75,8.2303,-2.2],"to":[8.25,8.32976,-1.95],"faces":{"north":{"uv":[8,0,15.999,7.999001],"texture":"#0"},"south":{"uv":[8,0,15.999,7.999001],"texture":"#0"},"west":{"uv":[8,0,15.999,7.999001],"texture":"#0"},"east":{"uv":[8,0,15.999,7.999001],"texture":"#0"}}},{"__comment":"element","from":[7.75,8.2303,-2.2],"to":[8.25,8.32976,-1.95],"rotation":{"origin":[8,8.28,-2.45],"axis":"z","angle":22.5},"faces":{"north":{"uv":[8,0,15.999,7.999001],"texture":"#0"},"south":{"uv":[8,0,15.999,7.999001],"texture":"#0"},"west":{"uv":[8,0,15.999,7.999001],"texture":"#0"},"east":{"uv":[8,0,15.999,7.999001],"texture":"#0"}}},{"__comment":"element","from":[7.9503,8.03,-2.7],"to":[8.04976,8.53,-2.45],"rotation":{"origin":[8,8.28,-2.95],"axis":"z","angle":-45},"faces":{"down":{"uv":[8,0,15.999,7.999001],"texture":"#0"},"up":{"uv":[8,0,15.999,7.999001],"texture":"#0"},"north":{"uv":[8,0,15.999,7.999001],"texture":"#0"},"south":{"uv":[8,0,15.999,7.999001],"texture":"#0"}}},{"__comment":"element","from":[7.9503,8.03,-2.7],"to":[8.04976,8.53,-2.45],"rotation":{"origin":[8,8.28,-2.95],"axis":"z","angle":-22.5},"faces":{"down":{"uv":[8,0,15.999,7.999001],"texture":"#0"},"up":{"uv":[8,0,15.999,7.999001],"texture":"#0"},"north":{"uv":[8,0,15.999,7.999001],"texture":"#0"},"south":{"uv":[8,0,15.999,7.999001],"texture":"#0"}}},{"__comment":"element","from":[7.9503,8.03,-2.7],"to":[8.04976,8.53,-2.45],"faces":{"down":{"uv":[8,0,15.999,7.999001],"texture":"#0"},"up":{"uv":[8,0,15.999,7.999001],"texture":"#0"},"north":{"uv":[8,0,15.999,7.999001],"texture":"#0"},"south":{"uv":[8,0,15.999,7.999001],"texture":"#0"}}},{"__comment":"element","from":[7.9503,8.03,-2.7],"to":[8.04976,8.53,-2.45],"rotation":{"origin":[8,8.28,-2.95],"axis":"z","angle":22.5},"faces":{"down":{"uv":[8,0,15.999,7.999001],"texture":"#0"},"up":{"uv":[8,0,15.999,7.999001],"texture":"#0"},"north":{"uv":[8,0,15.999,7.999001],"texture":"#0"},"south":{"uv":[8,0,15.999,7.999001],"texture":"#0"}}},{"__comment":"element","from":[7.9503,8.03,-2.7],"to":[8.04976,8.53,-2.45],"rotation":{"origin":[8,8.28,-2.95],"axis":"z","angle":45},"faces":{"down":{"uv":[8,0,15.999,7.999001],"texture":"#0"},"up":{"uv":[8,0,15.999,7.999001],"texture":"#0"},"north":{"uv":[8,0,15.999,7.999001],"texture":"#0"},"south":{"uv":[8,0,15.999,7.999001],"texture":"#0"}}},{"__comment":"element","from":[7.75,8.2303,-2.7],"to":[8.25,8.32976,-2.45],"rotation":{"origin":[8,8.28,-2.95],"axis":"z","angle":-22.5},"faces":{"north":{"uv":[8,0,15.999,7.999001],"texture":"#0"},"south":{"uv":[8,0,15.999,7.999001],"texture":"#0"},"west":{"uv":[8,0,15.999,7.999001],"texture":"#0"},"east":{"uv":[8,0,15.999,7.999001],"texture":"#0"}}},{"__comment":"element","from":[7.75,8.2303,-2.7],"to":[8.25,8.32976,-2.45],"faces":{"north":{"uv":[8,0,15.999,7.999001],"texture":"#0"},"south":{"uv":[8,0,15.999,7.999001],"texture":"#0"},"west":{"uv":[8,0,15.999,7.999001],"texture":"#0"},"east":{"uv":[8,0,15.999,7.999001],"texture":"#0"}}},{"__comment":"element","from":[7.75,8.2303,-2.7],"to":[8.25,8.32976,-2.45],"rotation":{"origin":[8,8.28,-2.95],"axis":"z","angle":22.5},"faces":{"north":{"uv":[8,0,15.999,7.999001],"texture":"#0"},"south":{"uv":[8,0,15.999,7.999001],"texture":"#0"},"west":{"uv":[8,0,15.999,7.999001],"texture":"#0"},"east":{"uv":[8,0,15.999,7.999001],"texture":"#0"}}},{"__comment":"element","from":[7.9602,8.08,-3.2],"to":[8.03976,8.48,-1.45],"rotation":{"origin":[8,8.28,-1.95],"axis":"z","angle":-45},"faces":{"down":{"uv":[8,0,15.999,7.999001],"texture":"#0"},"up":{"uv":[8,0,15.999,7.999001],"texture":"#0"},"north":{"uv":[8,0,15.999,7.999001],"texture":"#0"}}},{"__comment":"element","from":[7.9602,8.08,-3.2],"to":[8.03976,8.48,-1.45],"rotation":{"origin":[8,8.28,-1.95],"axis":"z","angle":-22.5},"faces":{"down":{"uv":[8,0,15.999,7.999001],"texture":"#0"},"up":{"uv":[8,0,15.999,7.999001],"texture":"#0"},"north":{"uv":[8,0,15.999,7.999001],"texture":"#0"}}},{"__comment":"element","from":[7.9602,8.08,-3.2],"to":[8.03976,8.48,-1.45],"faces":{"down":{"uv":[8,0,15.999,7.999001],"texture":"#0"},"up":{"uv":[8,0,15.999,7.999001],"texture":"#0"},"north":{"uv":[8,0,15.999,7.999001],"texture":"#0"}}},{"__comment":"element","from":[7.9602,8.08,-3.2],"to":[8.03976,8.48,-1.45],"rotation":{"origin":[8,8.28,-1.95],"axis":"z","angle":22.5},"faces":{"down":{"uv":[8,0,15.999,7.999001],"texture":"#0"},"up":{"uv":[8,0,15.999,7.999001],"texture":"#0"},"north":{"uv":[8,0,15.999,7.999001],"texture":"#0"}}},{"__comment":"element","from":[7.9602,8.08,-3.2],"to":[8.03976,8.48,-1.45],"rotation":{"origin":[8,8.28,-1.95],"axis":"z","angle":45},"faces":{"down":{"uv":[8,0,15.999,7.999001],"texture":"#0"},"up":{"uv":[8,0,15.999,7.999001],"texture":"#0"},"north":{"uv":[8,0,15.999,7.999001],"texture":"#0"}}},{"__comment":"element","from":[7.8,8.2402,-3.2],"to":[8.199999,8.31976,-1.45],"rotation":{"origin":[8,8.28,-1.95],"axis":"z","angle":-22.5},"faces":{"north":{"uv":[8,0,15.999,7.999001],"texture":"#0"},"west":{"uv":[8,0,15.999,7.999001],"texture":"#0"},"east":{"uv":[8,0,15.999,7.999001],"texture":"#0"}}},{"__comment":"element","from":[7.8,8.2402,-3.2],"to":[8.199999,8.31976,-1.45],"faces":{"north":{"uv":[8,0,15.999,7.999001],"texture":"#0"},"west":{"uv":[8,0,15.999,7.999001],"texture":"#0"},"east":{"uv":[8,0,15.999,7.999001],"texture":"#0"}}},{"__comment":"element","from":[7.8,8.2402,-3.2],"to":[8.199999,8.31976,-1.45],"rotation":{"origin":[8,8.28,-1.95],"axis":"z","angle":22.5},"faces":{"north":{"uv":[8,0,15.999,7.999001],"texture":"#0"},"west":{"uv":[8,0,15.999,7.999001],"texture":"#0"},"east":{"uv":[8,0,15.999,7.999001],"texture":"#0"}}},{"__comment":"element","from":[7.9403,7.98,-3.95],"to":[8.059641,8.08,-2.95],"rotation":{"origin":[8,8.28,-3.45],"axis":"z","angle":-45},"faces":{"down":{"uv":[8,0,15.999,7.999001],"texture":"#0"},"up":{"uv":[8,0,15.999,7.999001],"texture":"#0"},"north":{"uv":[8,0,15.999,7.999001],"texture":"#0"},"south":{"uv":[8,0,15.999,7.999001],"texture":"#0"},"west":{"uv":[8,0,15.999,7.999001],"texture":"#0"}}},{"__comment":"element","from":[7.9403,7.98,-3.95],"to":[8.059641,8.08,-2.95],"rotation":{"origin":[8,8.28,-3.45],"axis":"z","angle":-22.5},"faces":{"down":{"uv":[8,0,15.999,7.999001],"texture":"#0"},"up":{"uv":[8,0,15.999,7.999001],"texture":"#0"},"north":{"uv":[8,0,15.999,7.999001],"texture":"#0"},"south":{"uv":[8,0,15.999,7.999001],"texture":"#0"}}},{"__comment":"element","from":[7.9403,7.98,-3.95],"to":[8.059641,8.08,-2.95],"faces":{"down":{"uv":[8,0,15.999,7.999001],"texture":"#0"},"up":{"uv":[8,0,15.999,7.999001],"texture":"#0"},"north":{"uv":[8,0,15.999,7.999001],"texture":"#0"},"south":{"uv":[8,0,15.999,7.999001],"texture":"#0"}}},{"__comment":"element","from":[7.9403,7.98,-3.95],"to":[8.059641,8.08,-2.95],"rotation":{"origin":[8,8.28,-3.45],"axis":"z","angle":22.5},"faces":{"down":{"uv":[8,0,15.999,7.999001],"texture":"#0"},"up":{"uv":[8,0,15.999,7.999001],"texture":"#0"},"north":{"uv":[8,0,15.999,7.999001],"texture":"#0"},"south":{"uv":[8,0,15.999,7.999001],"texture":"#0"}}},{"__comment":"element","from":[7.9403,7.98,-3.95],"to":[8.059641,8.08,-2.95],"rotation":{"origin":[8,8.28,-3.45],"axis":"z","angle":45},"faces":{"down":{"uv":[8,0,15.999,7.999001],"texture":"#0"},"up":{"uv":[8,0,15.999,7.999001],"texture":"#0"},"north":{"uv":[8,0,15.999,7.999001],"texture":"#0"},"south":{"uv":[8,0,15.999,7.999001],"texture":"#0"},"east":{"uv":[8,0,15.999,7.999001],"texture":"#0"}}},{"__comment":"element","from":[7.9403,8.48,-3.95],"to":[8.059641,8.58,-2.95],"rotation":{"origin":[8,8.28,-3.45],"axis":"z","angle":-45},"faces":{"down":{"uv":[8,0,15.999,7.999001],"texture":"#0"},"up":{"uv":[8,0,15.999,7.999001],"texture":"#0"},"north":{"uv":[8,0,15.999,7.999001],"texture":"#0"},"south":{"uv":[8,0,15.999,7.999001],"texture":"#0"},"east":{"uv":[8,0,15.999,7.999001],"texture":"#0"}}},{"__comment":"element","from":[7.9403,8.48,-3.95],"to":[8.059641,8.58,-2.95],"rotation":{"origin":[8,8.28,-3.45],"axis":"z","angle":-22.5},"faces":{"down":{"uv":[8,0,15.999,7.999001],"texture":"#0"},"up":{"uv":[8,0,15.999,7.999001],"texture":"#0"},"north":{"uv":[8,0,15.999,7.999001],"texture":"#0"},"south":{"uv":[8,0,15.999,7.999001],"texture":"#0"}}},{"__comment":"element","from":[7.9403,8.48,-3.95],"to":[8.059641,8.58,-2.95],"faces":{"down":{"uv":[8,0,15.999,7.999001],"texture":"#0"},"up":{"uv":[8,0,15.999,7.999001],"texture":"#0"},"north":{"uv":[8,0,15.999,7.999001],"texture":"#0"},"south":{"uv":[8,0,15.999,7.999001],"texture":"#0"}}},{"__comment":"element","from":[7.9403,8.48,-3.95],"to":[8.059641,8.58,-2.95],"rotation":{"origin":[8,8.28,-3.45],"axis":"z","angle":22.5},"faces":{"down":{"uv":[8,0,15.999,7.999001],"texture":"#0"},"up":{"uv":[8,0,15.999,7.999001],"texture":"#0"},"north":{"uv":[8,0,15.999,7.999001],"texture":"#0"},"south":{"uv":[8,0,15.999,7.999001],"texture":"#0"}}},{"__comment":"element","from":[7.9403,8.48,-3.95],"to":[8.059641,8.58,-2.95],"rotation":{"origin":[8,8.28,-3.45],"axis":"z","angle":45},"faces":{"down":{"uv":[8,0,15.999,7.999001],"texture":"#0"},"up":{"uv":[8,0,15.999,7.999001],"texture":"#0"},"north":{"uv":[8,0,15.999,7.999001],"texture":"#0"},"south":{"uv":[8,0,15.999,7.999001],"texture":"#0"},"west":{"uv":[8,0,15.999,7.999001],"texture":"#0"}}},{"__comment":"element","from":[7.7,8.2203,-3.95],"to":[7.8,8.33964,-3.7],"rotation":{"origin":[8,8.28,-3.45],"axis":"z","angle":-22.5},"faces":{"north":{"uv":[8,0,15.999,7.999001],"texture":"#0"},"south":{"uv":[8,0,15.999,7.999001],"texture":"#0"},"west":{"uv":[8,0,15.999,7.999001],"texture":"#0"},"east":{"uv":[8,0,15.999,7.999001],"texture":"#0"}}},{"__comment":"element","from":[8.2,8.2203,-3.95],"to":[8.3,8.33964,-3.7],"rotation":{"origin":[8,8.28,-3.45],"axis":"z","angle":22.5},"faces":{"north":{"uv":[8,0,15.999,7.999001],"texture":"#0"},"south":{"uv":[8,0,15.999,7.999001],"texture":"#0"},"west":{"uv":[8,0,15.999,7.999001],"texture":"#0"},"east":{"uv":[8,0,15.999,7.999001],"texture":"#0"}}},{"__comment":"element","from":[7.7,8.2203,-3.2],"to":[7.8,8.33964,-2.95],"rotation":{"origin":[8,8.28,-2.7],"axis":"z","angle":-22.5},"faces":{"north":{"uv":[8,0,15.999,7.999001],"texture":"#0"},"south":{"uv":[8,0,15.999,7.999001],"texture":"#0"},"west":{"uv":[8,0,15.999,7.999001],"texture":"#0"}}},{"__comment":"element","from":[8.2,8.2203,-3.2],"to":[8.3,8.33964,-2.95],"rotation":{"origin":[8,8.28,-2.7],"axis":"z","angle":22.5},"faces":{"north":{"uv":[8,0,15.999,7.999001],"texture":"#0"},"south":{"uv":[8,0,15.999,7.999001],"texture":"#0"},"east":{"uv":[8,0,15.999,7.999001],"texture":"#0"}}},{"__comment":"element","from":[7.7,8.2203,-3.95],"to":[7.8,8.33964,-3.7],"faces":{"north":{"uv":[8,0,15.999,7.999001],"texture":"#0"},"south":{"uv":[8,0,15.999,7.999001],"texture":"#0"},"west":{"uv":[8,0,15.999,7.999001],"texture":"#0"},"east":{"uv":[8,0,15.999,7.999001],"texture":"#0"}}},{"__comment":"element","from":[8.2,8.2203,-3.95],"to":[8.3,8.33964,-3.7],"faces":{"north":{"uv":[8,0,15.999,7.999001],"texture":"#0"},"south":{"uv":[8,0,15.999,7.999001],"texture":"#0"},"west":{"uv":[8,0,15.999,7.999001],"texture":"#0"},"east":{"uv":[8,0,15.999,7.999001],"texture":"#0"}}},{"__comment":"element","from":[7.7,8.2203,-3.2],"to":[7.8,8.33964,-2.95],"faces":{"north":{"uv":[8,0,15.999,7.999001],"texture":"#0"},"south":{"uv":[8,0,15.999,7.999001],"texture":"#0"},"west":{"uv":[8,0,15.999,7.999001],"texture":"#0"}}},{"__comment":"element","from":[8.2,8.2203,-3.2],"to":[8.3,8.33964,-2.95],"faces":{"north":{"uv":[8,0,15.999,7.999001],"texture":"#0"},"south":{"uv":[8,0,15.999,7.999001],"texture":"#0"},"east":{"uv":[8,0,15.999,7.999001],"texture":"#0"}}},{"__comment":"element","from":[7.7,8.2203,-3.95],"to":[7.8,8.33964,-3.7],"rotation":{"origin":[8,8.28,-3.45],"axis":"z","angle":22.5},"faces":{"north":{"uv":[8,0,15.999,7.999001],"texture":"#0"},"south":{"uv":[8,0,15.999,7.999001],"texture":"#0"},"west":{"uv":[8,0,15.999,7.999001],"texture":"#0"},"east":{"uv":[8,0,15.999,7.999001],"texture":"#0"}}},{"__comment":"element","from":[8.2,8.2203,-3.95],"to":[8.3,8.33964,-3.7],"rotation":{"origin":[8,8.28,-3.45],"axis":"z","angle":-22.5},"faces":{"north":{"uv":[8,0,15.999,7.999001],"texture":"#0"},"south":{"uv":[8,0,15.999,7.999001],"texture":"#0"},"west":{"uv":[8,0,15.999,7.999001],"texture":"#0"},"east":{"uv":[8,0,15.999,7.999001],"texture":"#0"}}},{"__comment":"element","from":[7.7,8.2203,-3.2],"to":[7.8,8.33964,-2.95],"rotation":{"origin":[8,8.28,-2.7],"axis":"z","angle":22.5},"faces":{"north":{"uv":[8,0,15.999,7.999001],"texture":"#0"},"south":{"uv":[8,0,15.999,7.999001],"texture":"#0"},"west":{"uv":[8,0,15.999,7.999001],"texture":"#0"}}},{"__comment":"element","from":[8.2,8.2203,-3.2],"to":[8.3,8.33964,-2.95],"rotation":{"origin":[8,8.28,-2.7],"axis":"z","angle":-22.5},"faces":{"north":{"uv":[8,0,15.999,7.999001],"texture":"#0"},"south":{"uv":[8,0,15.999,7.999001],"texture":"#0"},"east":{"uv":[8,0,15.999,7.999001],"texture":"#0"}}},{"__comment":"element","from":[7.375,8.5051,-1.075],"to":[8.625,8.55482,-0.8249999],"rotation":{"origin":[7.875,8.53,-0.95],"axis":"x","angle":-45},"faces":{"north":{"uv":[8,0,15.999,7.999001],"texture":"#0"},"south":{"uv":[8,0,15.999,7.999001],"texture":"#0"},"west":{"uv":[8,0,15.999,7.999001],"texture":"#0"},"east":{"uv":[8,0,15.999,7.999001],"texture":"#0"}}},{"__comment":"element","from":[7.375,8.5051,-1.075],"to":[8.625,8.55482,-0.8249999],"rotation":{"origin":[7.875,8.53,-0.95],"axis":"x","angle":-22.5},"faces":{"north":{"uv":[8,0,15.999,7.999001],"texture":"#0"},"south":{"uv":[8,0,15.999,7.999001],"texture":"#0"},"west":{"uv":[8,0,15.999,7.999001],"texture":"#0"},"east":{"uv":[8,0,15.999,7.999001],"texture":"#0"}}},{"__comment":"element","from":[7.375,8.5051,-1.075],"to":[8.625,8.55482,-0.8249999],"faces":{"north":{"uv":[8,0,15.999,7.999001],"texture":"#0"},"south":{"uv":[8,0,15.999,7.999001],"texture":"#0"},"west":{"uv":[8,0,15.999,7.999001],"texture":"#0"},"east":{"uv":[8,0,15.999,7.999001],"texture":"#0"}}},{"__comment":"element","from":[7.375,8.5051,-1.075],"to":[8.625,8.55482,-0.8249999],"rotation":{"origin":[7.875,8.53,-0.95],"axis":"x","angle":22.5},"faces":{"north":{"uv":[8,0,15.999,7.999001],"texture":"#0"},"south":{"uv":[8,0,15.999,7.999001],"texture":"#0"},"west":{"uv":[8,0,15.999,7.999001],"texture":"#0"},"east":{"uv":[8,0,15.999,7.999001],"texture":"#0"}}},{"__comment":"element","from":[7.375,8.5051,-1.075],"to":[8.625,8.55482,-0.8249999],"rotation":{"origin":[7.875,8.53,-0.95],"axis":"x","angle":45},"faces":{"north":{"uv":[8,0,15.999,7.999001],"texture":"#0"},"south":{"uv":[8,0,15.999,7.999001],"texture":"#0"},"west":{"uv":[8,0,15.999,7.999001],"texture":"#0"},"east":{"uv":[8,0,15.999,7.999001],"texture":"#0"}}},{"__comment":"element","from":[7.375,8.405,-0.9748999],"to":[8.625,8.655,-0.92518],"rotation":{"origin":[7.875,8.53,-0.95],"axis":"x","angle":-22.5},"faces":{"down":{"uv":[8,0,15.999,7.999001],"texture":"#0"},"up":{"uv":[8,0,15.999,7.999001],"texture":"#0"},"west":{"uv":[8,0,15.999,7.999001],"texture":"#0"},"east":{"uv":[8,0,15.999,7.999001],"texture":"#0"}}},{"__comment":"element","from":[7.375,8.405,-0.9748999],"to":[8.625,8.655,-0.92518],"faces":{"down":{"uv":[8,0,15.999,7.999001],"texture":"#0"},"up":{"uv":[8,0,15.999,7.999001],"texture":"#0"},"west":{"uv":[8,0,15.999,7.999001],"texture":"#0"},"east":{"uv":[8,0,15.999,7.999001],"texture":"#0"}}},{"__comment":"element","from":[7.375,8.405,-0.9748999],"to":[8.625,8.655,-0.92518],"rotation":{"origin":[7.875,8.53,-0.95],"axis":"x","angle":22.5},"faces":{"down":{"uv":[8,0,15.999,7.999001],"texture":"#0"},"up":{"uv":[8,0,15.999,7.999001],"texture":"#0"},"west":{"uv":[8,0,15.999,7.999001],"texture":"#0"},"east":{"uv":[8,0,15.999,7.999001],"texture":"#0"}}},{"__comment":"element","from":[7.375,8.2551,3.925],"to":[8.625,8.30482,4.175],"rotation":{"origin":[7.875,8.28,4.05],"axis":"x","angle":-45},"faces":{"north":{"uv":[8,0,15.999,7.999001],"texture":"#0"},"south":{"uv":[8,0,15.999,7.999001],"texture":"#0"},"west":{"uv":[8,0,15.999,7.999001],"texture":"#0"},"east":{"uv":[8,0,15.999,7.999001],"texture":"#0"}}},{"__comment":"element","from":[7.375,8.2551,3.925],"to":[8.625,8.30482,4.175],"rotation":{"origin":[7.875,8.28,4.05],"axis":"x","angle":-22.5},"faces":{"north":{"uv":[8,0,15.999,7.999001],"texture":"#0"},"south":{"uv":[8,0,15.999,7.999001],"texture":"#0"},"west":{"uv":[8,0,15.999,7.999001],"texture":"#0"},"east":{"uv":[8,0,15.999,7.999001],"texture":"#0"}}},{"__comment":"element","from":[7.375,8.2551,3.925],"to":[8.625,8.30482,4.175],"faces":{"north":{"uv":[8,0,15.999,7.999001],"texture":"#0"},"south":{"uv":[8,0,15.999,7.999001],"texture":"#0"},"west":{"uv":[8,0,15.999,7.999001],"texture":"#0"},"east":{"uv":[8,0,15.999,7.999001],"texture":"#0"}}},{"__comment":"element","from":[7.375,8.2551,3.925],"to":[8.625,8.30482,4.175],"rotation":{"origin":[7.875,8.28,4.05],"axis":"x","angle":22.5},"faces":{"north":{"uv":[8,0,15.999,7.999001],"texture":"#0"},"south":{"uv":[8,0,15.999,7.999001],"texture":"#0"},"west":{"uv":[8,0,15.999,7.999001],"texture":"#0"},"east":{"uv":[8,0,15.999,7.999001],"texture":"#0"}}},{"__comment":"element","from":[7.375,8.2551,3.925],"to":[8.625,8.30482,4.175],"rotation":{"origin":[7.875,8.28,4.05],"axis":"x","angle":45},"faces":{"north":{"uv":[8,0,15.999,7.999001],"texture":"#0"},"south":{"uv":[8,0,15.999,7.999001],"texture":"#0"},"west":{"uv":[8,0,15.999,7.999001],"texture":"#0"},"east":{"uv":[8,0,15.999,7.999001],"texture":"#0"}}},{"__comment":"element","from":[7.375,8.155,4.0251],"to":[8.625,8.405,4.07482],"rotation":{"origin":[7.875,8.28,4.05],"axis":"x","angle":-22.5},"faces":{"down":{"uv":[8,0,15.999,7.999001],"texture":"#0"},"up":{"uv":[8,0,15.999,7.999001],"texture":"#0"},"west":{"uv":[8,0,15.999,7.999001],"texture":"#0"},"east":{"uv":[8,0,15.999,7.999001],"texture":"#0"}}},{"__comment":"element","from":[7.375,8.155,4.0251],"to":[8.625,8.405,4.07482],"faces":{"down":{"uv":[8,0,15.999,7.999001],"texture":"#0"},"up":{"uv":[8,0,15.999,7.999001],"texture":"#0"},"west":{"uv":[8,0,15.999,7.999001],"texture":"#0"},"east":{"uv":[8,0,15.999,7.999001],"texture":"#0"}}},{"__comment":"element","from":[7.375,8.155,4.0251],"to":[8.625,8.405,4.07482],"rotation":{"origin":[7.875,8.28,4.05],"axis":"x","angle":22.5},"faces":{"down":{"uv":[8,0,15.999,7.999001],"texture":"#0"},"up":{"uv":[8,0,15.999,7.999001],"texture":"#0"},"west":{"uv":[8,0,15.999,7.999001],"texture":"#0"},"east":{"uv":[8,0,15.999,7.999001],"texture":"#0"}}},{"__comment":"element","from":[7.5,9.005099,5.675],"to":[8.5,9.054819,5.925],"rotation":{"origin":[8,9.03,5.8],"axis":"x","angle":-45},"faces":{"north":{"uv":[8,0,15.999,7.999001],"texture":"#0"},"south":{"uv":[8,0,15.999,7.999001],"texture":"#0"},"west":{"uv":[8,0,15.999,7.999001],"texture":"#0"},"east":{"uv":[8,0,15.999,7.999001],"texture":"#0"}}},{"__comment":"element","from":[7.5,9.005099,5.675],"to":[8.5,9.054819,5.925],"rotation":{"origin":[8,9.03,5.8],"axis":"x","angle":-22.5},"faces":{"north":{"uv":[8,0,15.999,7.999001],"texture":"#0"},"west":{"uv":[8,0,15.999,7.999001],"texture":"#0"},"east":{"uv":[8,0,15.999,7.999001],"texture":"#0"}}},{"__comment":"element","from":[7.5,9.005099,5.675],"to":[8.5,9.054819,5.925],"faces":{"north":{"uv":[8,0,15.999,7.999001],"texture":"#0"},"west":{"uv":[8,0,15.999,7.999001],"texture":"#0"},"east":{"uv":[8,0,15.999,7.999001],"texture":"#0"}}},{"__comment":"element","from":[7.5,9.005099,5.675],"to":[8.5,9.054819,5.925],"rotation":{"origin":[8,9.03,5.8],"axis":"x","angle":22.5},"faces":{"north":{"uv":[8,0,15.999,7.999001],"texture":"#0"},"west":{"uv":[8,0,15.999,7.999001],"texture":"#0"},"east":{"uv":[8,0,15.999,7.999001],"texture":"#0"}}},{"__comment":"element","from":[7.5,9.005099,5.675],"to":[8.5,9.054819,5.925],"rotation":{"origin":[8,9.03,5.8],"axis":"x","angle":45},"faces":{"north":{"uv":[8,0,15.999,7.999001],"texture":"#0"},"south":{"uv":[8,0,15.999,7.999001],"texture":"#0"},"west":{"uv":[8,0,15.999,7.999001],"texture":"#0"},"east":{"uv":[8,0,15.999,7.999001],"texture":"#0"}}},{"__comment":"element","from":[7.5,8.905,5.7751],"to":[8.5,9.155,5.82482],"rotation":{"origin":[8,9.03,5.8],"axis":"x","angle":-22.5},"faces":{"down":{"uv":[8,0,15.999,7.999001],"texture":"#0"},"up":{"uv":[8,0,15.999,7.999001],"texture":"#0"},"west":{"uv":[8,0,15.999,7.999001],"texture":"#0"},"east":{"uv":[8,0,15.999,7.999001],"texture":"#0"}}},{"__comment":"element","from":[7.5,8.905,5.7751],"to":[8.5,9.155,5.82482],"faces":{"down":{"uv":[8,0,15.999,7.999001],"texture":"#0"},"up":{"uv":[8,0,15.999,7.999001],"texture":"#0"},"west":{"uv":[8,0,15.999,7.999001],"texture":"#0"},"east":{"uv":[8,0,15.999,7.999001],"texture":"#0"}}},{"__comment":"element","from":[7.5,8.905,5.7751],"to":[8.5,9.155,5.82482],"rotation":{"origin":[8,9.03,5.8],"axis":"x","angle":22.5},"faces":{"down":{"uv":[8,0,15.999,7.999001],"texture":"#0"},"up":{"uv":[8,0,15.999,7.999001],"texture":"#0"},"west":{"uv":[8,0,15.999,7.999001],"texture":"#0"},"east":{"uv":[8,0,15.999,7.999001],"texture":"#0"}}},{"__comment":"element","from":[7.425,7.7551,4.425],"to":[8.574999,7.80482,4.675],"rotation":{"origin":[7.925,7.78,4.55],"axis":"x","angle":-45},"faces":{"north":{"uv":[8,0,15.999,7.999001],"texture":"#0"},"south":{"uv":[8,0,15.999,7.999001],"texture":"#0"},"west":{"uv":[8,0,15.999,7.999001],"texture":"#0"},"east":{"uv":[8,0,15.999,7.999001],"texture":"#0"}}},{"__comment":"element","from":[7.425,7.7551,4.425],"to":[8.574999,7.80482,4.675],"rotation":{"origin":[7.925,7.78,4.55],"axis":"x","angle":-22.5},"faces":{"north":{"uv":[8,0,15.999,7.999001],"texture":"#0"},"south":{"uv":[8,0,15.999,7.999001],"texture":"#0"},"west":{"uv":[8,0,15.999,7.999001],"texture":"#0"},"east":{"uv":[8,0,15.999,7.999001],"texture":"#0"}}},{"__comment":"element","from":[7.425,7.7551,4.425],"to":[8.574999,7.80482,4.675],"faces":{"north":{"uv":[8,0,15.999,7.999001],"texture":"#0"},"south":{"uv":[8,0,15.999,7.999001],"texture":"#0"},"west":{"uv":[8,0,15.999,7.999001],"texture":"#0"},"east":{"uv":[8,0,15.999,7.999001],"texture":"#0"}}},{"__comment":"element","from":[7.425,7.7551,4.425],"to":[8.574999,7.80482,4.675],"rotation":{"origin":[7.925,7.78,4.55],"axis":"x","angle":22.5},"faces":{"north":{"uv":[8,0,15.999,7.999001],"texture":"#0"},"south":{"uv":[8,0,15.999,7.999001],"texture":"#0"},"west":{"uv":[8,0,15.999,7.999001],"texture":"#0"},"east":{"uv":[8,0,15.999,7.999001],"texture":"#0"}}},{"__comment":"element","from":[7.425,7.7551,4.425],"to":[8.574999,7.80482,4.675],"rotation":{"origin":[7.925,7.78,4.55],"axis":"x","angle":45},"faces":{"north":{"uv":[8,0,15.999,7.999001],"texture":"#0"},"south":{"uv":[8,0,15.999,7.999001],"texture":"#0"},"west":{"uv":[8,0,15.999,7.999001],"texture":"#0"},"east":{"uv":[8,0,15.999,7.999001],"texture":"#0"}}},{"__comment":"element","from":[7.425,7.655,4.5251],"to":[8.574999,7.905,4.57482],"rotation":{"origin":[7.925,7.78,4.55],"axis":"x","angle":-22.5},"faces":{"down":{"uv":[8,0,15.999,7.999001],"texture":"#0"},"up":{"uv":[8,0,15.999,7.999001],"texture":"#0"},"west":{"uv":[8,0,15.999,7.999001],"texture":"#0"},"east":{"uv":[8,0,15.999,7.999001],"texture":"#0"}}},{"__comment":"element","from":[7.425,7.655,4.5251],"to":[8.574999,7.905,4.57482],"faces":{"down":{"uv":[8,0,15.999,7.999001],"texture":"#0"},"up":{"uv":[8,0,15.999,7.999001],"texture":"#0"},"west":{"uv":[8,0,15.999,7.999001],"texture":"#0"},"east":{"uv":[8,0,15.999,7.999001],"texture":"#0"}}},{"__comment":"element","from":[7.425,7.655,4.5251],"to":[8.574999,7.905,4.57482],"rotation":{"origin":[7.925,7.78,4.55],"axis":"x","angle":22.5},"faces":{"down":{"uv":[8,0,15.999,7.999001],"texture":"#0"},"up":{"uv":[8,0,15.999,7.999001],"texture":"#0"},"west":{"uv":[8,0,15.999,7.999001],"texture":"#0"},"east":{"uv":[8,0,15.999,7.999001],"texture":"#0"}}},{"__comment":"element","from":[7.425,9.005099,4.425],"to":[8.574999,9.054819,4.675],"rotation":{"origin":[7.925,9.03,4.55],"axis":"x","angle":-45},"faces":{"north":{"uv":[8,0,15.999,7.999001],"texture":"#0"},"south":{"uv":[8,0,15.999,7.999001],"texture":"#0"},"west":{"uv":[8,0,15.999,7.999001],"texture":"#0"},"east":{"uv":[8,0,15.999,7.999001],"texture":"#0"}}},{"__comment":"element","from":[7.425,9.005099,4.425],"to":[8.574999,9.054819,4.675],"rotation":{"origin":[7.925,9.03,4.55],"axis":"x","angle":-22.5},"faces":{"north":{"uv":[8,0,15.999,7.999001],"texture":"#0"},"south":{"uv":[8,0,15.999,7.999001],"texture":"#0"},"west":{"uv":[8,0,15.999,7.999001],"texture":"#0"},"east":{"uv":[8,0,15.999,7.999001],"texture":"#0"}}},{"__comment":"element","from":[7.425,9.005099,4.425],"to":[8.574999,9.054819,4.675],"faces":{"north":{"uv":[8,0,15.999,7.999001],"texture":"#0"},"south":{"uv":[8,0,15.999,7.999001],"texture":"#0"},"west":{"uv":[8,0,15.999,7.999001],"texture":"#0"},"east":{"uv":[8,0,15.999,7.999001],"texture":"#0"}}},{"__comment":"element","from":[7.425,9.005099,4.425],"to":[8.574999,9.054819,4.675],"rotation":{"origin":[7.925,9.03,4.55],"axis":"x","angle":22.5},"faces":{"north":{"uv":[8,0,15.999,7.999001],"texture":"#0"},"south":{"uv":[8,0,15.999,7.999001],"texture":"#0"},"west":{"uv":[8,0,15.999,7.999001],"texture":"#0"},"east":{"uv":[8,0,15.999,7.999001],"texture":"#0"}}},{"__comment":"element","from":[7.425,9.005099,4.425],"to":[8.574999,9.054819,4.675],"rotation":{"origin":[7.925,9.03,4.55],"axis":"x","angle":45},"faces":{"north":{"uv":[8,0,15.999,7.999001],"texture":"#0"},"south":{"uv":[8,0,15.999,7.999001],"texture":"#0"},"west":{"uv":[8,0,15.999,7.999001],"texture":"#0"},"east":{"uv":[8,0,15.999,7.999001],"texture":"#0"}}},{"__comment":"element","from":[7.425,8.905,4.5251],"to":[8.574999,9.155,4.57482],"rotation":{"origin":[7.925,9.03,4.55],"axis":"x","angle":-22.5},"faces":{"down":{"uv":[8,0,15.999,7.999001],"texture":"#0"},"up":{"uv":[8,0,15.999,7.999001],"texture":"#0"},"west":{"uv":[8,0,15.999,7.999001],"texture":"#0"},"east":{"uv":[8,0,15.999,7.999001],"texture":"#0"}}},{"__comment":"element","from":[7.425,8.905,4.5251],"to":[8.574999,9.155,4.57482],"faces":{"down":{"uv":[8,0,15.999,7.999001],"texture":"#0"},"up":{"uv":[8,0,15.999,7.999001],"texture":"#0"},"west":{"uv":[8,0,15.999,7.999001],"texture":"#0"},"east":{"uv":[8,0,15.999,7.999001],"texture":"#0"}}},{"__comment":"element","from":[7.425,8.905,4.5251],"to":[8.574999,9.155,4.57482],"rotation":{"origin":[7.925,9.03,4.55],"axis":"x","angle":22.5},"faces":{"down":{"uv":[8,0,15.999,7.999001],"texture":"#0"},"up":{"uv":[8,0,15.999,7.999001],"texture":"#0"},"west":{"uv":[8,0,15.999,7.999001],"texture":"#0"},"east":{"uv":[8,0,15.999,7.999001],"texture":"#0"}}},{"__comment":"element","from":[7.425,9.005099,-1.075],"to":[8.574999,9.054819,-0.8249999],"rotation":{"origin":[7.925,9.03,-0.95],"axis":"x","angle":-45},"faces":{"north":{"uv":[8,0,15.999,7.999001],"texture":"#0"},"south":{"uv":[8,0,15.999,7.999001],"texture":"#0"},"west":{"uv":[8,0,15.999,7.999001],"texture":"#0"},"east":{"uv":[8,0,15.999,7.999001],"texture":"#0"}}},{"__comment":"element","from":[7.425,9.005099,-1.075],"to":[8.574999,9.054819,-0.8249999],"rotation":{"origin":[7.925,9.03,-0.95],"axis":"x","angle":-22.5},"faces":{"north":{"uv":[8,0,15.999,7.999001],"texture":"#0"},"south":{"uv":[8,0,15.999,7.999001],"texture":"#0"},"west":{"uv":[8,0,15.999,7.999001],"texture":"#0"},"east":{"uv":[8,0,15.999,7.999001],"texture":"#0"}}},{"__comment":"element","from":[7.425,9.005099,-1.075],"to":[8.574999,9.054819,-0.8249999],"faces":{"north":{"uv":[8,0,15.999,7.999001],"texture":"#0"},"south":{"uv":[8,0,15.999,7.999001],"texture":"#0"}}},{"__comment":"element","from":[7.425,9.005099,-1.075],"to":[8.574999,9.054819,-0.8249999],"rotation":{"origin":[7.925,9.03,-0.95],"axis":"x","angle":22.5},"faces":{"north":{"uv":[8,0,15.999,7.999001],"texture":"#0"},"south":{"uv":[8,0,15.999,7.999001],"texture":"#0"},"west":{"uv":[8,0,15.999,7.999001],"texture":"#0"},"east":{"uv":[8,0,15.999,7.999001],"texture":"#0"}}},{"__comment":"element","from":[7.425,9.005099,-1.075],"to":[8.574999,9.054819,-0.8249999],"rotation":{"origin":[7.925,9.03,-0.95],"axis":"x","angle":45},"faces":{"north":{"uv":[8,0,15.999,7.999001],"texture":"#0"},"south":{"uv":[8,0,15.999,7.999001],"texture":"#0"},"west":{"uv":[8,0,15.999,7.999001],"texture":"#0"},"east":{"uv":[8,0,15.999,7.999001],"texture":"#0"}}},{"__comment":"element","from":[7.425,8.905,-0.9748999],"to":[8.574999,9.155,-0.92518],"rotation":{"origin":[7.925,9.03,-0.95],"axis":"x","angle":-22.5},"faces":{"down":{"uv":[8,0,15.999,7.999001],"texture":"#0"},"up":{"uv":[8,0,15.999,7.999001],"texture":"#0"},"west":{"uv":[8,0,15.999,7.999001],"texture":"#0"},"east":{"uv":[8,0,15.999,7.999001],"texture":"#0"}}},{"__comment":"element","from":[7.425,8.905,-0.9748999],"to":[8.574999,9.155,-0.92518],"faces":{"down":{"uv":[8,0,15.999,7.999001],"texture":"#0"},"up":{"uv":[8,0,15.999,7.999001],"texture":"#0"},"west":{"uv":[8,0,15.999,7.999001],"texture":"#0"},"east":{"uv":[8,0,15.999,7.999001],"texture":"#0"}}},{"__comment":"element","from":[7.425,8.905,-0.9748999],"to":[8.574999,9.155,-0.92518],"rotation":{"origin":[7.925,9.03,-0.95],"axis":"x","angle":22.5},"faces":{"down":{"uv":[8,0,15.999,7.999001],"texture":"#0"},"up":{"uv":[8,0,15.999,7.999001],"texture":"#0"},"west":{"uv":[8,0,15.999,7.999001],"texture":"#0"},"east":{"uv":[8,0,15.999,7.999001],"texture":"#0"}}},{"__comment":"element","from":[7.5,6.0051,12.175],"to":[8.5,6.05482,12.425],"rotation":{"origin":[8,6.03,12.3],"axis":"x","angle":-45},"faces":{"north":{"uv":[8,0,15.999,7.999001],"texture":"#0"},"south":{"uv":[8,0,15.999,7.999001],"texture":"#0"},"west":{"uv":[8,0,15.999,7.999001],"texture":"#0"},"east":{"uv":[8,0,15.999,7.999001],"texture":"#0"}}},{"__comment":"element","from":[7.5,6.0051,12.175],"to":[8.5,6.05482,12.425],"rotation":{"origin":[8,6.03,12.3],"axis":"x","angle":-22.5},"faces":{"north":{"uv":[8,0,15.999,7.999001],"texture":"#0"},"south":{"uv":[8,0,15.999,7.999001],"texture":"#0"},"west":{"uv":[8,0,15.999,7.999001],"texture":"#0"},"east":{"uv":[8,0,15.999,7.999001],"texture":"#0"}}},{"__comment":"element","from":[7.5,6.0051,12.175],"to":[8.5,6.05482,12.425],"faces":{"north":{"uv":[8,0,15.999,7.999001],"texture":"#0"},"south":{"uv":[8,0,15.999,7.999001],"texture":"#0"},"west":{"uv":[8,0,15.999,7.999001],"texture":"#0"},"east":{"uv":[8,0,15.999,7.999001],"texture":"#0"}}},{"__comment":"element","from":[7.5,6.0051,12.175],"to":[8.5,6.05482,12.425],"rotation":{"origin":[8,6.03,12.3],"axis":"x","angle":22.5},"faces":{"north":{"uv":[8,0,15.999,7.999001],"texture":"#0"},"south":{"uv":[8,0,15.999,7.999001],"texture":"#0"},"west":{"uv":[8,0,15.999,7.999001],"texture":"#0"},"east":{"uv":[8,0,15.999,7.999001],"texture":"#0"}}},{"__comment":"element","from":[7.5,6.0051,12.175],"to":[8.5,6.05482,12.425],"rotation":{"origin":[8,6.03,12.3],"axis":"x","angle":45},"faces":{"north":{"uv":[8,0,15.999,7.999001],"texture":"#0"},"south":{"uv":[8,0,15.999,7.999001],"texture":"#0"},"west":{"uv":[8,0,15.999,7.999001],"texture":"#0"},"east":{"uv":[8,0,15.999,7.999001],"texture":"#0"}}},{"__comment":"element","from":[7.5,5.905,12.2751],"to":[8.5,6.155,12.32482],"rotation":{"origin":[8,6.03,12.3],"axis":"x","angle":-22.5},"faces":{"down":{"uv":[8,0,15.999,7.999001],"texture":"#0"},"up":{"uv":[8,0,15.999,7.999001],"texture":"#0"},"west":{"uv":[8,0,15.999,7.999001],"texture":"#0"},"east":{"uv":[8,0,15.999,7.999001],"texture":"#0"}}},{"__comment":"element","from":[7.5,5.905,12.2751],"to":[8.5,6.155,12.32482],"faces":{"down":{"uv":[8,0,15.999,7.999001],"texture":"#0"},"up":{"uv":[8,0,15.999,7.999001],"texture":"#0"},"west":{"uv":[8,0,15.999,7.999001],"texture":"#0"},"east":{"uv":[8,0,15.999,7.999001],"texture":"#0"}}},{"__comment":"element","from":[7.5,5.905,12.2751],"to":[8.5,6.155,12.32482],"rotation":{"origin":[8,6.03,12.3],"axis":"x","angle":22.5},"faces":{"down":{"uv":[8,0,15.999,7.999001],"texture":"#0"},"up":{"uv":[8,0,15.999,7.999001],"texture":"#0"},"west":{"uv":[8,0,15.999,7.999001],"texture":"#0"},"east":{"uv":[8,0,15.999,7.999001],"texture":"#0"}}},{"__comment":"element","from":[7.5,8.5051,12.175],"to":[8.5,8.55482,12.425],"rotation":{"origin":[8,8.53,12.3],"axis":"x","angle":-45},"faces":{"north":{"uv":[8,0,15.999,7.999001],"texture":"#0"},"south":{"uv":[8,0,15.999,7.999001],"texture":"#0"},"west":{"uv":[8,0,15.999,7.999001],"texture":"#0"},"east":{"uv":[8,0,15.999,7.999001],"texture":"#0"}}},{"__comment":"element","from":[7.5,8.5051,12.175],"to":[8.5,8.55482,12.425],"rotation":{"origin":[8,8.53,12.3],"axis":"x","angle":-22.5},"faces":{"north":{"uv":[8,0,15.999,7.999001],"texture":"#0"},"south":{"uv":[8,0,15.999,7.999001],"texture":"#0"},"west":{"uv":[8,0,15.999,7.999001],"texture":"#0"},"east":{"uv":[8,0,15.999,7.999001],"texture":"#0"}}},{"__comment":"element","from":[7.5,8.5051,12.175],"to":[8.5,8.55482,12.425],"faces":{"north":{"uv":[8,0,15.999,7.999001],"texture":"#0"},"south":{"uv":[8,0,15.999,7.999001],"texture":"#0"},"west":{"uv":[8,0,15.999,7.999001],"texture":"#0"},"east":{"uv":[8,0,15.999,7.999001],"texture":"#0"}}},{"__comment":"element","from":[7.5,8.5051,12.175],"to":[8.5,8.55482,12.425],"rotation":{"origin":[8,8.53,12.3],"axis":"x","angle":22.5},"faces":{"north":{"uv":[8,0,15.999,7.999001],"texture":"#0"},"south":{"uv":[8,0,15.999,7.999001],"texture":"#0"},"west":{"uv":[8,0,15.999,7.999001],"texture":"#0"},"east":{"uv":[8,0,15.999,7.999001],"texture":"#0"}}},{"__comment":"element","from":[7.5,8.5051,12.175],"to":[8.5,8.55482,12.425],"rotation":{"origin":[8,8.53,12.3],"axis":"x","angle":45},"faces":{"north":{"uv":[8,0,15.999,7.999001],"texture":"#0"},"south":{"uv":[8,0,15.999,7.999001],"texture":"#0"},"west":{"uv":[8,0,15.999,7.999001],"texture":"#0"},"east":{"uv":[8,0,15.999,7.999001],"texture":"#0"}}},{"__comment":"element","from":[7.5,8.405,12.2751],"to":[8.5,8.655,12.32482],"rotation":{"origin":[8,8.53,12.3],"axis":"x","angle":-22.5},"faces":{"down":{"uv":[8,0,15.999,7.999001],"texture":"#0"},"up":{"uv":[8,0,15.999,7.999001],"texture":"#0"},"west":{"uv":[8,0,15.999,7.999001],"texture":"#0"},"east":{"uv":[8,0,15.999,7.999001],"texture":"#0"}}},{"__comment":"element","from":[7.5,8.405,12.2751],"to":[8.5,8.655,12.32482],"faces":{"down":{"uv":[8,0,15.999,7.999001],"texture":"#0"},"up":{"uv":[8,0,15.999,7.999001],"texture":"#0"},"west":{"uv":[8,0,15.999,7.999001],"texture":"#0"},"east":{"uv":[8,0,15.999,7.999001],"texture":"#0"}}},{"__comment":"element","from":[7.5,8.405,12.2751],"to":[8.5,8.655,12.32482],"rotation":{"origin":[8,8.53,12.3],"axis":"x","angle":22.5},"faces":{"down":{"uv":[8,0,15.999,7.999001],"texture":"#0"},"up":{"uv":[8,0,15.999,7.999001],"texture":"#0"},"west":{"uv":[8,0,15.999,7.999001],"texture":"#0"},"east":{"uv":[8,0,15.999,7.999001],"texture":"#0"}}}],"display":{"thirdperson_righthand":{"translation":[0,1.3913,5.5],"scale":[1.2,1.45,1.45]},"thirdperson_lefthand":{"translation":[0,1.3913,5.5],"scale":[1.2,1.45,1.45]},"firstperson_righthand":{"translation":[-1.5,2.7499,4.663],"scale":[1.22,1.45,1.49]},"firstperson_lefthand":{"translation":[-1.5,2.7499,4.663],"scale":[1.22,1.45,1.49]},"gui":{"rotation":[86,45,-92],"translation":[2.4456,-1.999,5.5652],"scale":[1.2,1.2,1.2]},"ground":{"rotation":[0,0,90],"translation":[0,-2.781,0]},"fixed":{"rotation":[0,90,0],"translation":[6.2608,0,0],"scale":[2,2,2]}}}
