{"__comment":"designed_by_yom_with_cubik_studio_-_https://cubik.studio","textures":{"particle":"customblock/dark_oak_planks","texture":"customblock/e_texture","0":"customblock/dark_oak_planks","2":"custom/iron_customblock","3":"customblock/black_wool","4":"customblock/gray_wool"},"elements":[{"__comment":"element","from":[8.1616,7.851,-15.5],"to":[8.3616,8.151001,-5],"faces":{"down":{"uv":[0,0,0.9,0.6999998],"texture":"#4","rotation":270},"up":{"uv":[0,0,0.9,0.6999998],"texture":"#4","rotation":270},"north":{"uv":[0,0,0.9,0.6999998],"texture":"#4","rotation":270},"south":{"uv":[0,0,0.9,0.6999998],"texture":"#4","rotation":270},"west":{"uv":[0,0,0.9,0.6999998],"texture":"#4","rotation":270},"east":{"uv":[0,0,0.9,0.6999998],"texture":"#4","rotation":270}}},{"__comment":"element","from":[7.6378,7.849,-15.5],"to":[7.8378,8.149,-5],"faces":{"down":{"uv":[0,0,0.9,0.6999998],"texture":"#4","rotation":270},"up":{"uv":[0,0,0.9,0.6999998],"texture":"#4","rotation":270},"north":{"uv":[0,0,0.9,0.6999998],"texture":"#4","rotation":270},"south":{"uv":[0,0,0.9,0.6999998],"texture":"#4","rotation":270},"west":{"uv":[0,0,0.9,0.6999998],"texture":"#4","rotation":270},"east":{"uv":[0,0,0.9,0.6999998],"texture":"#4","rotation":270}}},{"__comment":"element","from":[7.7153,7.6629,-15.75],"to":[7.915299,7.9629,-5],"rotation":{"origin":[7.81527,7.81294,8.1],"axis":"z","angle":45},"faces":{"down":{"uv":[0,0,0.9,0.6999998],"texture":"#4","rotation":270},"up":{"uv":[0,0,0.9,0.6999998],"texture":"#4","rotation":270},"north":{"uv":[0,0,0.9,0.6999998],"texture":"#4","rotation":270},"south":{"uv":[0,0,0.9,0.6999998],"texture":"#4","rotation":270},"west":{"uv":[0,0,0.9,0.6999998],"texture":"#4","rotation":270},"east":{"uv":[0,0,0.9,0.6999998],"texture":"#4","rotation":270}}},{"__comment":"element","from":[8.0849,8.035399,-15.4],"to":[8.2849,8.3354,-5],"rotation":{"origin":[8.18487,8.18541,8.6],"axis":"z","angle":45},"faces":{"down":{"uv":[0,0,0.9,0.6999998],"texture":"#4","rotation":270},"up":{"uv":[0,0,0.9,0.6999998],"texture":"#4","rotation":270},"north":{"uv":[0,0,0.9,0.6999998],"texture":"#4","rotation":270},"south":{"uv":[0,0,0.9,0.6999998],"texture":"#4","rotation":270},"west":{"uv":[0,0,0.9,0.6999998],"texture":"#4","rotation":270},"east":{"uv":[0,0,0.9,0.6999998],"texture":"#4","rotation":270}}},{"__comment":"element","from":[8.0355,7.7163,-15.75],"to":[8.3355,7.9163,-5],"rotation":{"origin":[8.18551,7.81627,8.1],"axis":"z","angle":45},"faces":{"down":{"uv":[0,0,0.9,0.6999998],"texture":"#4"},"up":{"uv":[0,0,0.9,0.6999998],"texture":"#4"},"north":{"uv":[0,0,0.9,0.6999998],"texture":"#4"},"south":{"uv":[0,0,0.9,0.6999998],"texture":"#4"},"west":{"uv":[0,0,0.9,0.6999998],"texture":"#4"},"east":{"uv":[0,0,0.9,0.6999998],"texture":"#4"}}},{"__comment":"element","from":[7.6643,8.0844,-15.4],"to":[7.9643,8.2844,-5],"rotation":{"origin":[7.8143,8.18444,8.1],"axis":"z","angle":45},"faces":{"down":{"uv":[0,0,0.9,0.6999998],"texture":"#4"},"up":{"uv":[0,0,0.9,0.6999998],"texture":"#4"},"north":{"uv":[0,0,0.9,0.6999998],"texture":"#4"},"south":{"uv":[0,0,0.9,0.6999998],"texture":"#4"},"west":{"uv":[0,0,0.9,0.6999998],"texture":"#4"},"east":{"uv":[0,0,0.9,0.6999998],"texture":"#4"}}},{"__comment":"element","from":[7.4499,9.6346,-5],"to":[8.0499,9.8846,-4.7],"rotation":{"origin":[7.31159,9.87694,-4.5],"axis":"z","angle":-22.5},"faces":{"down":{"uv":[3,1,3.5,1.5],"texture":"#3"},"up":{"uv":[3,1,3.5,1.5],"texture":"#3"},"north":{"uv":[3,1,3.5,1.5],"texture":"#3"},"south":{"uv":[3,1,3.5,1.5],"texture":"#3"},"west":{"uv":[3,1,3.5,1.5],"texture":"#3"},"east":{"uv":[3,1,3.5,1.5],"texture":"#3"}}},{"__comment":"element","from":[7.2569,9.3371,-5],"to":[7.5069,9.9371,-4.7],"rotation":{"origin":[7.4776,10.10784,-4.5],"axis":"z","angle":45},"faces":{"down":{"uv":[3,1,3.5,1.5],"texture":"#3","rotation":90},"up":{"uv":[3,1,3.5,1.5],"texture":"#3","rotation":90},"north":{"uv":[3,1,3.5,1.5],"texture":"#3","rotation":90},"south":{"uv":[3,1,3.5,1.5],"texture":"#3","rotation":90},"west":{"uv":[3,1,3.5,1.5],"texture":"#3","rotation":90},"east":{"uv":[3,1,3.5,1.5],"texture":"#3","rotation":90}}},{"__comment":"element","from":[7.5311,9.465199,-5],"to":[7.7811,10.0652,-4.7],"rotation":{"origin":[7.71934,10.25762,-4.5],"axis":"z","angle":22.5},"faces":{"down":{"uv":[3,1,3.5,1.5],"texture":"#3","rotation":90},"up":{"uv":[3,1,3.5,1.5],"texture":"#3","rotation":90},"north":{"uv":[3,1,3.5,1.5],"texture":"#3","rotation":90},"south":{"uv":[3,1,3.5,1.5],"texture":"#3","rotation":90},"west":{"uv":[3,1,3.5,1.5],"texture":"#3","rotation":90},"east":{"uv":[3,1,3.5,1.5],"texture":"#3","rotation":90}}},{"__comment":"element","from":[7.85,9.5035,-5],"to":[8.15,10.1035,-4.7],"faces":{"down":{"uv":[3,1,3.5,1.5],"texture":"#3","rotation":90},"up":{"uv":[3,1,3.5,1.5],"texture":"#3","rotation":90},"north":{"uv":[3,1,3.5,1.5],"texture":"#3","rotation":90},"south":{"uv":[3,1,3.5,1.5],"texture":"#3","rotation":90},"west":{"uv":[3,1,3.5,1.5],"texture":"#3","rotation":90},"east":{"uv":[3,1,3.5,1.5],"texture":"#3","rotation":90}}},{"__comment":"element","from":[7.301,6.5639,14.1546],"to":[8.698999,6.8639,14.8546],"rotation":{"origin":[7.951,6.81386,15.52961],"axis":"x","angle":-22.5},"faces":{"down":{"uv":[0,0,1.55,0.5],"texture":"#0"},"up":{"uv":[0,0,1.55,0.5],"texture":"#0"},"north":{"uv":[0,0,1.55,0.5],"texture":"#0"},"south":{"uv":[0,0,1.55,0.5],"texture":"#0"},"west":{"uv":[0,0,1.55,0.5],"texture":"#0"},"east":{"uv":[0,0,1.55,0.5],"texture":"#0"}}},{"__comment":"element","from":[7.301,6.4089,14.6865],"to":[8.698999,6.7089,15.3865],"rotation":{"origin":[7.951,6.65891,16.06152],"axis":"x","angle":-22.5},"faces":{"down":{"uv":[0,0,1.55,0.5],"texture":"#0"},"up":{"uv":[0,0,1.55,0.5],"texture":"#0"},"north":{"uv":[0,0,1.55,0.5],"texture":"#0"},"south":{"uv":[0,0,1.55,0.5],"texture":"#0"},"west":{"uv":[0,0,1.55,0.5],"texture":"#0"},"east":{"uv":[0,0,1.55,0.5],"texture":"#0"}}},{"__comment":"element","from":[7.301,6.6062,15.6866],"to":[8.698999,6.9062,16.3866],"rotation":{"origin":[7.951,6.85623,17.06159],"axis":"x","angle":-22.5},"faces":{"down":{"uv":[0,0,1.55,0.5],"texture":"#0"},"up":{"uv":[0,0,1.55,0.5],"texture":"#0"},"north":{"uv":[0,0,1.55,0.5],"texture":"#0"},"south":{"uv":[0,0,1.55,0.5],"texture":"#0"},"west":{"uv":[0,0,1.55,0.5],"texture":"#0"},"east":{"uv":[0,0,1.55,0.5],"texture":"#0"}}},{"__comment":"element","from":[7.301,6.7618,15.1555],"to":[8.698999,7.0618,15.8555],"rotation":{"origin":[7.951,7.01176,16.53047],"axis":"x","angle":-22.5},"faces":{"down":{"uv":[0,0,1.55,0.5],"texture":"#0"},"up":{"uv":[0,0,1.55,0.5],"texture":"#0"},"north":{"uv":[0,0,1.55,0.5],"texture":"#0"},"south":{"uv":[0,0,1.55,0.5],"texture":"#0"},"west":{"uv":[0,0,1.55,0.5],"texture":"#0"},"east":{"uv":[0,0,1.55,0.5],"texture":"#0"}}},{"__comment":"element","from":[7.3005,6.3,15.8872],"to":[8.6995,6.8,16.9372],"faces":{"down":{"uv":[0,0,1.55,0.5],"texture":"#0"},"up":{"uv":[0,0,1.55,0.5],"texture":"#0"},"north":{"uv":[0,0,1.55,0.5],"texture":"#0"},"south":{"uv":[0,0,1.55,0.5],"texture":"#0"},"west":{"uv":[0,0,1.55,0.5],"texture":"#0"},"east":{"uv":[0,0,1.55,0.5],"texture":"#0"}}},{"__comment":"element","from":[7.351,1.7644,15.3801],"to":[8.649,3.4644,15.8801],"faces":{"down":{"uv":[0,0,1.55,0.5],"texture":"#0"},"up":{"uv":[0,0,1.55,0.5],"texture":"#0"},"north":{"uv":[0,0,1.55,0.5],"texture":"#0"},"south":{"uv":[0,0,1.55,0.5],"texture":"#0"},"west":{"uv":[0,0,1.55,0.5],"texture":"#0"},"east":{"uv":[0,0,1.55,0.5],"texture":"#0"}}},{"__comment":"element","from":[7.351,1.2492,13.5333],"to":[8.649,1.9492,14.0333],"rotation":{"origin":[8.00701,6.49917,14.90832],"axis":"x","angle":-22.5},"faces":{"down":{"uv":[0,0,1.55,0.5],"texture":"#0"},"up":{"uv":[0,0,1.55,0.5],"texture":"#0"},"north":{"uv":[0,0,1.55,0.5],"texture":"#0"},"south":{"uv":[0,0,1.55,0.5],"texture":"#0"},"west":{"uv":[0,0,1.55,0.5],"texture":"#0"},"east":{"uv":[0,0,1.55,0.5],"texture":"#0"}}},{"__comment":"element","from":[7.3505,1.4467,13.9956],"to":[8.6495,6.9467,16.5456],"rotation":{"origin":[8.0005,6.69669,15.3706],"axis":"x","angle":-22.5},"faces":{"down":{"uv":[0,0,2.55,2],"texture":"#0"},"up":{"uv":[0,0,2.55,2],"texture":"#0"},"north":{"uv":[0,0,2.55,2],"texture":"#0"},"south":{"uv":[0,0,2.55,2],"texture":"#0"},"west":{"uv":[0,0,2.55,2],"texture":"#0"},"east":{"uv":[0,0,2.55,2],"texture":"#0"}}},{"__comment":"element","from":[7.3005,6.1,14.8872],"to":[8.6995,6.6,15.8872],"faces":{"down":{"uv":[0,0,1.55,0.5],"texture":"#0"},"up":{"uv":[0,0,1.55,0.5],"texture":"#0"},"north":{"uv":[0,0,1.55,0.5],"texture":"#0"},"south":{"uv":[0,0,1.55,0.5],"texture":"#0"},"west":{"uv":[0,0,1.55,0.5],"texture":"#0"},"east":{"uv":[0,0,1.55,0.5],"texture":"#0"}}},{"__comment":"element","from":[7.351,5.3,16.4371],"to":[8.649,6.3,16.9371],"faces":{"down":{"uv":[0,0,1.55,0.5],"texture":"#0","rotation":90},"up":{"uv":[0,0,1.55,0.5],"texture":"#0","rotation":90},"north":{"uv":[0,0,1.55,0.5],"texture":"#0","rotation":90},"south":{"uv":[0,0,1.55,0.5],"texture":"#0","rotation":90},"west":{"uv":[0,0,1.55,0.5],"texture":"#0","rotation":90},"east":{"uv":[0,0,1.55,0.5],"texture":"#0","rotation":90}}},{"__comment":"element","from":[7.351,4.8549,13.6594],"to":[8.649,5.3549,14.6594],"rotation":{"origin":[8.001,5.1049,15.03442],"axis":"x","angle":45},"faces":{"down":{"uv":[0,0,1.55,0.5],"texture":"#0"},"up":{"uv":[0,0,1.55,0.5],"texture":"#0"},"north":{"uv":[0,0,1.55,0.5],"texture":"#0"},"south":{"uv":[0,0,1.55,0.5],"texture":"#0"},"west":{"uv":[0,0,1.55,0.5],"texture":"#0"},"east":{"uv":[0,0,1.55,0.5],"texture":"#0"}}},{"__comment":"element","from":[7.3005,5.9,13.8872],"to":[8.6995,6.4,14.8872],"faces":{"down":{"uv":[0,0,1.55,0.5],"texture":"#0"},"up":{"uv":[0,0,1.55,0.5],"texture":"#0"},"north":{"uv":[0,0,1.55,0.5],"texture":"#0"},"south":{"uv":[0,0,1.55,0.5],"texture":"#0"},"west":{"uv":[0,0,1.55,0.5],"texture":"#0"},"east":{"uv":[0,0,1.55,0.5],"texture":"#0"}}},{"__comment":"element","from":[7.85,6.7,12.7963],"to":[8.15,7.3,12.9963],"rotation":{"origin":[8,6.95,12.89633],"axis":"x","angle":-22.5},"faces":{"down":{"uv":[11,0,12.7,1.1],"texture":"#4"},"up":{"uv":[11,0,12.7,1.1],"texture":"#4"},"north":{"uv":[11,0,12.7,1.1],"texture":"#4"},"south":{"uv":[11,0,12.7,1.1],"texture":"#4"},"west":{"uv":[11,0,12.7,1.1],"texture":"#4"},"east":{"uv":[11,0,12.7,1.1],"texture":"#4"}}},{"__comment":"element","from":[7.85,6.4608,12.9],"to":[8.15,7.0608,13.1],"faces":{"down":{"uv":[11,0,12.7,1.1],"texture":"#4"},"up":{"uv":[11,0,12.7,1.1],"texture":"#4"},"north":{"uv":[11,0,12.7,1.1],"texture":"#4"},"south":{"uv":[11,0,12.7,1.1],"texture":"#4"},"west":{"uv":[11,0,12.7,1.1],"texture":"#4"},"east":{"uv":[11,0,12.7,1.1],"texture":"#4"}}},{"__comment":"element","from":[7.85,5.9252,12.7737],"to":[8.15,6.5252,12.9737],"rotation":{"origin":[8,6.17524,12.87367],"axis":"x","angle":22.5},"faces":{"down":{"uv":[11,0,12.7,1.1],"texture":"#4"},"up":{"uv":[11,0,12.7,1.1],"texture":"#4"},"north":{"uv":[11,0,12.7,1.1],"texture":"#4"},"south":{"uv":[11,0,12.7,1.1],"texture":"#4"},"west":{"uv":[11,0,12.7,1.1],"texture":"#4"},"east":{"uv":[11,0,12.7,1.1],"texture":"#4"}}},{"__comment":"element","from":[7.85,5.8788,12.5359],"to":[8.15,6.0788,12.8359],"rotation":{"origin":[8,5.97881,12.78593],"axis":"x","angle":-22.5},"faces":{"down":{"uv":[11,0,12.7,1.1],"texture":"#4","rotation":90},"up":{"uv":[11,0,12.7,1.1],"texture":"#4","rotation":90},"north":{"uv":[11,0,12.7,1.1],"texture":"#4","rotation":90},"south":{"uv":[11,0,12.7,1.1],"texture":"#4","rotation":90},"west":{"uv":[11,0,12.7,1.1],"texture":"#4","rotation":90},"east":{"uv":[11,0,12.7,1.1],"texture":"#4","rotation":90}}},{"__comment":"element","from":[7.85,5.5089,13.8018],"to":[8.15,6.0089,13.9018],"rotation":{"origin":[8,5.65891,13.85178],"axis":"x","angle":45},"faces":{"down":{"uv":[0,0,1,0.6999998],"texture":"#4"},"up":{"uv":[0,0,1,0.6999998],"texture":"#4"},"north":{"uv":[0,0,1,0.6999998],"texture":"#4"},"south":{"uv":[0,0,1,0.6999998],"texture":"#4"},"west":{"uv":[0,0,1,0.6999998],"texture":"#4"},"east":{"uv":[0,0,1,0.6999998],"texture":"#4"}}},{"__comment":"element","from":[7.85,5.5088,10.5203],"to":[8.15,6.0088,10.6203],"rotation":{"origin":[8,5.65881,10.57029],"axis":"x","angle":-45},"faces":{"down":{"uv":[0,0,1,0.6999998],"texture":"#4"},"up":{"uv":[0,0,1,0.6999998],"texture":"#4"},"north":{"uv":[0,0,1,0.6999998],"texture":"#4"},"south":{"uv":[0,0,1,0.6999998],"texture":"#4"},"west":{"uv":[0,0,1,0.6999998],"texture":"#4"},"east":{"uv":[0,0,1,0.6999998],"texture":"#4"}}},{"__comment":"element","from":[7.85,5.5175,10.6411],"to":[8.15,5.6175,13.7811],"faces":{"down":{"uv":[0,0,1,0.6999998],"texture":"#4","rotation":270},"up":{"uv":[0,0,1,0.6999998],"texture":"#4","rotation":270},"north":{"uv":[0,0,1,0.6999998],"texture":"#4","rotation":270},"south":{"uv":[0,0,1,0.6999998],"texture":"#4","rotation":270},"west":{"uv":[0,0,1,0.6999998],"texture":"#4","rotation":270},"east":{"uv":[0,0,1,0.6999998],"texture":"#4","rotation":270}}},{"__comment":"element","from":[7.6,5.8,9.5],"to":[8.4,7,10.5],"faces":{"down":{"uv":[0,0,1,0.6999998],"texture":"#4"},"up":{"uv":[0,0,1,0.6999998],"texture":"#4"},"north":{"uv":[0,0,1,0.6999998],"texture":"#4"},"south":{"uv":[0,0,1,0.6999998],"texture":"#4"},"west":{"uv":[0,0,1,0.6999998],"texture":"#4"},"east":{"uv":[0,0,1,0.6999998],"texture":"#4"}}},{"__comment":"element","from":[7.35,6.4,14],"to":[8.65,7,16.75],"faces":{"down":{"uv":[0,0,1.25,0.6000004],"texture":"#4"},"up":{"uv":[0,0,1.25,0.6000004],"texture":"#4"},"north":{"uv":[0,0,1.25,0.6000004],"texture":"#4"},"south":{"uv":[0,0,1.25,0.6000004],"texture":"#4"},"west":{"uv":[0,0,1.25,0.6000004],"texture":"#4"},"east":{"uv":[0,0,1.25,0.6000004],"texture":"#4"}}},{"__comment":"element","from":[7.35,7,3.5022],"to":[8.65,8.6,18.2522],"faces":{"down":{"uv":[2.5,1,3.5,2.2],"texture":"#3"},"up":{"uv":[2.5,1,3.5,2.2],"texture":"#3"},"north":{"uv":[2.5,1,3.5,2.2],"texture":"#3"},"south":{"uv":[2.5,1,3.5,2.2],"texture":"#3"},"west":{"uv":[2.5,1,3.5,2.2],"texture":"#3"},"east":{"uv":[2.5,1,3.5,2.2],"texture":"#3"}}},{"__comment":"element","from":[7.351,6.9511,1.0001],"to":[8.649,7.9511,3.5001],"rotation":{"origin":[8.05,7.6511,2.50007],"axis":"x","angle":22.5},"faces":{"down":{"uv":[4,0,5.5,1],"texture":"#0","rotation":90},"up":{"uv":[4,0,5.5,1],"texture":"#0","rotation":90},"north":{"uv":[4,0,5.5,1],"texture":"#0","rotation":90},"south":{"uv":[4,0,5.5,1],"texture":"#0","rotation":90},"west":{"uv":[4,0,5.5,1],"texture":"#0","rotation":90},"east":{"uv":[4,0,5.5,1],"texture":"#0","rotation":90}}},{"__comment":"element","from":[7.3505,6.8061,2.5],"to":[8.6495,8.2061,3.9],"rotation":{"origin":[8.0505,7.50614,3.05],"axis":"x","angle":-45},"faces":{"down":{"uv":[4,0,5.5,1],"texture":"#0","rotation":90},"up":{"uv":[4,0,5.5,1],"texture":"#0","rotation":90},"north":{"uv":[4,0,5.5,1],"texture":"#0","rotation":90},"south":{"uv":[4,0,5.5,1],"texture":"#0","rotation":90},"west":{"uv":[4,0,5.5,1],"texture":"#0","rotation":90},"east":{"uv":[4,0,5.5,1],"texture":"#0","rotation":90}}},{"__comment":"element","from":[7.35,8.45,-4.7],"to":[8.65,8.75,-3.3],"faces":{"down":{"uv":[0,0,0.8,0.75],"texture":"#0"},"up":{"uv":[0,0,0.8,0.75],"texture":"#0"},"north":{"uv":[0,0,0.8,0.75],"texture":"#0"},"south":{"uv":[0,0,0.8,0.75],"texture":"#0"},"west":{"uv":[0,0,0.8,0.75],"texture":"#0"},"east":{"uv":[0,0,0.8,0.75],"texture":"#0"}}},{"__comment":"element","from":[7.35,8.45,-2.1],"to":[8.65,8.75,-1.1],"faces":{"down":{"uv":[0,0,0.8,0.75],"texture":"#0"},"up":{"uv":[0,0,0.8,0.75],"texture":"#0"},"north":{"uv":[0,0,0.8,0.75],"texture":"#0"},"south":{"uv":[0,0,0.8,0.75],"texture":"#0"},"west":{"uv":[0,0,0.8,0.75],"texture":"#0"},"east":{"uv":[0,0,0.8,0.75],"texture":"#0"}}},{"__comment":"element","from":[7.35,8.45,0.09999999],"to":[8.65,8.75,1.1],"faces":{"down":{"uv":[0,0,0.8,0.75],"texture":"#0"},"up":{"uv":[0,0,0.8,0.75],"texture":"#0"},"north":{"uv":[0,0,0.8,0.75],"texture":"#0"},"south":{"uv":[0,0,0.8,0.75],"texture":"#0"},"west":{"uv":[0,0,0.8,0.75],"texture":"#0"},"east":{"uv":[0,0,0.8,0.75],"texture":"#0"}}},{"__comment":"element","from":[7.3,8.45,1.1],"to":[8.699999,8.65,3.5],"faces":{"down":{"uv":[0,0,2.4,0.1000004],"texture":"#0"},"up":{"uv":[0,0,2.4,0.1000004],"texture":"#0"},"north":{"uv":[0,0,2.4,0.1000004],"texture":"#0"},"south":{"uv":[0,0,2.4,0.1000004],"texture":"#0"},"west":{"uv":[0,0,2.4,0.1000004],"texture":"#0"},"east":{"uv":[0,0,2.4,0.1000004],"texture":"#0"}}},{"__comment":"element","from":[7.3,7.5,-4.7],"to":[8.699999,8.46,3.5],"faces":{"down":{"uv":[0,0,5.3,0.75],"texture":"#0"},"up":{"uv":[0,0,5.3,0.75],"texture":"#0"},"north":{"uv":[0,0,5.3,0.75],"texture":"#0"},"south":{"uv":[0,0,5.3,0.75],"texture":"#0"},"west":{"uv":[0,0,5.3,0.75],"texture":"#0"},"east":{"uv":[0,0,5.3,0.75],"texture":"#0","rotation":180}}},{"__comment":"element","from":[8.3994,9.5806,1.9297],"to":[8.6494,9.8006,2.1497],"faces":{"down":{"uv":[2.5,1,3.71953,1.71953],"texture":"#3","rotation":270},"up":{"uv":[2.5,1,3.71953,1.71953],"texture":"#3","rotation":270},"north":{"uv":[2.5,1,3.71953,1.71953],"texture":"#3","rotation":270},"south":{"uv":[2.5,1,3.71953,1.71953],"texture":"#3","rotation":270},"west":{"uv":[2.5,1,3.71953,1.71953],"texture":"#3","rotation":270},"east":{"uv":[2.5,1,3.71953,1.71953],"texture":"#3","rotation":270}}},{"__comment":"element","from":[8.4,10.0368,2.7351],"to":[8.65,10.5268,3.0451],"rotation":{"origin":[8,8.83677,2.88507],"axis":"x","angle":-45},"faces":{"down":{"uv":[2.5,1,3.48984,1.80938],"texture":"#3","rotation":270},"up":{"uv":[2.5,1,3.48984,1.80938],"texture":"#3","rotation":270},"north":{"uv":[2.5,1,3.48984,1.80938],"texture":"#3","rotation":270},"south":{"uv":[2.5,1,3.48984,1.80938],"texture":"#3","rotation":270},"west":{"uv":[2.5,1,3.48984,1.80938],"texture":"#3","rotation":270},"east":{"uv":[2.5,1,3.48984,1.80938],"texture":"#3","rotation":270}}},{"__comment":"element","from":[7.25,8.78,3.9],"to":[8.75,8.93,4.05],"rotation":{"origin":[6.75,8.855,3.975],"axis":"x","angle":-45},"faces":{"down":{"uv":[15.5,14,16,15],"texture":"#2","rotation":270},"up":{"uv":[15.5,14,16,15],"texture":"#2","rotation":270},"north":{"uv":[15.5,14,16,15],"texture":"#2","rotation":270},"south":{"uv":[15.5,14,16,15],"texture":"#2","rotation":270},"west":{"uv":[15.5,14,16,15],"texture":"#2","rotation":270},"east":{"uv":[15.5,14,16,15],"texture":"#2","rotation":270}}},{"__comment":"element","from":[8.349999,10.3,2.2178],"to":[8.549999,10.45,2.3678],"rotation":{"origin":[7.85,10.375,2.29279],"axis":"x","angle":-45},"faces":{"down":{"uv":[15.5,14,16,15],"texture":"#2","rotation":270},"up":{"uv":[15.5,14,16,15],"texture":"#2","rotation":270},"north":{"uv":[15.5,14,16,15],"texture":"#2","rotation":270},"south":{"uv":[15.5,14,16,15],"texture":"#2","rotation":270},"west":{"uv":[15.5,14,16,15],"texture":"#2","rotation":270},"east":{"uv":[15.5,14,16,15],"texture":"#2","rotation":270}}},{"__comment":"element","from":[7.45,10.3,2.2178],"to":[7.65,10.45,2.3678],"rotation":{"origin":[8.15,10.375,2.29279],"axis":"x","angle":-45},"faces":{"down":{"uv":[15.5,14,16,15],"texture":"#2","rotation":90},"up":{"uv":[15.5,14,16,15],"texture":"#2","rotation":90},"north":{"uv":[15.5,14,16,15],"texture":"#2","rotation":90},"south":{"uv":[15.5,14,16,15],"texture":"#2","rotation":90},"west":{"uv":[15.5,14,16,15],"texture":"#2","rotation":90},"east":{"uv":[15.5,14,16,15],"texture":"#2","rotation":90}}},{"__comment":"element","from":[7.3,10.0542,1.5378],"to":[8.699999,10.2042,1.6878],"faces":{"down":{"uv":[15.5,14,16,15],"texture":"#2","rotation":90},"up":{"uv":[15.5,14,16,15],"texture":"#2","rotation":90},"north":{"uv":[15.5,14,16,15],"texture":"#2","rotation":90},"south":{"uv":[15.5,14,16,15],"texture":"#2","rotation":90},"west":{"uv":[15.5,14,16,15],"texture":"#2","rotation":90},"east":{"uv":[15.5,14,16,15],"texture":"#2","rotation":90}}},{"__comment":"element","from":[7.4001,10.0108,2.0955],"to":[8.649099,10.4108,2.3455],"rotation":{"origin":[8.0001,8.81076,2.2455],"axis":"x","angle":-22.5},"faces":{"down":{"uv":[2.5,1,3.4,2.25],"texture":"#3","rotation":90},"up":{"uv":[2.5,1,3.4,2.25],"texture":"#3","rotation":90},"north":{"uv":[2.5,1,3.4,2.25],"texture":"#3","rotation":90},"south":{"uv":[2.5,1,3.4,2.25],"texture":"#3","rotation":90},"west":{"uv":[2.5,1,3.4,2.25],"texture":"#3","rotation":90},"east":{"uv":[2.5,1,3.4,2.25],"texture":"#3","rotation":90}}},{"__comment":"element","from":[7.4001,9.3769,1.3345],"to":[8.649099,9.6269,1.6345],"rotation":{"origin":[8.0001,9.52693,2.93452],"axis":"x","angle":22.5},"faces":{"down":{"uv":[2.5,1,3.4,2.25],"texture":"#3"},"up":{"uv":[2.5,1,3.4,2.25],"texture":"#3"},"north":{"uv":[2.5,1,3.4,2.25],"texture":"#3"},"south":{"uv":[2.5,1,3.4,2.25],"texture":"#3"},"west":{"uv":[2.5,1,3.4,2.25],"texture":"#3"},"east":{"uv":[2.5,1,3.4,2.25],"texture":"#3"}}},{"__comment":"element","from":[8.2,10.1252,4.055],"to":[9,10.3352,4.555],"rotation":{"origin":[8.8,10.2302,4.305],"axis":"x","angle":45},"faces":{"down":{"uv":[0,0,0.8,0.5],"texture":"#4","rotation":180},"up":{"uv":[0,0,0.8,0.5],"texture":"#4","rotation":180},"north":{"uv":[0,0,0.8,0.5],"texture":"#4","rotation":180},"south":{"uv":[0,0,0.8,0.5],"texture":"#4","rotation":180},"west":{"uv":[0,0,0.8,0.5],"texture":"#4","rotation":180},"east":{"uv":[0,0,0.8,0.5],"texture":"#4","rotation":180}}},{"__comment":"element","from":[8.2,10.1252,4.055],"to":[9,10.3352,4.555],"faces":{"down":{"uv":[0,0,0.8,0.5],"texture":"#4","rotation":180},"up":{"uv":[0,0,0.8,0.5],"texture":"#4","rotation":180},"north":{"uv":[0,0,0.8,0.5],"texture":"#4","rotation":180},"south":{"uv":[0,0,0.8,0.5],"texture":"#4","rotation":180},"west":{"uv":[0,0,0.8,0.5],"texture":"#4","rotation":180},"east":{"uv":[0,0,0.8,0.5],"texture":"#4","rotation":180}}},{"__comment":"element","from":[8.2,9.9802,4.2],"to":[9,10.4802,4.41],"rotation":{"origin":[8.8,10.2302,4.305],"axis":"x","angle":45},"faces":{"down":{"uv":[0,0,0.8,0.21],"texture":"#4"},"up":{"uv":[0,0,0.8,0.21],"texture":"#4"},"north":{"uv":[0,0,0.8,0.21],"texture":"#4"},"south":{"uv":[0,0,0.8,0.21],"texture":"#4"},"west":{"uv":[0,0,0.8,0.21],"texture":"#4"},"east":{"uv":[0,0,0.8,0.21],"texture":"#4"}}},{"__comment":"element","from":[8.2,9.9802,4.2],"to":[9,10.4802,4.41],"faces":{"down":{"uv":[0,0,0.8,0.21],"texture":"#4"},"up":{"uv":[0,0,0.8,0.21],"texture":"#4"},"north":{"uv":[0,0,0.8,0.21],"texture":"#4"},"south":{"uv":[0,0,0.8,0.21],"texture":"#4"},"west":{"uv":[0,0,0.8,0.21],"texture":"#4"},"east":{"uv":[0,0,0.8,0.21],"texture":"#4"}}},{"__comment":"element","from":[8.1002,10.1289,4.7258],"to":[8.500199,10.4289,4.9258],"faces":{"down":{"uv":[0.4,0,0,0.1999998],"texture":"#4"},"up":{"uv":[0.4,0,0,0.1999998],"texture":"#4"},"north":{"uv":[0.4,0,0,0.1999998],"texture":"#4"},"south":{"uv":[0.4,0,0,0.1999998],"texture":"#4"},"west":{"uv":[0.4,0,0,0.1999998],"texture":"#4"},"east":{"uv":[0.4,0,0,0.1999998],"texture":"#4"}}},{"__comment":"element","from":[7.4998,10.1289,4.7258],"to":[7.8998,10.4289,4.9258],"faces":{"down":{"uv":[0,0,0.4,0.1999998],"texture":"#4"},"up":{"uv":[0,0,0.4,0.1999998],"texture":"#4"},"north":{"uv":[0,0,0.4,0.1999998],"texture":"#4"},"south":{"uv":[0,0,0.4,0.1999998],"texture":"#4"},"west":{"uv":[0,0,0.4,0.1999998],"texture":"#4"},"east":{"uv":[0,0,0.4,0.1999998],"texture":"#4"}}},{"__comment":"element","from":[7.75,10.1287,1.7259],"to":[8.25,10.3287,4.9159],"faces":{"down":{"uv":[0,0,0.5,3.190001],"texture":"#4"},"up":{"uv":[0,0,0.5,3.190001],"texture":"#4"},"north":{"uv":[0,0,0.5,3.190001],"texture":"#4"},"south":{"uv":[0,0,0.5,3.190001],"texture":"#4"},"west":{"uv":[0,0,0.5,3.190001],"texture":"#4"},"east":{"uv":[0,0,0.5,3.190001],"texture":"#4"}}},{"__comment":"element","from":[8.17,10.0015,1.7259],"to":[8.5,10.3287,2.7259],"faces":{"down":{"uv":[0.33,0,0.66,1],"texture":"#4"},"up":{"uv":[0.33,0,0.66,1],"texture":"#4"},"north":{"uv":[0.33,0,0.66,1],"texture":"#4"},"south":{"uv":[0.33,0,0.66,1],"texture":"#4"},"west":{"uv":[0.33,0,0.66,1],"texture":"#4"},"east":{"uv":[0.33,0,0.66,1],"texture":"#4"}}},{"__comment":"element","from":[7.5,10.0015,1.7259],"to":[7.83,10.3287,2.7259],"faces":{"down":{"uv":[0,0,0.33,1],"texture":"#4"},"up":{"uv":[0,0,0.33,1],"texture":"#4"},"north":{"uv":[0,0,0.33,1],"texture":"#4"},"south":{"uv":[0,0,0.33,1],"texture":"#4"},"west":{"uv":[0,0,0.33,1],"texture":"#4"},"east":{"uv":[0,0,0.33,1],"texture":"#4"}}},{"__comment":"element","from":[7.48,9.7,3.2],"to":[8.52,10.1,4.599],"faces":{"down":{"uv":[0,0,1.04,1.399],"texture":"#4"},"up":{"uv":[0,0,1.04,1.399],"texture":"#4"},"north":{"uv":[0,0,1.04,1.399],"texture":"#4"},"south":{"uv":[0,0,1.04,1.399],"texture":"#4"},"west":{"uv":[0,0,1.04,1.399],"texture":"#4"},"east":{"uv":[0,0,1.04,1.399],"texture":"#4"}}},{"__comment":"element","from":[7.475,9.842999,1.3603],"to":[7.825,10.743,2.7303],"rotation":{"origin":[8,9.54251,1.54527],"axis":"x","angle":45},"faces":{"down":{"uv":[0,0,0.35,1.37],"texture":"#4","rotation":180},"up":{"uv":[0,0,0.35,1.37],"texture":"#4"},"north":{"uv":[0,0,0.35,1.37],"texture":"#4","rotation":180},"south":{"uv":[0,0,0.35,1.37],"texture":"#4"},"west":{"uv":[0,0,0.35,1.37],"texture":"#4","rotation":270},"east":{"uv":[0,0,0.35,1.37],"texture":"#4","rotation":90}}},{"__comment":"element","from":[7.475,9.7061,2.1008],"to":[7.825,10.0761,4.0008],"rotation":{"origin":[8,9.89113,3.30131],"axis":"x","angle":22.5},"faces":{"down":{"uv":[0,0,0.35,1.9],"texture":"#4"},"up":{"uv":[0,0,0.35,1.9],"texture":"#4"},"north":{"uv":[0,0,0.35,1.9],"texture":"#4","rotation":180},"south":{"uv":[0,0,0.35,1.9],"texture":"#4","rotation":180},"west":{"uv":[0,0,0.35,1.9],"texture":"#4","rotation":180},"east":{"uv":[0,0,0.35,1.9],"texture":"#4","rotation":180}}},{"__comment":"element","from":[7.4,8.599999,1.4],"to":[8.6,9.999999,3.2],"faces":{"down":{"uv":[2.5,1,3.4,2.25],"texture":"#3"},"up":{"uv":[2.5,1,3.4,2.25],"texture":"#3"},"north":{"uv":[2.5,1,3.4,2.25],"texture":"#3"},"south":{"uv":[2.5,1,3.4,2.25],"texture":"#3"},"west":{"uv":[2.5,1,3.4,2.25],"texture":"#3"},"east":{"uv":[2.5,1,3.4,2.25],"texture":"#3"}}},{"__comment":"element","from":[7.405,9.3531,3.2501],"to":[8.594999,9.6531,3.8501],"rotation":{"origin":[8.005,9.9531,4.10011],"axis":"x","angle":22.5},"faces":{"down":{"uv":[2,1.5,3.6,2.3],"texture":"#3"},"up":{"uv":[2,1.5,3.6,2.3],"texture":"#3"},"north":{"uv":[2,1.5,3.6,2.3],"texture":"#3"},"south":{"uv":[2,1.5,3.6,2.3],"texture":"#3"},"west":{"uv":[2,1.5,3.6,2.3],"texture":"#3"},"east":{"uv":[2,1.5,3.6,2.3],"texture":"#3"}}},{"__comment":"element","from":[7.6955,8.5015,9.099999],"to":[8.1955,9.0015,17.1],"rotation":{"origin":[8.16548,9.70152,12.1],"axis":"z","angle":22.5},"faces":{"down":{"uv":[2.5,1,3.5,2.2],"texture":"#3","rotation":270},"up":{"uv":[2.5,1,3.5,2.2],"texture":"#3","rotation":270},"north":{"uv":[2.5,1,3.5,2.2],"texture":"#3","rotation":270},"south":{"uv":[2.5,1,3.5,2.2],"texture":"#3","rotation":270},"west":{"uv":[2.5,1,3.5,2.2],"texture":"#3","rotation":270},"east":{"uv":[2.5,1,3.5,2.2],"texture":"#3","rotation":270}}},{"__comment":"element","from":[7.8045,8.5015,4.6],"to":[8.304499,9.0015,17.1],"rotation":{"origin":[7.83452,9.70152,12.1],"axis":"z","angle":-22.5},"faces":{"down":{"uv":[2.5,1,3.5,2.2],"texture":"#3","rotation":270},"up":{"uv":[2.5,1,3.5,2.2],"texture":"#3","rotation":270},"north":{"uv":[2.5,1,3.5,2.2],"texture":"#3","rotation":270},"south":{"uv":[2.5,1,3.5,2.2],"texture":"#3","rotation":270},"west":{"uv":[2.5,1,3.5,2.2],"texture":"#3","rotation":270},"east":{"uv":[2.5,1,3.5,2.2],"texture":"#3","rotation":270}}},{"__comment":"element","from":[7.5172,8.9671,4.1],"to":[7.8172,9.4671,9.1],"faces":{"down":{"uv":[2.5,1,3.5,2.2],"texture":"#3","rotation":270},"up":{"uv":[2.5,1,3.5,2.2],"texture":"#3","rotation":270},"north":{"uv":[2.5,1,3.5,2.2],"texture":"#3","rotation":270},"south":{"uv":[2.5,1,3.5,2.2],"texture":"#3","rotation":270},"west":{"uv":[2.5,1,3.5,2.2],"texture":"#3","rotation":270},"east":{"uv":[2.5,1,3.5,2.2],"texture":"#3","rotation":270}}},{"__comment":"element","from":[7.5172,8.9671,9.099999],"to":[8.4872,9.4671,17.1],"faces":{"down":{"uv":[2.5,1,3.5,2.2],"texture":"#3","rotation":270},"up":{"uv":[2.5,1,3.5,2.2],"texture":"#3","rotation":270},"north":{"uv":[2.5,1,3.5,2.2],"texture":"#3","rotation":270},"south":{"uv":[2.5,1,3.5,2.2],"texture":"#3","rotation":270},"west":{"uv":[2.5,1,3.5,2.2],"texture":"#3","rotation":270},"east":{"uv":[2.5,1,3.5,2.2],"texture":"#3","rotation":270}}},{"__comment":"element","from":[7.9996,8.9675,4.6],"to":[8.399599,9.6675,17.1],"rotation":{"origin":[8.19963,9.46753,12.1],"axis":"z","angle":-45},"faces":{"down":{"uv":[2.5,1,3.5,2.2],"texture":"#3"},"up":{"uv":[2.5,1,3.5,2.2],"texture":"#3"},"north":{"uv":[2.5,1,3.5,2.2],"texture":"#3"},"south":{"uv":[2.5,1,3.5,2.2],"texture":"#3"},"west":{"uv":[2.5,1,3.5,2.2],"texture":"#3"},"east":{"uv":[2.5,1,3.5,2.2],"texture":"#3"}}},{"__comment":"element","from":[7.5996,8.9668,4.6],"to":[7.9996,9.6668,17.1],"rotation":{"origin":[7.79963,9.46679,12.1],"axis":"z","angle":45},"faces":{"down":{"uv":[2.5,1,3.5,2.2],"texture":"#3"},"up":{"uv":[2.5,1,3.5,2.2],"texture":"#3"},"north":{"uv":[2.5,1,3.5,2.2],"texture":"#3"},"south":{"uv":[2.5,1,3.5,2.2],"texture":"#3"},"west":{"uv":[2.5,1,3.5,2.2],"texture":"#3"},"east":{"uv":[2.5,1,3.5,2.2],"texture":"#3"}}},{"__comment":"element","from":[8.0823,8.012,16.4975],"to":[8.482301,9.012,18.1275],"rotation":{"origin":[8.28227,8.51201,17.34748],"axis":"x","angle":45},"faces":{"down":{"uv":[2.5,1,3.5,2.2],"texture":"#3","rotation":270},"up":{"uv":[2.5,1,3.5,2.2],"texture":"#3","rotation":270},"north":{"uv":[2.5,1,3.5,2.2],"texture":"#3","rotation":270},"south":{"uv":[2.5,1,3.5,2.2],"texture":"#3","rotation":270},"west":{"uv":[2.5,1,3.5,2.2],"texture":"#3","rotation":270},"east":{"uv":[2.5,1,3.5,2.2],"texture":"#3","rotation":270}}},{"__comment":"element","from":[7.5177,8.012,16.4975],"to":[7.917699,9.012,18.1275],"rotation":{"origin":[7.71773,8.51201,17.34748],"axis":"x","angle":45},"faces":{"down":{"uv":[2.5,1,3.5,2.2],"texture":"#3","rotation":90},"up":{"uv":[2.5,1,3.5,2.2],"texture":"#3","rotation":90},"north":{"uv":[2.5,1,3.5,2.2],"texture":"#3","rotation":90},"south":{"uv":[2.5,1,3.5,2.2],"texture":"#3","rotation":90},"west":{"uv":[2.5,1,3.5,2.2],"texture":"#3","rotation":90},"east":{"uv":[2.5,1,3.5,2.2],"texture":"#3","rotation":90}}},{"__comment":"element","from":[7.8,8.2972,16.4971],"to":[8.199999,9.2972,18.1271],"rotation":{"origin":[8,8.79715,17.34713],"axis":"x","angle":45},"faces":{"down":{"uv":[2.5,1,3.5,2.2],"texture":"#3","rotation":90},"up":{"uv":[2.5,1,3.5,2.2],"texture":"#3","rotation":90},"north":{"uv":[2.5,1,3.5,2.2],"texture":"#3","rotation":90},"south":{"uv":[2.5,1,3.5,2.2],"texture":"#3","rotation":90},"west":{"uv":[2.5,1,3.5,2.2],"texture":"#3","rotation":90},"east":{"uv":[2.5,1,3.5,2.2],"texture":"#3","rotation":90}}},{"__comment":"element","from":[7.8,8.75,4.6],"to":[8.199999,9.75,17.1],"faces":{"down":{"uv":[2.5,1,3.5,2.2],"texture":"#3"},"up":{"uv":[2.5,1,3.5,2.2],"texture":"#3"},"north":{"uv":[2.5,1,3.5,2.2],"texture":"#3"},"south":{"uv":[2.5,1,3.5,2.2],"texture":"#3"},"west":{"uv":[2.5,1,3.5,2.2],"texture":"#3"},"east":{"uv":[2.5,1,3.5,2.2],"texture":"#3"}}},{"__comment":"element","from":[7.4,8.599999,3.2],"to":[8.6,9.799999,4.599999],"faces":{"down":{"uv":[2.5,1,3.4,2.25],"texture":"#3"},"up":{"uv":[2.5,1,3.4,2.25],"texture":"#3"},"north":{"uv":[2.5,1,3.4,2.25],"texture":"#3"},"south":{"uv":[2.5,1,3.4,2.25],"texture":"#3"},"west":{"uv":[2.5,1,3.4,2.25],"texture":"#3"},"east":{"uv":[2.5,1,3.4,2.25],"texture":"#3"}}},{"__comment":"element","from":[7.85,8.5977,4.5022],"to":[9.15,9.0977,4.9022],"faces":{"down":{"uv":[0,0,0.8,0.5],"texture":"#4"},"up":{"uv":[0,0,0.8,0.5],"texture":"#4"},"north":{"uv":[0,0,0.8,0.5],"texture":"#4"},"south":{"uv":[0,0,0.8,0.5],"texture":"#4"},"west":{"uv":[0,0,0.8,0.5],"texture":"#4"},"east":{"uv":[0,0,0.8,0.5],"texture":"#4"}}},{"__comment":"element","from":[7.3523,8.5977,3.5022],"to":[8.6523,9.0977,4.4022],"faces":{"down":{"uv":[2.5,1,3.4,2.25],"texture":"#3"},"up":{"uv":[2.5,1,3.4,2.25],"texture":"#3"},"north":{"uv":[2.5,1,3.4,2.25],"texture":"#3"},"south":{"uv":[2.5,1,3.4,2.25],"texture":"#3"},"west":{"uv":[2.5,1,3.4,2.25],"texture":"#3"},"east":{"uv":[2.5,1,3.4,2.25],"texture":"#3"}}},{"__comment":"element","from":[7.35,8.75,-4.7],"to":[8.65,9.7,1.1],"faces":{"down":{"uv":[0,0,5.3,0.75],"texture":"#0"},"up":{"uv":[0,0,5.3,0.75],"texture":"#0"},"north":{"uv":[0,0,5.3,0.75],"texture":"#0"},"south":{"uv":[0,0,5.3,0.75],"texture":"#0"},"west":{"uv":[0,0,5.3,0.75],"texture":"#0"},"east":{"uv":[0,0,5.3,0.75],"texture":"#0","rotation":180}}},{"__comment":"element","from":[7.3,7.6,-5],"to":[8.699999,8.6,-4.7],"faces":{"down":{"uv":[3,1,3.5,1.5],"texture":"#3"},"up":{"uv":[3,1,3.5,1.5],"texture":"#3"},"north":{"uv":[3,1,3.5,1.5],"texture":"#3"},"south":{"uv":[3,1,3.5,1.5],"texture":"#3"},"west":{"uv":[3,1,3.5,1.5],"texture":"#3"},"east":{"uv":[3,1,3.5,1.5],"texture":"#3"}}},{"__comment":"element","from":[7.35,8.599999,-5],"to":[8.65,9.599999,-4.7],"faces":{"down":{"uv":[3,1,3.5,1.5],"texture":"#3"},"up":{"uv":[3,1,3.5,1.5],"texture":"#3"},"north":{"uv":[3,1,3.5,1.5],"texture":"#3"},"south":{"uv":[3,1,3.5,1.5],"texture":"#3"},"west":{"uv":[3,1,3.5,1.5],"texture":"#3"},"east":{"uv":[3,1,3.5,1.5],"texture":"#3"}}},{"__comment":"element","from":[7.8511,7.6395,-16],"to":[8.1511,7.839499,-5],"faces":{"down":{"uv":[0,0,0.9,0.6999998],"texture":"#4"},"up":{"uv":[0,0,0.9,0.6999998],"texture":"#4"},"north":{"uv":[0,0,0.9,0.6999998],"texture":"#4"},"south":{"uv":[0,0,0.9,0.6999998],"texture":"#4"},"west":{"uv":[0,0,0.9,0.6999998],"texture":"#4"},"east":{"uv":[0,0,0.9,0.6999998],"texture":"#4"}}},{"__comment":"element","from":[7.826,8.6166,-8.05],"to":[8.176,9.4666,-5],"rotation":{"origin":[8.00095,9.04156,-6.525],"axis":"z","angle":45},"faces":{"down":{"uv":[0,0,0.9,0.6999998],"texture":"#4","rotation":180},"up":{"uv":[0,0,0.9,0.6999998],"texture":"#4","rotation":180},"north":{"uv":[0,0,0.9,0.6999998],"texture":"#4","rotation":180},"south":{"uv":[0,0,0.9,0.6999998],"texture":"#4","rotation":180},"west":{"uv":[0,0,0.9,0.6999998],"texture":"#4","rotation":180},"east":{"uv":[0,0,0.9,0.6999998],"texture":"#4","rotation":180}}},{"__comment":"element","from":[7.826,8.6166,-8.05],"to":[8.176,9.4666,-5],"faces":{"down":{"uv":[0,0,0.9,0.6999998],"texture":"#4","rotation":180},"up":{"uv":[0,0,0.9,0.6999998],"texture":"#4","rotation":180},"north":{"uv":[0,0,0.9,0.6999998],"texture":"#4","rotation":180},"south":{"uv":[0,0,0.9,0.6999998],"texture":"#4","rotation":180},"west":{"uv":[0,0,0.9,0.6999998],"texture":"#4","rotation":180},"east":{"uv":[0,0,0.9,0.6999998],"texture":"#4","rotation":180}}},{"__comment":"element","from":[7.826,8.6166,-8.05],"to":[8.176,9.4666,-5],"rotation":{"origin":[8.00095,9.04156,-6.525],"axis":"z","angle":-45},"faces":{"down":{"uv":[0,0,0.9,0.6999998],"texture":"#4","rotation":180},"up":{"uv":[0,0,0.9,0.6999998],"texture":"#4","rotation":180},"north":{"uv":[0,0,0.9,0.6999998],"texture":"#4","rotation":180},"south":{"uv":[0,0,0.9,0.6999998],"texture":"#4","rotation":180},"west":{"uv":[0,0,0.9,0.6999998],"texture":"#4","rotation":180},"east":{"uv":[0,0,0.9,0.6999998],"texture":"#4","rotation":180}}},{"__comment":"element","from":[7.576,8.8666,-8.05],"to":[8.426,9.2166,-5],"faces":{"down":{"uv":[0,0,0.9,0.6999998],"texture":"#4","rotation":270},"up":{"uv":[0,0,0.9,0.6999998],"texture":"#4","rotation":270},"north":{"uv":[0,0,0.9,0.6999998],"texture":"#4","rotation":90},"south":{"uv":[0,0,0.9,0.6999998],"texture":"#4","rotation":270},"west":{"uv":[0,0,0.9,0.6999998],"texture":"#4","rotation":270},"east":{"uv":[0,0,0.9,0.6999998],"texture":"#4","rotation":270}}},{"__comment":"element","from":[7.8495,8.1615,-15.4],"to":[8.1495,8.3615,-5],"faces":{"down":{"uv":[0,0,0.9,0.6999998],"texture":"#4"},"up":{"uv":[0,0,0.9,0.6999998],"texture":"#4"},"north":{"uv":[0,0,0.9,0.6999998],"texture":"#4"},"south":{"uv":[0,0,0.9,0.6999998],"texture":"#4"},"west":{"uv":[0,0,0.9,0.6999998],"texture":"#4"},"east":{"uv":[0,0,0.9,0.6999998],"texture":"#4"}}},{"__comment":"element","from":[7.8162,8.3,-10.433],"to":[8.183701,8.615,-9.683],"rotation":{"origin":[8,8.4575,-9.803],"axis":"x","angle":-22.5},"faces":{"down":{"uv":[3,1,3.2,1.2],"texture":"#3"},"up":{"uv":[3,1,3.2,1.2],"texture":"#3"},"north":{"uv":[3,1,3.2,1.2],"texture":"#3"},"south":{"uv":[3,1,3.2,1.2],"texture":"#3"},"west":{"uv":[3,1,3.2,1.2],"texture":"#3"},"east":{"uv":[3,1,3.2,1.2],"texture":"#3"}}},{"__comment":"element","from":[7.8162,8.1277,-9.719399],"to":[8.183701,9.027699,-9.3194],"rotation":{"origin":[8,8.75765,-9.56191],"axis":"x","angle":45},"faces":{"down":{"uv":[3,1,3.2,1.2],"texture":"#3","rotation":270},"up":{"uv":[3,1,3.2,1.2],"texture":"#3","rotation":270},"north":{"uv":[3,1,3.2,1.2],"texture":"#3","rotation":270},"south":{"uv":[3,1,3.2,1.2],"texture":"#3","rotation":270},"west":{"uv":[3,1,3.2,1.2],"texture":"#3","rotation":270},"east":{"uv":[3,1,3.2,1.2],"texture":"#3","rotation":270}}},{"__comment":"element","from":[7.8162,8.6832,-9.367599],"to":[8.183701,9.4332,-9.0526],"rotation":{"origin":[8,9.31324,-9.21011],"axis":"x","angle":22.5},"faces":{"down":{"uv":[3,1,3.2,1.2],"texture":"#3","rotation":270},"up":{"uv":[3,1,3.2,1.2],"texture":"#3","rotation":270},"north":{"uv":[3,1,3.2,1.2],"texture":"#3","rotation":270},"south":{"uv":[3,1,3.2,1.2],"texture":"#3","rotation":270},"west":{"uv":[3,1,3.2,1.2],"texture":"#3","rotation":270},"east":{"uv":[3,1,3.2,1.2],"texture":"#3","rotation":270}}},{"__comment":"element","from":[7.8166,8.5983,-9.3101],"to":[8.1841,9.4883,-8.0501],"faces":{"down":{"uv":[3,1,3.2,1.2],"texture":"#3","rotation":180},"up":{"uv":[3,1,3.2,1.2],"texture":"#3","rotation":180},"north":{"uv":[3,1,3.2,1.2],"texture":"#3","rotation":180},"south":{"uv":[3,1,3.2,1.2],"texture":"#3","rotation":180},"west":{"uv":[3,1,3.2,1.2],"texture":"#3","rotation":180},"east":{"uv":[3,1,3.2,1.2],"texture":"#3","rotation":180}}},{"__comment":"element","from":[7.8166,8.5983,-9.3101],"to":[8.1841,9.4883,-8.0501],"rotation":{"origin":[8.00031,9.04333,-8.6801],"axis":"z","angle":45},"faces":{"down":{"uv":[3,1,3.2,1.2],"texture":"#3","rotation":180},"up":{"uv":[3,1,3.2,1.2],"texture":"#3","rotation":180},"north":{"uv":[3,1,3.2,1.2],"texture":"#3","rotation":180},"south":{"uv":[3,1,3.2,1.2],"texture":"#3","rotation":180},"west":{"uv":[3,1,3.2,1.2],"texture":"#3","rotation":180},"east":{"uv":[3,1,3.2,1.2],"texture":"#3","rotation":180}}},{"__comment":"element","from":[7.5553,8.8596,-9.3101],"to":[8.445299,9.2271,-8.0501],"faces":{"down":{"uv":[3,1,3.2,1.2],"texture":"#3","rotation":90},"up":{"uv":[3,1,3.2,1.2],"texture":"#3","rotation":90},"north":{"uv":[3,1,3.2,1.2],"texture":"#3","rotation":90},"south":{"uv":[3,1,3.2,1.2],"texture":"#3","rotation":90},"west":{"uv":[3,1,3.2,1.2],"texture":"#3","rotation":90},"east":{"uv":[3,1,3.2,1.2],"texture":"#3","rotation":90}}},{"__comment":"element","from":[7.5553,8.8596,-9.3101],"to":[8.445299,9.2271,-8.0501],"rotation":{"origin":[8.00031,9.04333,-8.6801],"axis":"z","angle":45},"faces":{"down":{"uv":[3,1,3.2,1.2],"texture":"#3","rotation":90},"up":{"uv":[3,1,3.2,1.2],"texture":"#3","rotation":90},"north":{"uv":[3,1,3.2,1.2],"texture":"#3","rotation":90},"south":{"uv":[3,1,3.2,1.2],"texture":"#3","rotation":90},"west":{"uv":[3,1,3.2,1.2],"texture":"#3","rotation":90},"east":{"uv":[3,1,3.2,1.2],"texture":"#3","rotation":90}}},{"__comment":"element","from":[7.96,7.2705,-14.6],"to":[8.039999,7.3505,-4.899999],"faces":{"down":{"uv":[3,1,3.2,1.2],"texture":"#3"},"up":{"uv":[3,1,3.2,1.2],"texture":"#3"},"north":{"uv":[3,1,3.2,1.2],"texture":"#3"},"south":{"uv":[3,1,3.2,1.2],"texture":"#3"},"west":{"uv":[3,1,3.2,1.2],"texture":"#3"},"east":{"uv":[3,1,3.2,1.2],"texture":"#3"}}},{"__comment":"element","from":[7.82,7.2205,-10.3],"to":[8.18,7.5605,-10],"faces":{"down":{"uv":[2.5,1,2.7,1.2],"texture":"#3"},"up":{"uv":[2.5,1,2.7,1.2],"texture":"#3"},"north":{"uv":[2.5,1,2.7,1.2],"texture":"#3"},"south":{"uv":[2.5,1,2.7,1.2],"texture":"#3"},"west":{"uv":[2.5,1,2.7,1.2],"texture":"#3"},"east":{"uv":[2.5,1,2.7,1.2],"texture":"#3"}}},{"__comment":"element","from":[7.8216,7.5626,-10.5],"to":[8.181601,8.427599,-9.3],"rotation":{"origin":[8.00155,7.9951,-9.9],"axis":"z","angle":-45},"faces":{"down":{"uv":[3,1,3.2,1.2],"texture":"#3"},"up":{"uv":[3,1,3.2,1.2],"texture":"#3"},"north":{"uv":[3,1,3.2,1.2],"texture":"#3"},"south":{"uv":[3,1,3.2,1.2],"texture":"#3"},"west":{"uv":[3,1,3.2,1.2],"texture":"#3"},"east":{"uv":[3,1,3.2,1.2],"texture":"#3"}}},{"__comment":"element","from":[7.8216,7.5626,-10.5],"to":[8.181601,8.427599,-9.3],"faces":{"down":{"uv":[3,1,3.2,1.2],"texture":"#3"},"up":{"uv":[3,1,3.2,1.2],"texture":"#3"},"north":{"uv":[3,1,3.2,1.2],"texture":"#3"},"south":{"uv":[3,1,3.2,1.2],"texture":"#3"},"west":{"uv":[3,1,3.2,1.2],"texture":"#3"},"east":{"uv":[3,1,3.2,1.2],"texture":"#3"}}},{"__comment":"element","from":[7.8216,7.5626,-10.5],"to":[8.181601,8.427599,-9.3],"rotation":{"origin":[8.00155,7.9951,-9.9],"axis":"z","angle":45},"faces":{"down":{"uv":[3,1,3.2,1.2],"texture":"#3"},"up":{"uv":[3,1,3.2,1.2],"texture":"#3"},"north":{"uv":[3,1,3.2,1.2],"texture":"#3"},"south":{"uv":[3,1,3.2,1.2],"texture":"#3"},"west":{"uv":[3,1,3.2,1.2],"texture":"#3"},"east":{"uv":[3,1,3.2,1.2],"texture":"#3"}}},{"__comment":"element","from":[7.569,7.8151,-10.5],"to":[8.434,8.1751,-9.3],"faces":{"down":{"uv":[3,1,3.2,1.2],"texture":"#3","rotation":270},"up":{"uv":[3,1,3.2,1.2],"texture":"#3","rotation":270},"north":{"uv":[3,1,3.2,1.2],"texture":"#3","rotation":270},"south":{"uv":[3,1,3.2,1.2],"texture":"#3","rotation":270},"west":{"uv":[3,1,3.2,1.2],"texture":"#3","rotation":270},"east":{"uv":[3,1,3.2,1.2],"texture":"#3","rotation":270}}},{"__comment":"element","from":[7.82,8.538199,-14.27],"to":[8.18,10.6382,-14.07],"rotation":{"origin":[8,8.65825,-13.76998],"axis":"x","angle":-22.5},"faces":{"down":{"uv":[3,1,3.2,1.2],"texture":"#3"},"up":{"uv":[3,1,3.2,1.2],"texture":"#3"},"north":{"uv":[3,1,3.2,1.2],"texture":"#3"},"south":{"uv":[3,1,3.2,1.2],"texture":"#3"},"west":{"uv":[3,1,3.2,1.2],"texture":"#3"},"east":{"uv":[3,1,3.2,1.2],"texture":"#3"}}},{"__comment":"element","from":[7.7207,10.5999,-15],"to":[7.8207,10.7999,-14.8],"rotation":{"origin":[7.82071,10.69988,-14.82],"axis":"z","angle":-45},"faces":{"down":{"uv":[3,1,3.2,1.2],"texture":"#3"},"up":{"uv":[3,1,3.2,1.2],"texture":"#3"},"north":{"uv":[3,1,3.2,1.2],"texture":"#3"},"south":{"uv":[3,1,3.2,1.2],"texture":"#3"},"west":{"uv":[3,1,3.2,1.2],"texture":"#3"},"east":{"uv":[3,1,3.2,1.2],"texture":"#3"}}},{"__comment":"element","from":[7.82,8.4352,-15],"to":[8.18,10.4352,-14.8],"faces":{"down":{"uv":[3,1,3.2,1.2],"texture":"#3"},"up":{"uv":[3,1,3.2,1.2],"texture":"#3"},"north":{"uv":[3,1,3.2,1.2],"texture":"#3"},"south":{"uv":[3,1,3.2,1.2],"texture":"#3"},"west":{"uv":[3,1,3.2,1.2],"texture":"#3"},"east":{"uv":[3,1,3.2,1.2],"texture":"#3"}}},{"__comment":"element","from":[7.825,9.349999,-14.8009],"to":[8.175,9.849999,-14.6009],"faces":{"down":{"uv":[3,1,3.2,1.2],"texture":"#3"},"up":{"uv":[3,1,3.2,1.2],"texture":"#3"},"north":{"uv":[3,1,3.2,1.2],"texture":"#3"},"south":{"uv":[3,1,3.2,1.2],"texture":"#3"},"west":{"uv":[3,1,3.2,1.2],"texture":"#3"},"east":{"uv":[3,1,3.2,1.2],"texture":"#3"}}},{"__comment":"element","from":[7.825,8.95,-14.8],"to":[8.175,9.35,-14.39],"faces":{"down":{"uv":[3,1,3.2,1.2],"texture":"#3"},"up":{"uv":[3,1,3.2,1.2],"texture":"#3"},"north":{"uv":[3,1,3.2,1.2],"texture":"#3"},"south":{"uv":[3,1,3.2,1.2],"texture":"#3"},"west":{"uv":[3,1,3.2,1.2],"texture":"#3"},"east":{"uv":[3,1,3.2,1.2],"texture":"#3"}}},{"__comment":"element","from":[7.82,7.2652,-14.9],"to":[8.18,7.565199,-14.3],"faces":{"down":{"uv":[2.5,1,2.7,1.2],"texture":"#3"},"up":{"uv":[2.5,1,2.7,1.2],"texture":"#3"},"north":{"uv":[2.5,1,2.7,1.2],"texture":"#3"},"south":{"uv":[2.5,1,2.7,1.2],"texture":"#3"},"west":{"uv":[2.5,1,2.7,1.2],"texture":"#3"},"east":{"uv":[2.5,1,2.7,1.2],"texture":"#3"}}},{"__comment":"element","from":[7.82,7.584,-14.5282],"to":[8.18,7.823999,-14.1082],"rotation":{"origin":[8,7.70399,-14.02825],"axis":"x","angle":-45},"faces":{"down":{"uv":[2.5,1,2.7,1.2],"texture":"#3"},"up":{"uv":[2.5,1,2.7,1.2],"texture":"#3"},"north":{"uv":[2.5,1,2.7,1.2],"texture":"#3"},"south":{"uv":[2.5,1,2.7,1.2],"texture":"#3"},"west":{"uv":[2.5,1,2.7,1.2],"texture":"#3"},"east":{"uv":[2.5,1,2.7,1.2],"texture":"#3"}}},{"__comment":"element","from":[7.8216,7.5626,-15],"to":[8.181601,8.427599,-14],"rotation":{"origin":[8.00155,7.9951,-14.5],"axis":"z","angle":-45},"faces":{"down":{"uv":[2.5,1,2.7,1.2],"texture":"#3"},"up":{"uv":[2.5,1,2.7,1.2],"texture":"#3"},"north":{"uv":[2.5,1,2.7,1.2],"texture":"#3"},"south":{"uv":[2.5,1,2.7,1.2],"texture":"#3"},"west":{"uv":[2.5,1,2.7,1.2],"texture":"#3"},"east":{"uv":[2.5,1,2.7,1.2],"texture":"#3"}}},{"__comment":"element","from":[7.8216,7.5626,-15],"to":[8.181601,8.427599,-14],"faces":{"down":{"uv":[2.5,1,2.7,1.2],"texture":"#3"},"up":{"uv":[2.5,1,2.7,1.2],"texture":"#3"},"north":{"uv":[2.5,1,2.7,1.2],"texture":"#3"},"south":{"uv":[2.5,1,2.7,1.2],"texture":"#3"},"west":{"uv":[2.5,1,2.7,1.2],"texture":"#3"},"east":{"uv":[2.5,1,2.7,1.2],"texture":"#3"}}},{"__comment":"element","from":[7.8216,7.5626,-15],"to":[8.181601,8.427599,-14],"rotation":{"origin":[8.00155,7.9951,-14.5],"axis":"z","angle":45},"faces":{"down":{"uv":[2.5,1,2.7,1.2],"texture":"#3"},"up":{"uv":[2.5,1,2.7,1.2],"texture":"#3"},"north":{"uv":[2.5,1,2.7,1.2],"texture":"#3"},"south":{"uv":[2.5,1,2.7,1.2],"texture":"#3"},"west":{"uv":[2.5,1,2.7,1.2],"texture":"#3"},"east":{"uv":[2.5,1,2.7,1.2],"texture":"#3"}}},{"__comment":"element","from":[7.569,7.8151,-15],"to":[8.434,8.1751,-14],"faces":{"down":{"uv":[2.5,1,2.7,1.2],"texture":"#3","rotation":270},"up":{"uv":[2.5,1,2.7,1.2],"texture":"#3","rotation":270},"north":{"uv":[2.5,1,2.7,1.2],"texture":"#3","rotation":270},"south":{"uv":[2.5,1,2.7,1.2],"texture":"#3","rotation":270},"west":{"uv":[2.5,1,2.7,1.2],"texture":"#3","rotation":270},"east":{"uv":[2.5,1,2.7,1.2],"texture":"#3","rotation":270}}},{"__comment":"element","from":[7.6787,10.4999,-15],"to":[7.7787,10.6999,-14.8],"faces":{"down":{"uv":[3,1,3.2,1.2],"texture":"#3"},"up":{"uv":[3,1,3.2,1.2],"texture":"#3"},"north":{"uv":[3,1,3.2,1.2],"texture":"#3"},"south":{"uv":[3,1,3.2,1.2],"texture":"#3"},"west":{"uv":[3,1,3.2,1.2],"texture":"#3"},"east":{"uv":[3,1,3.2,1.2],"texture":"#3"}}},{"__comment":"element","from":[7.72,10.4,-15],"to":[7.82,10.6,-14.8],"rotation":{"origin":[7.82,10.5,-14.82],"axis":"z","angle":45},"faces":{"down":{"uv":[3,1,3.2,1.2],"texture":"#3"},"up":{"uv":[3,1,3.2,1.2],"texture":"#3"},"north":{"uv":[3,1,3.2,1.2],"texture":"#3"},"south":{"uv":[3,1,3.2,1.2],"texture":"#3"},"west":{"uv":[3,1,3.2,1.2],"texture":"#3"},"east":{"uv":[3,1,3.2,1.2],"texture":"#3"}}},{"__comment":"element","from":[7.569,7.8151,-5.4],"to":[8.434,8.1751,-5],"faces":{"down":{"uv":[3,1,3.2,1.2],"texture":"#3","rotation":90},"up":{"uv":[3,1,3.2,1.2],"texture":"#3","rotation":90},"north":{"uv":[3,1,3.2,1.2],"texture":"#3","rotation":90},"south":{"uv":[3,1,3.2,1.2],"texture":"#3","rotation":90},"west":{"uv":[3,1,3.2,1.2],"texture":"#3","rotation":90},"east":{"uv":[3,1,3.2,1.2],"texture":"#3","rotation":90}}},{"__comment":"element","from":[7.569,7.8151,-5.4],"to":[8.434,8.1751,-5],"rotation":{"origin":[8.00155,7.9951,-5.2],"axis":"z","angle":45},"faces":{"down":{"uv":[3,1,3.2,1.2],"texture":"#3","rotation":90},"up":{"uv":[3,1,3.2,1.2],"texture":"#3","rotation":90},"north":{"uv":[3,1,3.2,1.2],"texture":"#3","rotation":90},"south":{"uv":[3,1,3.2,1.2],"texture":"#3","rotation":90},"west":{"uv":[3,1,3.2,1.2],"texture":"#3","rotation":90},"east":{"uv":[3,1,3.2,1.2],"texture":"#3","rotation":90}}},{"__comment":"element","from":[7.569,7.8151,-5.4],"to":[8.434,8.1751,-5],"rotation":{"origin":[8.00155,7.9951,-5.2],"axis":"z","angle":-45},"faces":{"down":{"uv":[3,1,3.2,1.2],"texture":"#3","rotation":90},"up":{"uv":[3,1,3.2,1.2],"texture":"#3","rotation":90},"north":{"uv":[3,1,3.2,1.2],"texture":"#3","rotation":90},"south":{"uv":[3,1,3.2,1.2],"texture":"#3","rotation":90},"west":{"uv":[3,1,3.2,1.2],"texture":"#3","rotation":90},"east":{"uv":[3,1,3.2,1.2],"texture":"#3","rotation":90}}},{"__comment":"element","from":[7.8216,7.5626,-5.4],"to":[8.181601,8.427599,-5],"faces":{"down":{"uv":[3,1,3.2,1.2],"texture":"#3"},"up":{"uv":[3,1,3.2,1.2],"texture":"#3"},"north":{"uv":[3,1,3.2,1.2],"texture":"#3"},"south":{"uv":[3,1,3.2,1.2],"texture":"#3"},"west":{"uv":[3,1,3.2,1.2],"texture":"#3"},"east":{"uv":[3,1,3.2,1.2],"texture":"#3"}}},{"__comment":"element","from":[8.2189,9.465199,-5],"to":[8.4689,10.0652,-4.7],"rotation":{"origin":[8.28066,10.25763,-4.5],"axis":"z","angle":-22.5},"faces":{"down":{"uv":[3,1,3.5,1.5],"texture":"#3","rotation":90},"up":{"uv":[3,1,3.5,1.5],"texture":"#3","rotation":90},"north":{"uv":[3,1,3.5,1.5],"texture":"#3","rotation":90},"south":{"uv":[3,1,3.5,1.5],"texture":"#3","rotation":90},"west":{"uv":[3,1,3.5,1.5],"texture":"#3","rotation":90},"east":{"uv":[3,1,3.5,1.5],"texture":"#3","rotation":90}}},{"__comment":"element","from":[8.4931,9.3371,-5],"to":[8.7431,9.9371,-4.7],"rotation":{"origin":[8.5224,10.10784,-4.5],"axis":"z","angle":-45},"faces":{"down":{"uv":[3,1,3.5,1.5],"texture":"#3","rotation":90},"up":{"uv":[3,1,3.5,1.5],"texture":"#3","rotation":90},"north":{"uv":[3,1,3.5,1.5],"texture":"#3","rotation":90},"south":{"uv":[3,1,3.5,1.5],"texture":"#3","rotation":90},"west":{"uv":[3,1,3.5,1.5],"texture":"#3","rotation":90},"east":{"uv":[3,1,3.5,1.5],"texture":"#3","rotation":90}}},{"__comment":"element","from":[7.9501,9.6346,-5],"to":[8.5501,9.8846,-4.7],"rotation":{"origin":[8.68841,9.87694,-4.5],"axis":"z","angle":22.5},"faces":{"down":{"uv":[3,1,3.5,1.5],"texture":"#3"},"up":{"uv":[3,1,3.5,1.5],"texture":"#3"},"north":{"uv":[3,1,3.5,1.5],"texture":"#3"},"south":{"uv":[3,1,3.5,1.5],"texture":"#3"},"west":{"uv":[3,1,3.5,1.5],"texture":"#3"},"east":{"uv":[3,1,3.5,1.5],"texture":"#3"}}},{"__comment":"element","from":[7.3999,7.3155,-5],"to":[7.9999,7.5655,-4.7],"rotation":{"origin":[7.26159,7.32315,-4.5],"axis":"z","angle":22.5},"faces":{"down":{"uv":[3,1,3.5,1.5],"texture":"#3"},"up":{"uv":[3,1,3.5,1.5],"texture":"#3"},"north":{"uv":[3,1,3.5,1.5],"texture":"#3"},"south":{"uv":[3,1,3.5,1.5],"texture":"#3"},"west":{"uv":[3,1,3.5,1.5],"texture":"#3"},"east":{"uv":[3,1,3.5,1.5],"texture":"#3"}}},{"__comment":"element","from":[7.2069,7.263,-5],"to":[7.4569,7.863,-4.7],"rotation":{"origin":[7.4276,7.09226,-4.5],"axis":"z","angle":-45},"faces":{"down":{"uv":[3,1,3.5,1.5],"texture":"#3","rotation":90},"up":{"uv":[3,1,3.5,1.5],"texture":"#3","rotation":90},"north":{"uv":[3,1,3.5,1.5],"texture":"#3","rotation":90},"south":{"uv":[3,1,3.5,1.5],"texture":"#3","rotation":90},"west":{"uv":[3,1,3.5,1.5],"texture":"#3","rotation":90},"east":{"uv":[3,1,3.5,1.5],"texture":"#3","rotation":90}}},{"__comment":"element","from":[7.4811,7.1349,-5],"to":[7.7311,7.7349,-4.7],"rotation":{"origin":[7.66934,6.94247,-4.5],"axis":"z","angle":-22.5},"faces":{"down":{"uv":[3,1,3.5,1.5],"texture":"#3","rotation":90},"up":{"uv":[3,1,3.5,1.5],"texture":"#3","rotation":90},"north":{"uv":[3,1,3.5,1.5],"texture":"#3","rotation":90},"south":{"uv":[3,1,3.5,1.5],"texture":"#3","rotation":90},"west":{"uv":[3,1,3.5,1.5],"texture":"#3","rotation":90},"east":{"uv":[3,1,3.5,1.5],"texture":"#3","rotation":90}}},{"__comment":"element","from":[7.8,7.0966,-5],"to":[8.199999,7.6966,-4.7],"faces":{"down":{"uv":[3,1,3.5,1.5],"texture":"#3","rotation":90},"up":{"uv":[3,1,3.5,1.5],"texture":"#3","rotation":90},"north":{"uv":[3,1,3.5,1.5],"texture":"#3","rotation":90},"south":{"uv":[3,1,3.5,1.5],"texture":"#3","rotation":90},"west":{"uv":[3,1,3.5,1.5],"texture":"#3","rotation":90},"east":{"uv":[3,1,3.5,1.5],"texture":"#3","rotation":90}}},{"__comment":"element","from":[8.2689,7.1349,-5],"to":[8.5189,7.7349,-4.7],"rotation":{"origin":[8.33066,6.94248,-4.5],"axis":"z","angle":22.5},"faces":{"down":{"uv":[3,1,3.5,1.5],"texture":"#3","rotation":90},"up":{"uv":[3,1,3.5,1.5],"texture":"#3","rotation":90},"north":{"uv":[3,1,3.5,1.5],"texture":"#3","rotation":90},"south":{"uv":[3,1,3.5,1.5],"texture":"#3","rotation":90},"west":{"uv":[3,1,3.5,1.5],"texture":"#3","rotation":90},"east":{"uv":[3,1,3.5,1.5],"texture":"#3","rotation":90}}},{"__comment":"element","from":[8.543099,7.263,-5],"to":[8.793099,7.863,-4.7],"rotation":{"origin":[8.5724,7.09227,-4.5],"axis":"z","angle":45},"faces":{"down":{"uv":[3,1,3.5,1.5],"texture":"#3","rotation":90},"up":{"uv":[3,1,3.5,1.5],"texture":"#3","rotation":90},"north":{"uv":[3,1,3.5,1.5],"texture":"#3","rotation":90},"south":{"uv":[3,1,3.5,1.5],"texture":"#3","rotation":90},"west":{"uv":[3,1,3.5,1.5],"texture":"#3","rotation":90},"east":{"uv":[3,1,3.5,1.5],"texture":"#3","rotation":90}}},{"__comment":"element","from":[8.0002,7.3156,-5],"to":[8.600201,7.5656,-4.7],"rotation":{"origin":[8.73842,7.32317,-4.5],"axis":"z","angle":-22.5},"faces":{"down":{"uv":[3,1,3.5,1.5],"texture":"#3"},"up":{"uv":[3,1,3.5,1.5],"texture":"#3"},"north":{"uv":[3,1,3.5,1.5],"texture":"#3"},"south":{"uv":[3,1,3.5,1.5],"texture":"#3"},"west":{"uv":[3,1,3.5,1.5],"texture":"#3"},"east":{"uv":[3,1,3.5,1.5],"texture":"#3"}}},{"__comment":"element","from":[7.4116,9.726999,-4.7001],"to":[8.0116,9.976999,1.0999],"rotation":{"origin":[7.31159,9.87703,-4.20009],"axis":"z","angle":-22.5},"faces":{"down":{"uv":[0,0,5.3,0.3000002],"texture":"#0"},"up":{"uv":[0,0,5.3,0.3000002],"texture":"#0"},"north":{"uv":[0,0,5.3,0.3000002],"texture":"#0"},"south":{"uv":[0,0,5.3,0.3000002],"texture":"#0"},"west":{"uv":[0,0,5.3,0.3000002],"texture":"#0"},"east":{"uv":[0,0,5.3,0.3000002],"texture":"#0"}}},{"__comment":"element","from":[7.3276,9.4079,-4.7001],"to":[7.5776,10.0079,1.0999],"rotation":{"origin":[7.4776,10.10792,-4.20009],"axis":"z","angle":45},"faces":{"down":{"uv":[0,0,5.3,0.3000002],"texture":"#0","rotation":90},"up":{"uv":[0,0,5.3,0.3000002],"texture":"#0","rotation":90},"north":{"uv":[0,0,5.3,0.3000002],"texture":"#0","rotation":90},"south":{"uv":[0,0,5.3,0.3000002],"texture":"#0","rotation":90},"west":{"uv":[0,0,5.3,0.3000002],"texture":"#0","rotation":90},"east":{"uv":[0,0,5.3,0.3000002],"texture":"#0","rotation":90}}},{"__comment":"element","from":[7.5693,9.5577,-4.7001],"to":[7.8193,10.1577,1.0999],"rotation":{"origin":[7.71934,10.25771,-4.20009],"axis":"z","angle":22.5},"faces":{"down":{"uv":[0,0,5.3,0.3000002],"texture":"#0","rotation":90},"up":{"uv":[0,0,5.3,0.3000002],"texture":"#0","rotation":90},"north":{"uv":[0,0,5.3,0.3000002],"texture":"#0","rotation":90},"south":{"uv":[0,0,5.3,0.3000002],"texture":"#0","rotation":90},"west":{"uv":[0,0,5.3,0.3000002],"texture":"#0","rotation":90},"east":{"uv":[0,0,5.3,0.3000002],"texture":"#0","rotation":90}}},{"__comment":"element","from":[7.85,9.6036,-4.7001],"to":[8.15,10.2036,1.0999],"faces":{"down":{"uv":[0,0,5.3,0.3000002],"texture":"#0","rotation":90},"up":{"uv":[0,0,5.3,0.3000002],"texture":"#0","rotation":90},"north":{"uv":[0,0,5.3,0.3000002],"texture":"#0","rotation":90},"south":{"uv":[0,0,5.3,0.3000002],"texture":"#0","rotation":90},"west":{"uv":[0,0,5.3,0.3000002],"texture":"#0","rotation":90},"east":{"uv":[0,0,5.3,0.3000002],"texture":"#0","rotation":90}}},{"__comment":"element","from":[8.180699,9.5575,-4.6999],"to":[8.430699,10.1575,1.100101],"rotation":{"origin":[8.28066,10.25754,-4.19991],"axis":"z","angle":-22.5},"faces":{"down":{"uv":[0,0,5.3,0.3000002],"texture":"#0","rotation":90},"up":{"uv":[0,0,5.3,0.3000002],"texture":"#0","rotation":90},"north":{"uv":[0,0,5.3,0.3000002],"texture":"#0","rotation":90},"south":{"uv":[0,0,5.3,0.3000002],"texture":"#0","rotation":90},"west":{"uv":[0,0,5.3,0.3000002],"texture":"#0","rotation":90},"east":{"uv":[0,0,5.3,0.3000002],"texture":"#0","rotation":90}}},{"__comment":"element","from":[8.4224,9.4078,-4.6999],"to":[8.6724,10.0078,1.100101],"rotation":{"origin":[8.5224,10.10775,-4.19991],"axis":"z","angle":-45},"faces":{"down":{"uv":[0,0,5.3,0.3000002],"texture":"#0","rotation":90},"up":{"uv":[0,0,5.3,0.3000002],"texture":"#0","rotation":90},"north":{"uv":[0,0,5.3,0.3000002],"texture":"#0","rotation":90},"south":{"uv":[0,0,5.3,0.3000002],"texture":"#0","rotation":90},"west":{"uv":[0,0,5.3,0.3000002],"texture":"#0","rotation":90},"east":{"uv":[0,0,5.3,0.3000002],"texture":"#0","rotation":90}}},{"__comment":"element","from":[7.9884,9.7268,-4.6999],"to":[8.5884,9.9768,1.100101],"rotation":{"origin":[8.68841,9.87685,-4.19991],"axis":"z","angle":22.5},"faces":{"down":{"uv":[0,0,5.3,0.3000002],"texture":"#0","rotation":180},"up":{"uv":[0,0,5.3,0.3000002],"texture":"#0","rotation":180},"north":{"uv":[0,0,5.3,0.3000002],"texture":"#0","rotation":180},"south":{"uv":[0,0,5.3,0.3000002],"texture":"#0","rotation":180},"west":{"uv":[0,0,5.3,0.3000002],"texture":"#0","rotation":180},"east":{"uv":[0,0,5.3,0.3000002],"texture":"#0","rotation":180}}},{"__comment":"element","from":[7.35,8.6004,1.1],"to":[8.65,9.700399,1.4],"faces":{"down":{"uv":[3,1,3.8,2.25],"texture":"#3"},"up":{"uv":[3,1,3.8,2.25],"texture":"#3"},"north":{"uv":[3,1,3.8,2.25],"texture":"#3"},"south":{"uv":[3,1,3.8,2.25],"texture":"#3"},"west":{"uv":[3,1,3.8,2.25],"texture":"#3"},"east":{"uv":[3,1,3.8,2.25],"texture":"#3"}}},{"__comment":"element","from":[7.4116,9.727099,1.0998],"to":[8.0116,9.977099,1.3998],"rotation":{"origin":[7.31159,9.87712,1.59983],"axis":"z","angle":-22.5},"faces":{"down":{"uv":[3,1,3.2,1.2],"texture":"#3"},"up":{"uv":[3,1,3.2,1.2],"texture":"#3"},"north":{"uv":[3,1,3.2,1.2],"texture":"#3"},"south":{"uv":[3,1,3.2,1.2],"texture":"#3"},"west":{"uv":[3,1,3.2,1.2],"texture":"#3"},"east":{"uv":[3,1,3.2,1.2],"texture":"#3"}}},{"__comment":"element","from":[7.3276,9.408,1.0998],"to":[7.5776,10.008,1.3998],"rotation":{"origin":[7.4776,10.10801,1.59983],"axis":"z","angle":45},"faces":{"down":{"uv":[3,1,3.2,1.2],"texture":"#3","rotation":90},"up":{"uv":[3,1,3.2,1.2],"texture":"#3","rotation":90},"north":{"uv":[3,1,3.2,1.2],"texture":"#3","rotation":90},"south":{"uv":[3,1,3.2,1.2],"texture":"#3","rotation":90},"west":{"uv":[3,1,3.2,1.2],"texture":"#3","rotation":90},"east":{"uv":[3,1,3.2,1.2],"texture":"#3","rotation":90}}},{"__comment":"element","from":[7.5693,9.557799,1.0998],"to":[7.8193,10.1578,1.3998],"rotation":{"origin":[7.71934,10.2578,1.59983],"axis":"z","angle":22.5},"faces":{"down":{"uv":[3,1,3.2,1.2],"texture":"#3","rotation":90},"up":{"uv":[3,1,3.2,1.2],"texture":"#3","rotation":90},"north":{"uv":[3,1,3.2,1.2],"texture":"#3","rotation":90},"south":{"uv":[3,1,3.2,1.2],"texture":"#3","rotation":90},"west":{"uv":[3,1,3.2,1.2],"texture":"#3","rotation":90},"east":{"uv":[3,1,3.2,1.2],"texture":"#3","rotation":90}}},{"__comment":"element","from":[7.85,9.6037,1.0998],"to":[8.15,10.2037,1.3998],"faces":{"down":{"uv":[3,1,3.2,1.2],"texture":"#3","rotation":90},"up":{"uv":[3,1,3.2,1.2],"texture":"#3","rotation":90},"north":{"uv":[3,1,3.2,1.2],"texture":"#3","rotation":90},"south":{"uv":[3,1,3.2,1.2],"texture":"#3","rotation":90},"west":{"uv":[3,1,3.2,1.2],"texture":"#3","rotation":90},"east":{"uv":[3,1,3.2,1.2],"texture":"#3","rotation":90}}},{"__comment":"element","from":[8.180699,9.5575,1.1002],"to":[8.430699,10.1575,1.4002],"rotation":{"origin":[8.28066,10.25746,1.60017],"axis":"z","angle":-22.5},"faces":{"down":{"uv":[3,1,3.2,1.2],"texture":"#3","rotation":90},"up":{"uv":[3,1,3.2,1.2],"texture":"#3","rotation":90},"north":{"uv":[3,1,3.2,1.2],"texture":"#3","rotation":90},"south":{"uv":[3,1,3.2,1.2],"texture":"#3","rotation":90},"west":{"uv":[3,1,3.2,1.2],"texture":"#3","rotation":90},"east":{"uv":[3,1,3.2,1.2],"texture":"#3","rotation":90}}},{"__comment":"element","from":[8.4224,9.4077,1.1002],"to":[8.6724,10.0077,1.4002],"rotation":{"origin":[8.5224,10.10766,1.60017],"axis":"z","angle":-45},"faces":{"down":{"uv":[3,1,3.2,1.2],"texture":"#3","rotation":90},"up":{"uv":[3,1,3.2,1.2],"texture":"#3","rotation":90},"north":{"uv":[3,1,3.2,1.2],"texture":"#3","rotation":90},"south":{"uv":[3,1,3.2,1.2],"texture":"#3","rotation":90},"west":{"uv":[3,1,3.2,1.2],"texture":"#3","rotation":90},"east":{"uv":[3,1,3.2,1.2],"texture":"#3","rotation":90}}},{"__comment":"element","from":[7.9884,9.7268,1.1002],"to":[8.5884,9.9768,1.4002],"rotation":{"origin":[8.68841,9.87676,1.60017],"axis":"z","angle":22.5},"faces":{"down":{"uv":[3,1,3.2,1.2],"texture":"#3"},"up":{"uv":[3,1,3.2,1.2],"texture":"#3"},"north":{"uv":[3,1,3.2,1.2],"texture":"#3"},"south":{"uv":[3,1,3.2,1.2],"texture":"#3"},"west":{"uv":[3,1,3.2,1.2],"texture":"#3"},"east":{"uv":[3,1,3.2,1.2],"texture":"#3"}}},{"__comment":"element","from":[7.3616,7.2232,-4.7],"to":[7.9616,7.4732,3.5],"rotation":{"origin":[7.26159,7.32315,-4.2],"axis":"z","angle":22.5},"faces":{"down":{"uv":[0,0,5.3,0.3000002],"texture":"#0"},"up":{"uv":[0,0,5.3,0.3000002],"texture":"#0"},"north":{"uv":[0,0,5.3,0.3000002],"texture":"#0"},"south":{"uv":[0,0,5.3,0.3000002],"texture":"#0"},"west":{"uv":[0,0,5.3,0.3000002],"texture":"#0"},"east":{"uv":[0,0,5.3,0.3000002],"texture":"#0"}}},{"__comment":"element","from":[7.2776,7.1923,-4.7],"to":[7.5276,7.7923,3.5],"rotation":{"origin":[7.4276,7.09226,-4.2],"axis":"z","angle":-45},"faces":{"down":{"uv":[0,0,5.3,0.3000002],"texture":"#0","rotation":270},"up":{"uv":[0,0,5.3,0.3000002],"texture":"#0","rotation":90},"north":{"uv":[0,0,5.3,0.3000002],"texture":"#0","rotation":90},"south":{"uv":[0,0,5.3,0.3000002],"texture":"#0","rotation":90},"west":{"uv":[0,0,5.3,0.3000002],"texture":"#0","rotation":90},"east":{"uv":[0,0,5.3,0.3000002],"texture":"#0","rotation":180}}},{"__comment":"element","from":[7.5193,7.0425,-4.7],"to":[7.7693,7.6425,3.5],"rotation":{"origin":[7.66934,6.94247,-4.2],"axis":"z","angle":-22.5},"faces":{"down":{"uv":[0,0,5.3,0.3000002],"texture":"#0","rotation":270},"up":{"uv":[0,0,5.3,0.3000002],"texture":"#0","rotation":90},"north":{"uv":[0,0,5.3,0.3000002],"texture":"#0","rotation":90},"south":{"uv":[0,0,5.3,0.3000002],"texture":"#0","rotation":90},"west":{"uv":[0,0,5.3,0.3000002],"texture":"#0","rotation":90},"east":{"uv":[0,0,5.3,0.3000002],"texture":"#0","rotation":180}}},{"__comment":"element","from":[7.8,6.9966,-4.7],"to":[8.199999,7.5966,3.5],"faces":{"down":{"uv":[0,0,5.3,0.3000002],"texture":"#0","rotation":270},"up":{"uv":[0,0,5.3,0.3000002],"texture":"#0","rotation":90},"north":{"uv":[0,0,5.3,0.3000002],"texture":"#0","rotation":90},"south":{"uv":[0,0,5.3,0.3000002],"texture":"#0","rotation":90},"west":{"uv":[0,0,5.3,0.3000002],"texture":"#0","rotation":90},"east":{"uv":[0,0,5.3,0.3000002],"texture":"#0","rotation":180}}},{"__comment":"element","from":[8.2307,7.0425,-4.7],"to":[8.4807,7.6425,3.5],"rotation":{"origin":[8.33066,6.94248,-4.2],"axis":"z","angle":22.5},"faces":{"down":{"uv":[0,0,5.3,0.3000002],"texture":"#0","rotation":270},"up":{"uv":[0,0,5.3,0.3000002],"texture":"#0","rotation":90},"north":{"uv":[0,0,5.3,0.3000002],"texture":"#0","rotation":90},"south":{"uv":[0,0,5.3,0.3000002],"texture":"#0","rotation":90},"west":{"uv":[0,0,5.3,0.3000002],"texture":"#0","rotation":90},"east":{"uv":[0,0,5.3,0.3000002],"texture":"#0","rotation":180}}},{"__comment":"element","from":[8.4724,7.1923,-4.7],"to":[8.7224,7.7923,3.5],"rotation":{"origin":[8.5724,7.09227,-4.2],"axis":"z","angle":45},"faces":{"down":{"uv":[0,0,5.3,0.3000002],"texture":"#0","rotation":270},"up":{"uv":[0,0,5.3,0.3000002],"texture":"#0","rotation":90},"north":{"uv":[0,0,5.3,0.3000002],"texture":"#0","rotation":90},"south":{"uv":[0,0,5.3,0.3000002],"texture":"#0","rotation":90},"west":{"uv":[0,0,5.3,0.3000002],"texture":"#0","rotation":90},"east":{"uv":[0,0,5.3,0.3000002],"texture":"#0","rotation":180}}},{"__comment":"element","from":[8.0384,7.2232,-4.7],"to":[8.6384,7.4732,3.5],"rotation":{"origin":[8.73842,7.32317,-4.2],"axis":"z","angle":-22.5},"faces":{"down":{"uv":[0,0,5.3,0.3000002],"texture":"#0"},"up":{"uv":[0,0,5.3,0.3000002],"texture":"#0"},"north":{"uv":[0,0,5.3,0.3000002],"texture":"#0"},"south":{"uv":[0,0,5.3,0.3000002],"texture":"#0"},"west":{"uv":[0,0,5.3,0.3000002],"texture":"#0"},"east":{"uv":[0,0,5.3,0.3000002],"texture":"#0","rotation":180}}},{"__comment":"element","from":[7,9.9802,4.2],"to":[7.8,10.4802,4.41],"faces":{"down":{"uv":[0.8,0,1.6,0.21],"texture":"#4"},"up":{"uv":[0.8,0,1.6,0.21],"texture":"#4"},"north":{"uv":[0.8,0,1.6,0.21],"texture":"#4"},"south":{"uv":[0.8,0,1.6,0.21],"texture":"#4"},"west":{"uv":[0.8,0,1.6,0.21],"texture":"#4"},"east":{"uv":[0.8,0,1.6,0.21],"texture":"#4"}}},{"__comment":"element","from":[7,9.9802,4.2],"to":[7.8,10.4802,4.41],"rotation":{"origin":[7.2,10.2302,4.305],"axis":"x","angle":45},"faces":{"down":{"uv":[0.8,0,1.6,0.21],"texture":"#4"},"up":{"uv":[0.8,0,1.6,0.21],"texture":"#4"},"north":{"uv":[0.8,0,1.6,0.21],"texture":"#4"},"south":{"uv":[0.8,0,1.6,0.21],"texture":"#4"},"west":{"uv":[0.8,0,1.6,0.21],"texture":"#4"},"east":{"uv":[0.8,0,1.6,0.21],"texture":"#4"}}},{"__comment":"element","from":[7,10.1252,4.055],"to":[7.8,10.3352,4.555],"faces":{"down":{"uv":[0.8,0,1.6,0.5],"texture":"#4","rotation":180},"up":{"uv":[0.8,0,1.6,0.5],"texture":"#4","rotation":180},"north":{"uv":[0.8,0,1.6,0.5],"texture":"#4","rotation":180},"south":{"uv":[0.8,0,1.6,0.5],"texture":"#4","rotation":180},"west":{"uv":[0.8,0,1.6,0.5],"texture":"#4","rotation":180},"east":{"uv":[0.8,0,1.6,0.5],"texture":"#4","rotation":180}}},{"__comment":"element","from":[7,10.1252,4.055],"to":[7.8,10.3352,4.555],"rotation":{"origin":[7.2,10.2302,4.305],"axis":"x","angle":45},"faces":{"down":{"uv":[0.8,0,1.6,0.5],"texture":"#4","rotation":180},"up":{"uv":[0.8,0,1.6,0.5],"texture":"#4","rotation":180},"north":{"uv":[0.8,0,1.6,0.5],"texture":"#4","rotation":180},"south":{"uv":[0.8,0,1.6,0.5],"texture":"#4","rotation":180},"west":{"uv":[0.8,0,1.6,0.5],"texture":"#4","rotation":180},"east":{"uv":[0.8,0,1.6,0.5],"texture":"#4","rotation":180}}},{"__comment":"element","from":[8.175,9.842999,1.3603],"to":[8.525,10.743,2.7303],"rotation":{"origin":[8,9.54251,1.54527],"axis":"x","angle":45},"faces":{"down":{"uv":[0.35,0,0.7,1.37],"texture":"#4","rotation":180},"up":{"uv":[0.35,0,0.7,1.37],"texture":"#4"},"north":{"uv":[0.35,0,0.7,1.37],"texture":"#4","rotation":180},"south":{"uv":[0.35,0,0.7,1.37],"texture":"#4"},"west":{"uv":[0.35,0,0.7,1.37],"texture":"#4","rotation":90},"east":{"uv":[0.35,0,0.7,1.37],"texture":"#4","rotation":270}}},{"__comment":"element","from":[8.175,9.7061,2.1008],"to":[8.525,10.0761,4.0008],"rotation":{"origin":[8,9.89113,3.30131],"axis":"x","angle":22.5},"faces":{"down":{"uv":[0.35,0,0.7,1.9],"texture":"#4"},"up":{"uv":[0.35,0,0.7,1.9],"texture":"#4"},"north":{"uv":[0.35,0,0.7,1.9],"texture":"#4","rotation":180},"south":{"uv":[0.35,0,0.7,1.9],"texture":"#4","rotation":180},"west":{"uv":[0.35,0,0.7,1.9],"texture":"#4","rotation":180},"east":{"uv":[0.35,0,0.7,1.9],"texture":"#4","rotation":180}}},{"__comment":"element","from":[8.179299,10.5999,-15],"to":[8.2793,10.7999,-14.8],"rotation":{"origin":[8.17929,10.69988,-14.82],"axis":"z","angle":45},"faces":{"down":{"uv":[3,1,3.2,1.2],"texture":"#3"},"up":{"uv":[3,1,3.2,1.2],"texture":"#3"},"north":{"uv":[3,1,3.2,1.2],"texture":"#3"},"south":{"uv":[3,1,3.2,1.2],"texture":"#3"},"west":{"uv":[3,1,3.2,1.2],"texture":"#3"},"east":{"uv":[3,1,3.2,1.2],"texture":"#3"}}},{"__comment":"element","from":[8.2213,10.4999,-15],"to":[8.3213,10.6999,-14.8],"faces":{"down":{"uv":[3,1,3.2,1.2],"texture":"#3"},"up":{"uv":[3,1,3.2,1.2],"texture":"#3"},"north":{"uv":[3,1,3.2,1.2],"texture":"#3"},"south":{"uv":[3,1,3.2,1.2],"texture":"#3"},"west":{"uv":[3,1,3.2,1.2],"texture":"#3"},"east":{"uv":[3,1,3.2,1.2],"texture":"#3"}}},{"__comment":"element","from":[8.179999,10.4,-15],"to":[8.279999,10.6,-14.8],"rotation":{"origin":[8.18,10.5,-14.82],"axis":"z","angle":-45},"faces":{"down":{"uv":[3,1,3.2,1.2],"texture":"#3"},"up":{"uv":[3,1,3.2,1.2],"texture":"#3"},"north":{"uv":[3,1,3.2,1.2],"texture":"#3"},"south":{"uv":[3,1,3.2,1.2],"texture":"#3"},"west":{"uv":[3,1,3.2,1.2],"texture":"#3"},"east":{"uv":[3,1,3.2,1.2],"texture":"#3"}}},{"__comment":"element","from":[7.5598,8.9389,10.6],"to":[7.9998,9.708899,10.93],"rotation":{"origin":[7.77981,9.48887,18.85],"axis":"z","angle":45},"faces":{"down":{"uv":[0,0,1.32969,1.26953],"texture":"#4"},"up":{"uv":[0,0,1.32969,1.26953],"texture":"#4"},"north":{"uv":[0,0,1.32969,1.26953],"texture":"#4"},"south":{"uv":[0,0,1.32969,1.26953],"texture":"#4"},"west":{"uv":[0,0,1.32969,1.26953],"texture":"#4"},"east":{"uv":[0,0,1.32969,1.26953],"texture":"#4"}}},{"__comment":"element","from":[7.7796,8.7,10.6],"to":[8.2196,9.8,10.93],"faces":{"down":{"uv":[0,0,1.32969,1.26953],"texture":"#4"},"up":{"uv":[0,0,1.32969,1.26953],"texture":"#4"},"north":{"uv":[0,0,1.32969,1.26953],"texture":"#4"},"south":{"uv":[0,0,1.32969,1.26953],"texture":"#4"},"west":{"uv":[0,0,1.32969,1.26953],"texture":"#4"},"east":{"uv":[0,0,1.32969,1.26953],"texture":"#4"}}},{"__comment":"element","from":[7.9998,8.9389,10.6],"to":[8.439799,9.708899,10.93],"rotation":{"origin":[8.21981,9.48887,18.85],"axis":"z","angle":-45},"faces":{"down":{"uv":[0,0,1.32969,1.26953],"texture":"#4"},"up":{"uv":[0,0,1.32969,1.26953],"texture":"#4"},"north":{"uv":[0,0,1.32969,1.26953],"texture":"#4"},"south":{"uv":[0,0,1.32969,1.26953],"texture":"#4"},"west":{"uv":[0,0,1.32969,1.26953],"texture":"#4"},"east":{"uv":[0,0,1.32969,1.26953],"texture":"#4"}}},{"__comment":"element","from":[7.4689,7.9389,10.6],"to":[8.5359,9.4889,10.93],"faces":{"down":{"uv":[0,0,1.32969,1.26953],"texture":"#4","rotation":270},"up":{"uv":[0,0,1.32969,1.26953],"texture":"#4","rotation":270},"north":{"uv":[0,0,1.32969,1.26953],"texture":"#4","rotation":270},"south":{"uv":[0,0,1.32969,1.26953],"texture":"#4","rotation":270},"west":{"uv":[0,0,1.32969,1.26953],"texture":"#4","rotation":270},"east":{"uv":[0,0,1.32969,1.26953],"texture":"#4","rotation":270}}},{"__comment":"element","from":[7.7796,8.7,14.1],"to":[8.2196,9.8,14.43],"faces":{"down":{"uv":[0,0,1.32969,1.26953],"texture":"#4"},"up":{"uv":[0,0,1.32969,1.26953],"texture":"#4"},"north":{"uv":[0,0,1.32969,1.26953],"texture":"#4"},"south":{"uv":[0,0,1.32969,1.26953],"texture":"#4"},"west":{"uv":[0,0,1.32969,1.26953],"texture":"#4"},"east":{"uv":[0,0,1.32969,1.26953],"texture":"#4"}}},{"__comment":"element","from":[7.9998,8.9389,14.1],"to":[8.439799,9.708899,14.43],"rotation":{"origin":[8.21981,9.48887,22.35],"axis":"z","angle":-45},"faces":{"down":{"uv":[0,0,1.32969,1.26953],"texture":"#4"},"up":{"uv":[0,0,1.32969,1.26953],"texture":"#4"},"north":{"uv":[0,0,1.32969,1.26953],"texture":"#4"},"south":{"uv":[0,0,1.32969,1.26953],"texture":"#4"},"west":{"uv":[0,0,1.32969,1.26953],"texture":"#4"},"east":{"uv":[0,0,1.32969,1.26953],"texture":"#4"}}},{"__comment":"element","from":[7.5598,8.9389,14.1],"to":[7.9998,9.708899,14.43],"rotation":{"origin":[7.77981,9.48887,22.35],"axis":"z","angle":45},"faces":{"down":{"uv":[0,0,1.32969,1.26953],"texture":"#4"},"up":{"uv":[0,0,1.32969,1.26953],"texture":"#4"},"north":{"uv":[0,0,1.32969,1.26953],"texture":"#4"},"south":{"uv":[0,0,1.32969,1.26953],"texture":"#4"},"west":{"uv":[0,0,1.32969,1.26953],"texture":"#4"},"east":{"uv":[0,0,1.32969,1.26953],"texture":"#4"}}},{"__comment":"element","from":[8.349999,8.15,12.28],"to":[8.849999,8.45,12.41],"rotation":{"origin":[8.6,8.3,12.345],"axis":"x","angle":-45},"faces":{"down":{"uv":[15.5,14,16,15],"texture":"#2","rotation":270},"up":{"uv":[15.5,14,16,15],"texture":"#2","rotation":270},"north":{"uv":[15.5,14,16,15],"texture":"#2","rotation":270},"south":{"uv":[15.5,14,16,15],"texture":"#2","rotation":270},"west":{"uv":[15.5,14,16,15],"texture":"#2","rotation":270},"east":{"uv":[15.5,14,16,15],"texture":"#2","rotation":270}}},{"__comment":"element","from":[8.349999,8.235,12.195],"to":[8.849999,8.365,12.495],"faces":{"down":{"uv":[15.5,14,16,15],"texture":"#2","rotation":180},"up":{"uv":[15.5,14,16,15],"texture":"#2","rotation":180},"north":{"uv":[15.5,14,16,15],"texture":"#2","rotation":180},"south":{"uv":[15.5,14,16,15],"texture":"#2","rotation":180},"west":{"uv":[15.5,14,16,15],"texture":"#2","rotation":180},"east":{"uv":[15.5,14,16,15],"texture":"#2","rotation":180}}},{"__comment":"element","from":[8.349999,8.15,12.28],"to":[8.849999,8.45,12.41],"rotation":{"origin":[8.6,8.3,12.345],"axis":"x","angle":45},"faces":{"down":{"uv":[15.5,14,16,15],"texture":"#2","rotation":270},"up":{"uv":[15.5,14,16,15],"texture":"#2","rotation":270},"north":{"uv":[15.5,14,16,15],"texture":"#2","rotation":270},"south":{"uv":[15.5,14,16,15],"texture":"#2","rotation":270},"west":{"uv":[15.5,14,16,15],"texture":"#2","rotation":270},"east":{"uv":[15.5,14,16,15],"texture":"#2","rotation":270}}},{"__comment":"element","from":[8.349999,8.15,12.28],"to":[8.849999,8.45,12.41],"faces":{"down":{"uv":[15.5,14,16,15],"texture":"#2","rotation":270},"up":{"uv":[15.5,14,16,15],"texture":"#2","rotation":270},"north":{"uv":[15.5,14,16,15],"texture":"#2","rotation":270},"south":{"uv":[15.5,14,16,15],"texture":"#2","rotation":270},"west":{"uv":[15.5,14,16,15],"texture":"#2","rotation":270},"east":{"uv":[15.5,14,16,15],"texture":"#2","rotation":270}}},{"__comment":"element","from":[8.3,8.099999,12.1],"to":[8.8,8.499999,12.6],"faces":{"down":{"uv":[0,0,0.8,0.5],"texture":"#4","rotation":270},"up":{"uv":[0,0,0.8,0.5],"texture":"#4","rotation":270},"north":{"uv":[0,0,0.8,0.5],"texture":"#4","rotation":270},"south":{"uv":[0,0,0.8,0.5],"texture":"#4","rotation":270},"west":{"uv":[0,0,0.8,0.5],"texture":"#4","rotation":270},"east":{"uv":[0,0,0.8,0.5],"texture":"#4","rotation":270}}},{"__comment":"element","from":[8.3,8.15,11.6],"to":[8.8,8.55,12.1],"faces":{"down":{"uv":[0,0,0.8,0.5],"texture":"#4","rotation":270},"up":{"uv":[0,0,0.8,0.5],"texture":"#4","rotation":270},"north":{"uv":[0,0,0.8,0.5],"texture":"#4","rotation":270},"south":{"uv":[0,0,0.8,0.5],"texture":"#4","rotation":270},"west":{"uv":[0,0,0.8,0.5],"texture":"#4","rotation":270},"east":{"uv":[0,0,0.8,0.5],"texture":"#4","rotation":270}}},{"__comment":"element","from":[8.3,8.272699,11.6323],"to":[8.799,8.844699,12.0323],"rotation":{"origin":[8.55,8.54768,11.83232],"axis":"x","angle":-45},"faces":{"down":{"uv":[0,0,0.8,0.5],"texture":"#4","rotation":270},"up":{"uv":[0,0,0.8,0.5],"texture":"#4","rotation":270},"north":{"uv":[0,0,0.8,0.5],"texture":"#4","rotation":270},"south":{"uv":[0,0,0.8,0.5],"texture":"#4","rotation":270},"west":{"uv":[0,0,0.8,0.5],"texture":"#4","rotation":270},"east":{"uv":[0,0,0.8,0.5],"texture":"#4","rotation":270}}},{"__comment":"element","from":[8.3,8.2,11.1],"to":[8.8,8.6,11.6],"faces":{"down":{"uv":[0,0,0.8,0.5],"texture":"#4","rotation":270},"up":{"uv":[0,0,0.8,0.5],"texture":"#4","rotation":270},"north":{"uv":[0,0,0.8,0.5],"texture":"#4","rotation":270},"south":{"uv":[0,0,0.8,0.5],"texture":"#4","rotation":270},"west":{"uv":[0,0,0.8,0.5],"texture":"#4","rotation":270},"east":{"uv":[0,0,0.8,0.5],"texture":"#4","rotation":270}}},{"__comment":"element","from":[8.3,8.3,10.6],"to":[8.8,8.7,11.1],"faces":{"down":{"uv":[0,0,0.8,0.5],"texture":"#4","rotation":270},"up":{"uv":[0,0,0.8,0.5],"texture":"#4","rotation":270},"north":{"uv":[0,0,0.8,0.5],"texture":"#4","rotation":270},"south":{"uv":[0,0,0.8,0.5],"texture":"#4","rotation":270},"west":{"uv":[0,0,0.8,0.5],"texture":"#4","rotation":270},"east":{"uv":[0,0,0.8,0.5],"texture":"#4","rotation":270}}},{"__comment":"element","from":[8.3,8.4,10.1],"to":[8.8,8.8,10.6],"faces":{"down":{"uv":[0,0,0.8,0.5],"texture":"#4","rotation":270},"up":{"uv":[0,0,0.8,0.5],"texture":"#4","rotation":270},"north":{"uv":[0,0,0.8,0.5],"texture":"#4","rotation":270},"south":{"uv":[0,0,0.8,0.5],"texture":"#4","rotation":270},"west":{"uv":[0,0,0.8,0.5],"texture":"#4","rotation":270},"east":{"uv":[0,0,0.8,0.5],"texture":"#4","rotation":270}}},{"__comment":"element","from":[8.3,8.5,9.599999],"to":[8.799,8.9,11.764],"faces":{"down":{"uv":[0,0,0.8,0.5],"texture":"#4","rotation":270},"up":{"uv":[0,0,0.8,0.5],"texture":"#4","rotation":270},"north":{"uv":[0,0,0.8,0.5],"texture":"#4","rotation":270},"south":{"uv":[0,0,0.8,0.5],"texture":"#4","rotation":270},"west":{"uv":[0,0,0.8,0.5],"texture":"#4","rotation":270},"east":{"uv":[0,0,0.8,0.5],"texture":"#4","rotation":270}}},{"__comment":"element","from":[8.399799,5.6312,9.0237],"to":[8.798799,5.8312,9.5737],"rotation":{"origin":[8.94982,5.96127,17.27367],"axis":"x","angle":22.5},"faces":{"down":{"uv":[0,0,0.8,0.5],"texture":"#4","rotation":270},"up":{"uv":[0,0,0.8,0.5],"texture":"#4","rotation":270},"north":{"uv":[0,0,0.8,0.5],"texture":"#4","rotation":270},"south":{"uv":[0,0,0.8,0.5],"texture":"#4","rotation":270},"west":{"uv":[0,0,0.8,0.5],"texture":"#4","rotation":270},"east":{"uv":[0,0,0.8,0.5],"texture":"#4","rotation":270}}},{"__comment":"element","from":[8.3,8.599999,9.05],"to":[8.8,8.999999,9.6],"faces":{"down":{"uv":[0,0,0.8,0.5],"texture":"#4","rotation":270},"up":{"uv":[0,0,0.8,0.5],"texture":"#4","rotation":270},"north":{"uv":[0,0,0.8,0.5],"texture":"#4","rotation":270},"south":{"uv":[0,0,0.8,0.5],"texture":"#4","rotation":270},"west":{"uv":[0,0,0.8,0.5],"texture":"#4","rotation":270},"east":{"uv":[0,0,0.8,0.5],"texture":"#4","rotation":270}}},{"__comment":"element","from":[7.4689,7.9389,14.1],"to":[8.5359,9.4889,14.43],"faces":{"down":{"uv":[0,0,1.32969,1.26953],"texture":"#4","rotation":270},"up":{"uv":[0,0,1.32969,1.26953],"texture":"#4","rotation":270},"north":{"uv":[0,0,1.32969,1.26953],"texture":"#4","rotation":270},"south":{"uv":[0,0,1.32969,1.26953],"texture":"#4","rotation":270},"west":{"uv":[0,0,1.32969,1.26953],"texture":"#4","rotation":270},"east":{"uv":[0,0,1.32969,1.26953],"texture":"#4","rotation":270}}},{"__comment":"element","from":[7.7796,9.599999,7.1],"to":[8.2196,9.799999,7.43],"faces":{"down":{"uv":[0,0,1.32969,1.26953],"texture":"#4"},"up":{"uv":[0,0,1.32969,1.26953],"texture":"#4"},"north":{"uv":[0,0,1.32969,1.26953],"texture":"#4"},"south":{"uv":[0,0,1.32969,1.26953],"texture":"#4"},"west":{"uv":[0,0,1.32969,1.26953],"texture":"#4"},"east":{"uv":[0,0,1.32969,1.26953],"texture":"#4"}}},{"__comment":"element","from":[7.9998,8.9389,7.1],"to":[8.439799,9.708899,7.43],"rotation":{"origin":[8.21981,9.48887,15.35],"axis":"z","angle":-45},"faces":{"down":{"uv":[0,0,1.32969,1.26953],"texture":"#4"},"up":{"uv":[0,0,1.32969,1.26953],"texture":"#4"},"north":{"uv":[0,0,1.32969,1.26953],"texture":"#4"},"south":{"uv":[0,0,1.32969,1.26953],"texture":"#4"},"west":{"uv":[0,0,1.32969,1.26953],"texture":"#4"},"east":{"uv":[0,0,1.32969,1.26953],"texture":"#4"}}},{"__comment":"element","from":[7.5598,8.9389,7.1],"to":[7.9998,9.708899,7.43],"rotation":{"origin":[7.77981,9.48887,15.35],"axis":"z","angle":45},"faces":{"down":{"uv":[0,0,1.32969,1.26953],"texture":"#4"},"up":{"uv":[0,0,1.32969,1.26953],"texture":"#4"},"north":{"uv":[0,0,1.32969,1.26953],"texture":"#4"},"south":{"uv":[0,0,1.32969,1.26953],"texture":"#4"},"west":{"uv":[0,0,1.32969,1.26953],"texture":"#4"},"east":{"uv":[0,0,1.32969,1.26953],"texture":"#4"}}},{"__comment":"element","from":[7.4689,7.9389,7.1],"to":[7.768899,9.4889,7.43],"faces":{"down":{"uv":[0,0,1.32969,1.26953],"texture":"#4","rotation":270},"up":{"uv":[0,0,1.32969,1.26953],"texture":"#4","rotation":270},"north":{"uv":[0,0,1.32969,1.26953],"texture":"#4","rotation":270},"south":{"uv":[0,0,1.32969,1.26953],"texture":"#4","rotation":270},"west":{"uv":[0,0,1.32969,1.26953],"texture":"#4","rotation":270},"east":{"uv":[0,0,1.32969,1.26953],"texture":"#4","rotation":270}}},{"__comment":"element","from":[7.7259,8.870399,4.49],"to":[8.4259,9.4704,9.99],"faces":{"down":{"uv":[0,0,0.5,0.5],"texture":"#3","rotation":270},"up":{"uv":[0,0,0.5,0.5],"texture":"#3","rotation":270},"north":{"uv":[0,0,0.5,0.5],"texture":"#3","rotation":270},"south":{"uv":[0,0,0.5,0.5],"texture":"#3","rotation":270},"west":{"uv":[0,0,0.5,0.5],"texture":"#3","rotation":270},"east":{"uv":[0,0,0.5,0.5],"texture":"#3","rotation":270}}},{"__comment":"element","from":[7.7259,8.4514,4.49],"to":[8.1759,9.051399,9.99],"rotation":{"origin":[8.1489,9.53137,7.19],"axis":"z","angle":22.5},"faces":{"down":{"uv":[0,0,0.5,0.5],"texture":"#3","rotation":270},"up":{"uv":[0,0,0.5,0.5],"texture":"#3","rotation":270},"north":{"uv":[0,0,0.5,0.5],"texture":"#3","rotation":270},"south":{"uv":[0,0,0.5,0.5],"texture":"#3","rotation":270},"west":{"uv":[0,0,0.5,0.5],"texture":"#3","rotation":270},"east":{"uv":[0,0,0.5,0.5],"texture":"#3","rotation":270}}},{"__comment":"element","from":[7.3505,6.938,18.0268],"to":[8.6495,8.438,28.9268],"rotation":{"origin":[8.3905,7.95246,18.54678],"axis":"x","angle":22.5},"faces":{"down":{"uv":[8,0,15.7,1.5],"texture":"#0","rotation":180},"up":{"uv":[8,0,15.7,1.5],"texture":"#0","rotation":180},"north":{"uv":[8,0,15.7,1.5],"texture":"#0","rotation":180},"south":{"uv":[13.5,0,15.7,1],"texture":"#0","rotation":180},"west":{"uv":[8,0,15.7,1.5],"texture":"#0","rotation":180},"east":{"uv":[8,0,15.7,1.5],"texture":"#0","rotation":180}}},{"__comment":"element","from":[7.351,6.9966,20.294],"to":[8.649,7.696599,21.294],"faces":{"down":{"uv":[0,0.5,1.7,2],"texture":"#0","rotation":90},"up":{"uv":[0,0.5,1.7,2],"texture":"#0","rotation":90},"north":{"uv":[0,0.5,1.7,2],"texture":"#0","rotation":90},"south":{"uv":[0,0.5,1.7,2],"texture":"#0","rotation":90},"west":{"uv":[0,0.5,1.7,2],"texture":"#0","rotation":90},"east":{"uv":[0,0.5,1.7,2],"texture":"#0","rotation":90}}},{"__comment":"element","from":[7.351,6.026,21.95],"to":[8.649,8.026001,22.95],"faces":{"down":{"uv":[0,0.5,1.7,2],"texture":"#0","rotation":90},"up":{"uv":[0,0.5,1.7,2],"texture":"#0","rotation":90},"north":{"uv":[0,0.5,1.7,2],"texture":"#0","rotation":90},"south":{"uv":[0,0.5,1.7,2],"texture":"#0","rotation":90},"west":{"uv":[0,0.5,1.7,2],"texture":"#0","rotation":90},"east":{"uv":[0,0.5,1.7,2],"texture":"#0","rotation":90}}},{"__comment":"element","from":[7.3515,7.4639,22.7246],"to":[8.6485,7.863899,23.3246],"rotation":{"origin":[8.3915,7.37844,23.24461],"axis":"x","angle":22.5},"faces":{"down":{"uv":[0,0,2.7,1],"texture":"#0","rotation":180},"up":{"uv":[0,0,2.7,1],"texture":"#0","rotation":180},"north":{"uv":[0,0,2.7,1],"texture":"#0","rotation":180},"south":{"uv":[0,0,2.7,1],"texture":"#0","rotation":180},"west":{"uv":[0,0,2.7,1],"texture":"#0","rotation":180},"east":{"uv":[0,0,2.7,1],"texture":"#0","rotation":180}}},{"__comment":"element","from":[7.3515,7.2639,23.7246],"to":[8.6485,7.6639,24.3246],"rotation":{"origin":[8.3915,7.17844,24.24461],"axis":"x","angle":22.5},"faces":{"down":{"uv":[0,0,2.7,1],"texture":"#0","rotation":180},"up":{"uv":[0,0,2.7,1],"texture":"#0","rotation":180},"north":{"uv":[0,0,2.7,1],"texture":"#0","rotation":180},"south":{"uv":[0,0,2.7,1],"texture":"#0","rotation":180},"west":{"uv":[0,0,2.7,1],"texture":"#0","rotation":180},"east":{"uv":[0,0,2.7,1],"texture":"#0","rotation":180}}},{"__comment":"element","from":[7.3515,7.0639,24.7246],"to":[8.6485,7.4639,25.3246],"rotation":{"origin":[8.3915,6.97844,25.24461],"axis":"x","angle":22.5},"faces":{"down":{"uv":[0,0,2.7,1],"texture":"#0","rotation":180},"up":{"uv":[0,0,2.7,1],"texture":"#0","rotation":180},"north":{"uv":[0,0,2.7,1],"texture":"#0","rotation":180},"south":{"uv":[0,0,2.7,1],"texture":"#0","rotation":180},"west":{"uv":[0,0,2.7,1],"texture":"#0","rotation":180},"east":{"uv":[0,0,2.7,1],"texture":"#0","rotation":180}}},{"__comment":"element","from":[7.3515,6.8639,25.7246],"to":[8.6485,7.2639,26.3246],"rotation":{"origin":[8.3915,6.77844,26.24461],"axis":"x","angle":22.5},"faces":{"down":{"uv":[0,0,2.7,1],"texture":"#0","rotation":180},"up":{"uv":[0,0,2.7,1],"texture":"#0","rotation":180},"north":{"uv":[0,0,2.7,1],"texture":"#0","rotation":180},"south":{"uv":[0,0,2.7,1],"texture":"#0","rotation":180},"west":{"uv":[0,0,2.7,1],"texture":"#0","rotation":180},"east":{"uv":[0,0,2.7,1],"texture":"#0","rotation":180}}},{"__comment":"element","from":[7.3515,6.6639,26.7246],"to":[8.6485,7.0639,27.3246],"rotation":{"origin":[8.3915,6.57844,27.24461],"axis":"x","angle":22.5},"faces":{"down":{"uv":[0,0,2.7,1],"texture":"#0","rotation":180},"up":{"uv":[0,0,2.7,1],"texture":"#0","rotation":180},"north":{"uv":[0,0,2.7,1],"texture":"#0","rotation":180},"south":{"uv":[0,0,2.7,1],"texture":"#0","rotation":180},"west":{"uv":[0,0,2.7,1],"texture":"#0","rotation":180},"east":{"uv":[0,0,2.7,1],"texture":"#0","rotation":180}}},{"__comment":"element","from":[7.3515,6.4639,27.7246],"to":[8.6485,6.863899,28.3246],"rotation":{"origin":[8.3915,6.37844,28.24461],"axis":"x","angle":22.5},"faces":{"down":{"uv":[0,0,2.7,1],"texture":"#0","rotation":180},"up":{"uv":[0,0,2.7,1],"texture":"#0","rotation":180},"north":{"uv":[0,0,2.7,1],"texture":"#0","rotation":180},"south":{"uv":[0,0,2.7,1],"texture":"#0","rotation":180},"west":{"uv":[0,0,2.7,1],"texture":"#0","rotation":180},"east":{"uv":[0,0,2.7,1],"texture":"#0","rotation":180}}},{"__comment":"element","from":[7.3505,4.951,28.464],"to":[8.647499,7.355999,28.964],"rotation":{"origin":[8.3905,6.30263,27.33049],"axis":"x","angle":22.5},"faces":{"down":{"uv":[0,0,2.7,1],"texture":"#0","rotation":180},"up":{"uv":[0,0,2.7,1],"texture":"#0"},"north":{"uv":[0,0,2.7,1],"texture":"#0"},"south":{"uv":[0,0,2.7,1],"texture":"#0","rotation":180},"west":{"uv":[0,0,2.7,1],"texture":"#0","rotation":270},"east":{"uv":[0,0,2.7,1],"texture":"#0","rotation":90}}},{"__comment":"element","from":[7.351,5.826,22.95],"to":[8.649,7.826,23.95],"faces":{"down":{"uv":[0,0.5,1.7,2],"texture":"#0","rotation":90},"up":{"uv":[0,0.5,1.7,2],"texture":"#0","rotation":90},"north":{"uv":[0,0.5,1.7,2],"texture":"#0","rotation":90},"south":{"uv":[0,0.5,1.7,2],"texture":"#0","rotation":90},"west":{"uv":[0,0.5,1.7,2],"texture":"#0","rotation":90},"east":{"uv":[0,0.5,1.7,2],"texture":"#0","rotation":90}}},{"__comment":"element","from":[7.351,5.026,23.95],"to":[8.649,7.626,24.95],"faces":{"down":{"uv":[0,0.5,1.7,2],"texture":"#0","rotation":90},"up":{"uv":[0,0.5,1.7,2],"texture":"#0","rotation":90},"north":{"uv":[0,0.5,1.7,2],"texture":"#0","rotation":90},"south":{"uv":[0,0.5,1.7,2],"texture":"#0","rotation":90},"west":{"uv":[0,0.5,1.7,2],"texture":"#0","rotation":90},"east":{"uv":[0,0.5,1.7,2],"texture":"#0","rotation":90}}},{"__comment":"element","from":[7.351,4.826,24.95],"to":[8.649,7.426,25.95],"faces":{"down":{"uv":[0,0.5,1.7,2],"texture":"#0","rotation":90},"up":{"uv":[0,0.5,1.7,2],"texture":"#0","rotation":90},"north":{"uv":[0,0.5,1.7,2],"texture":"#0","rotation":90},"south":{"uv":[0,0.5,1.7,2],"texture":"#0","rotation":90},"west":{"uv":[0,0.5,1.7,2],"texture":"#0","rotation":90},"east":{"uv":[0,0.5,1.7,2],"texture":"#0","rotation":90}}},{"__comment":"element","from":[7.351,4.326,26.95],"to":[8.649,7.026,27.95],"faces":{"down":{"uv":[0,0.5,1.7,2],"texture":"#0","rotation":90},"up":{"uv":[0,0.5,1.7,2],"texture":"#0","rotation":90},"north":{"uv":[0,0.5,1.7,2],"texture":"#0","rotation":90},"south":{"uv":[0,0.5,1.7,2],"texture":"#0","rotation":90},"west":{"uv":[0,0.5,1.7,2],"texture":"#0","rotation":90},"east":{"uv":[0,0.5,1.7,2],"texture":"#0","rotation":90}}},{"__comment":"element","from":[7.351,4.526,25.95],"to":[8.649,7.226,26.95],"faces":{"down":{"uv":[0,0.5,1.7,2],"texture":"#0","rotation":90},"up":{"uv":[0,0.5,1.7,2],"texture":"#0","rotation":90},"north":{"uv":[0,0.5,1.7,2],"texture":"#0","rotation":90},"south":{"uv":[0,0.5,1.7,2],"texture":"#0","rotation":90},"west":{"uv":[0,0.5,1.7,2],"texture":"#0","rotation":90},"east":{"uv":[0,0.5,1.7,2],"texture":"#0","rotation":90}}},{"__comment":"element","from":[7.355,4.7664,27.8832],"to":[8.645,6.8414,28.4332],"faces":{"down":{"uv":[0,0.5,1.7,2],"texture":"#0","rotation":90},"up":{"uv":[0,0.5,1.7,2],"texture":"#0","rotation":90},"north":{"uv":[0,0.5,1.7,2],"texture":"#0","rotation":90},"south":{"uv":[0,0.5,1.7,2],"texture":"#0","rotation":90},"west":{"uv":[0,0.5,1.7,2],"texture":"#0","rotation":90},"east":{"uv":[0,0.5,1.7,2],"texture":"#0","rotation":90}}},{"__comment":"element","from":[7.355,5.7664,28.4332],"to":[8.645,6.8414,28.7832],"faces":{"down":{"uv":[0,0.5,1.7,2],"texture":"#0","rotation":90},"up":{"uv":[0,0.5,1.7,2],"texture":"#0","rotation":90},"north":{"uv":[0,0.5,1.7,2],"texture":"#0","rotation":90},"south":{"uv":[0,0.5,1.7,2],"texture":"#0","rotation":90},"west":{"uv":[0,0.5,1.7,2],"texture":"#0","rotation":90},"east":{"uv":[0,0.5,1.7,2],"texture":"#0","rotation":90}}},{"__comment":"element","from":[7.351,6.0792,21.1723],"to":[8.649,7.8792,22.1723],"rotation":{"origin":[8.391,7.39374,21.69231],"axis":"x","angle":-22.5},"faces":{"down":{"uv":[0,0.5,1.7,2],"texture":"#0","rotation":90},"up":{"uv":[0,0.5,1.7,2],"texture":"#0","rotation":90},"north":{"uv":[0,0.5,1.7,2],"texture":"#0","rotation":90},"south":{"uv":[0,0.5,1.7,2],"texture":"#0","rotation":90},"west":{"uv":[0,0.5,1.7,2],"texture":"#0","rotation":90},"east":{"uv":[0,0.5,1.7,2],"texture":"#0","rotation":90}}},{"__comment":"element","from":[7.5,6,6.5],"to":[8.5,7,9.45],"faces":{"down":{"uv":[0,0,2.5,2.5],"texture":"#4"},"up":{"uv":[0,0,2.5,2.5],"texture":"#4"},"north":{"uv":[0,0,2.5,2.5],"texture":"#4"},"south":{"uv":[0,0,2.5,2.5],"texture":"#4"},"west":{"uv":[0,0,2.5,2.5],"texture":"#4"},"east":{"uv":[0,0,2.5,2.5],"texture":"#4"}}},{"__comment":"element","from":[7.5,2.5156,6.4035],"to":[8.5,6.5156,9.4035],"rotation":{"origin":[8,6.01561,8.15347],"axis":"x","angle":22.5},"faces":{"down":{"uv":[0,0,2.5,2.5],"texture":"#4"},"up":{"uv":[0,0,2.5,2.5],"texture":"#4"},"north":{"uv":[0,0,2.5,2.5],"texture":"#4"},"south":{"uv":[0,0,2.5,2.5],"texture":"#4"},"west":{"uv":[0,0,2.5,2.5],"texture":"#4"},"east":{"uv":[0,0,2.5,2.5],"texture":"#4"}}},{"__comment":"element","from":[7.5,-0.6666,4.9809],"to":[8.5,3.3334,7.9809],"rotation":{"origin":[8,2.83338,6.73087],"axis":"x","angle":45},"faces":{"down":{"uv":[0,0,2.5,2.5],"texture":"#4"},"up":{"uv":[0,0,2.5,2.5],"texture":"#4"},"north":{"uv":[0,0,2.5,2.5],"texture":"#4"},"south":{"uv":[0,0,2.5,2.5],"texture":"#4"},"west":{"uv":[0,0,2.5,2.5],"texture":"#4"},"east":{"uv":[0,0,2.5,2.5],"texture":"#4"}}},{"__comment":"element","from":[7.4495,2.9222,6.5193],"to":[8.5495,6.0522,7.3193],"rotation":{"origin":[7.94953,6.4222,8.26929],"axis":"x","angle":22.5},"faces":{"down":{"uv":[13.5,15.5,14.3,16],"texture":"#2"},"up":{"uv":[13.5,15.5,14.3,16],"texture":"#2"},"north":{"uv":[13.5,15.5,14.3,16],"texture":"#2"},"south":{"uv":[13.5,15.5,14.3,16],"texture":"#2"},"west":{"uv":[13.5,15.5,14.3,16],"texture":"#2"},"east":{"uv":[13.5,15.5,14.3,16],"texture":"#2"}}},{"__comment":"element","from":[7.4496,6.4438,6.45],"to":[8.5496,7.4438,7.25],"faces":{"down":{"uv":[13.5,15.5,14.3,16],"texture":"#2"},"up":{"uv":[13.5,15.5,14.3,16],"texture":"#2"},"north":{"uv":[13.5,15.5,14.3,16],"texture":"#2"},"south":{"uv":[13.5,15.5,14.3,16],"texture":"#2"},"west":{"uv":[13.5,15.5,14.3,16],"texture":"#2"},"east":{"uv":[13.5,15.5,14.3,16],"texture":"#2"}}},{"__comment":"element","from":[7.4494,-0.6369,4.9315],"to":[8.5494,2.8981,5.7315],"rotation":{"origin":[7.94943,2.83807,6.68154],"axis":"x","angle":45},"faces":{"down":{"uv":[13.5,15.5,14.3,16],"texture":"#2"},"up":{"uv":[13.5,15.5,14.3,16],"texture":"#2"},"north":{"uv":[13.5,15.5,14.3,16],"texture":"#2"},"south":{"uv":[13.5,15.5,14.3,16],"texture":"#2"},"west":{"uv":[13.5,15.5,14.3,16],"texture":"#2"},"east":{"uv":[13.5,15.5,14.3,16],"texture":"#2"}}},{"__comment":"element","from":[7.4053,5.9987,8.7],"to":[8.505301,6.9987,9.5],"faces":{"down":{"uv":[13.5,15.5,14.3,16],"texture":"#2"},"up":{"uv":[13.5,15.5,14.3,16],"texture":"#2"},"north":{"uv":[13.5,15.5,14.3,16],"texture":"#2"},"south":{"uv":[13.5,15.5,14.3,16],"texture":"#2"},"west":{"uv":[13.5,15.5,14.3,16],"texture":"#2"},"east":{"uv":[13.5,15.5,14.3,16],"texture":"#2"}}},{"__comment":"element","from":[7.4053,1.6732,8.436299],"to":[8.505299,5.6732,9.236299],"rotation":{"origin":[7.90528,5.17324,10.18634],"axis":"x","angle":22.5},"faces":{"down":{"uv":[13.5,15.5,14.3,16],"texture":"#2"},"up":{"uv":[13.5,15.5,14.3,16],"texture":"#2"},"north":{"uv":[13.5,15.5,14.3,16],"texture":"#2"},"south":{"uv":[13.5,15.5,14.3,16],"texture":"#2"},"west":{"uv":[13.5,15.5,14.3,16],"texture":"#2"},"east":{"uv":[13.5,15.5,14.3,16],"texture":"#2"}}},{"__comment":"element","from":[7.4053,-2.2324,6.502],"to":[8.505299,1.7926,7.302],"rotation":{"origin":[7.90528,1.24261,8.25204],"axis":"x","angle":45},"faces":{"down":{"uv":[13.5,15.5,14.3,16],"texture":"#2"},"up":{"uv":[13.5,15.5,14.3,16],"texture":"#2"},"north":{"uv":[13.5,15.5,14.3,16],"texture":"#2"},"south":{"uv":[13.5,15.5,14.3,16],"texture":"#2"},"west":{"uv":[13.5,15.5,14.3,16],"texture":"#2"},"east":{"uv":[13.5,15.5,14.3,16],"texture":"#2"}}},{"__comment":"element","from":[7.4053,-1.425,5.7],"to":[8.505299,2.3,6.5],"rotation":{"origin":[7.90528,2.1,7.45],"axis":"x","angle":45},"faces":{"down":{"uv":[13.5,15.5,14.3,16],"texture":"#2"},"up":{"uv":[13.5,15.5,14.3,16],"texture":"#2"},"north":{"uv":[13.5,15.5,14.3,16],"texture":"#2"},"south":{"uv":[13.5,15.5,14.3,16],"texture":"#2"},"west":{"uv":[13.5,15.5,14.3,16],"texture":"#2"},"east":{"uv":[13.5,15.5,14.3,16],"texture":"#2"}}},{"__comment":"element","from":[7.4053,2.2831,7.3869],"to":[8.505299,5.8831,8.186899],"rotation":{"origin":[7.90528,5.78308,9.13687],"axis":"x","angle":22.5},"faces":{"down":{"uv":[13.5,15.5,14.3,16],"texture":"#2"},"up":{"uv":[13.5,15.5,14.3,16],"texture":"#2"},"north":{"uv":[13.5,15.5,14.3,16],"texture":"#2"},"south":{"uv":[13.5,15.5,14.3,16],"texture":"#2"},"west":{"uv":[13.5,15.5,14.3,16],"texture":"#2"},"east":{"uv":[13.5,15.5,14.3,16],"texture":"#2"}}},{"__comment":"element","from":[7.4049,6.239,7.4979],"to":[8.5049,7.239,8.297899],"faces":{"down":{"uv":[13.5,15.5,14.3,16],"texture":"#2"},"up":{"uv":[13.5,15.5,14.3,16],"texture":"#2"},"north":{"uv":[13.5,15.5,14.3,16],"texture":"#2"},"south":{"uv":[13.5,15.5,14.3,16],"texture":"#2"},"west":{"uv":[13.5,15.5,14.3,16],"texture":"#2"},"east":{"uv":[13.5,15.5,14.3,16],"texture":"#2"}}}],"display":{"thirdperson_righthand":{"translation":[0,1,0.0913],"scale":[0.65,0.65,0.55]},"thirdperson_lefthand":{"translation":[0,1,0.0913],"scale":[0.65,0.65,0.55]},"firstperson_righthand":{"rotation":[0,-7,0],"translation":[1.3913,3.6086,-4.391]},"firstperson_lefthand":{"rotation":[0,-7,0],"translation":[1.3913,3.6086,-4.391]},"gui":{"rotation":[90,48,-90],"translation":[0.6956,-0.195,1],"scale":[0.5,0.5,0.5]},"ground":{"rotation":[0,0,81],"translation":[0,2,0],"scale":[0.5,0.5,0.5]},"fixed":{"rotation":[-90,127,90],"translation":[0.5,0.5,-0.5],"scale":[0.6,0.6,0.5]}}}
