{"textures":{"particle":"customblock/e_particle","0":"customblock/brown_wool","1":"customblock/polished_andesite","2":"customblock/spruce_log"},"elements":[{"from":[7,3,2],"to":[9,5,4],"faces":{"down":{"uv":[0,0,2,2],"texture":"#0"},"up":{"uv":[0,0,2,2],"texture":"#0"},"north":{"uv":[0,0,2,2],"texture":"#0"},"south":{"uv":[0,0,2,2],"texture":"#0"},"west":{"uv":[0,0,2,2],"texture":"#0"},"east":{"uv":[0,0,2,2],"texture":"#0"}}},{"from":[7,4.9,2.4],"to":[9,6.1,2.9],"rotation":{"origin":[8,8,8],"axis":"x","angle":-22.5},"faces":{"down":{"uv":[0,0,2,0.5],"texture":"#0"},"up":{"uv":[0,0,2,0.5],"texture":"#0"},"north":{"uv":[0,0,2,1.2],"texture":"#0"},"south":{"uv":[0,0,2,1.2],"texture":"#0"},"west":{"uv":[0,0,0.5,1.2],"texture":"#0"},"east":{"uv":[0,0,0.5,1.2],"texture":"#0"}}},{"from":[7,1.1,3.9],"to":[9,2.3,4.4],"rotation":{"origin":[8,8,8],"axis":"x","angle":22.5},"faces":{"down":{"uv":[0,0,2,0.5],"texture":"#0"},"up":{"uv":[0,0,2,0.5],"texture":"#0"},"north":{"uv":[0,0,2,1.2],"texture":"#0"},"south":{"uv":[0,0,2,1.2],"texture":"#0"},"west":{"uv":[0,0,0.5,1.2],"texture":"#0"},"east":{"uv":[0,0,0.5,1.2],"texture":"#0"}}},{"from":[7,3.2,1.6],"to":[9,5,4.5],"faces":{"down":{"uv":[0,0,2,2.9],"texture":"#0"},"up":{"uv":[0,0,2,2.9],"texture":"#0"},"north":{"uv":[0,0,2,1.8],"texture":"#0"},"south":{"uv":[0,0,2,1.8],"texture":"#0"},"west":{"uv":[0,0,2.9,1.8],"texture":"#0"},"east":{"uv":[0,0,2.9,1.8],"texture":"#0"}}},{"from":[7,2.2,5.9],"to":[9,4,6.599999],"rotation":{"origin":[8,8,8],"axis":"x","angle":22.5},"faces":{"down":{"uv":[0,0,2,0.6999998],"texture":"#0"},"up":{"uv":[0,0,2,0.6999998],"texture":"#0"},"north":{"uv":[0,0,2,1.8],"texture":"#0"},"south":{"uv":[0,0,2,1.8],"texture":"#0"},"west":{"uv":[0,0,0.7,1.8],"texture":"#0"},"east":{"uv":[0,0,0.7,1.8],"texture":"#0"}}},{"from":[7,2.8,3.2],"to":[9,5.6,5.9],"rotation":{"origin":[8,8,8],"axis":"x","angle":22.5},"faces":{"down":{"uv":[0,0,2,2.7],"texture":"#0"},"up":{"uv":[0,0,2,2.7],"texture":"#0"},"north":{"uv":[0,0,2,2.8],"texture":"#0"},"south":{"uv":[0,0,2,2.8],"texture":"#0"},"west":{"uv":[0,0,2.7,2.8],"texture":"#0"},"east":{"uv":[0,0,2.7,2.8],"texture":"#0"}}},{"from":[7,4.9,2.7],"to":[9,8.7,5.2],"faces":{"down":{"uv":[0,0,2,2.5],"texture":"#0"},"up":{"uv":[0,0,2,2.5],"texture":"#0"},"north":{"uv":[0,0,2,3.8],"texture":"#0"},"south":{"uv":[0,0,2,3.8],"texture":"#0"},"west":{"uv":[0,0,2.5,3.8],"texture":"#0"},"east":{"uv":[0,0,2.5,3.8],"texture":"#0"}}},{"from":[7,7.2,5.2],"to":[9,7.7,6.3],"faces":{"down":{"uv":[0,0,2,1.1],"texture":"#0"},"up":{"uv":[0,0,2,1.1],"texture":"#0"},"north":{"uv":[0,0,2,0.5],"texture":"#0"},"south":{"uv":[0,0,2,0.5],"texture":"#0"},"west":{"uv":[0,0,1.1,0.5],"texture":"#0"},"east":{"uv":[0,0,1.1,0.5],"texture":"#0"}}},{"from":[7,6.4,6.2],"to":[9,6.9,7.1],"rotation":{"origin":[8,8,8],"axis":"x","angle":22.5},"faces":{"down":{"uv":[0,0,2,0.8999996],"texture":"#0"},"up":{"uv":[0,0,2,0.8999996],"texture":"#0"},"north":{"uv":[0,0,2,0.5],"texture":"#0"},"south":{"uv":[0,0,2,0.5],"texture":"#0"},"west":{"uv":[0,0,0.9,0.5],"texture":"#0"},"east":{"uv":[0,0,0.9,0.5],"texture":"#0"}}},{"from":[7,6.2,7],"to":[9,6.7,7.8],"rotation":{"origin":[8,8,8],"axis":"x","angle":45},"faces":{"down":{"uv":[0,0,2,0.8000002],"texture":"#0"},"up":{"uv":[0,0,2,0.8000002],"texture":"#0"},"north":{"uv":[0,0,2,0.5],"texture":"#0"},"south":{"uv":[0,0,2,0.5],"texture":"#0"},"west":{"uv":[0,0,0.8,0.5],"texture":"#0"},"east":{"uv":[0,0,0.8,0.5],"texture":"#0"}}},{"from":[7,6.7,5.3],"to":[9,7.2,6.599999],"rotation":{"origin":[8,8,8],"axis":"x","angle":22.5},"faces":{"down":{"uv":[0,0,2,1.3],"texture":"#0"},"up":{"uv":[0,0,2,1.3],"texture":"#0"},"north":{"uv":[0,0,2,0.5],"texture":"#0"},"south":{"uv":[0,0,2,0.5],"texture":"#0"},"west":{"uv":[0,0,1.3,0.5],"texture":"#0"},"east":{"uv":[0,0,1.3,0.5],"texture":"#0"}}},{"from":[7,5.7,5.5],"to":[9,6.5,6.5],"rotation":{"origin":[8,8,8],"axis":"x","angle":45},"faces":{"down":{"uv":[0,0,2,1],"texture":"#0"},"up":{"uv":[0,0,2,1],"texture":"#0"},"north":{"uv":[0,0,2,0.8000002],"texture":"#0"},"south":{"uv":[0,0,2,0.8000002],"texture":"#0"},"west":{"uv":[0,0,1,0.8000002],"texture":"#0"},"east":{"uv":[0,0,1,0.8000002],"texture":"#0"}}},{"from":[7,8.2,2.7],"to":[9,9.4,5.2],"faces":{"down":{"uv":[0,0,2,2.5],"texture":"#0"},"up":{"uv":[0,0,2,2.5],"texture":"#0"},"north":{"uv":[0,0,2,1.2],"texture":"#0"},"south":{"uv":[0,0,2,1.2],"texture":"#0"},"west":{"uv":[0,0,2.5,1.2],"texture":"#0"},"east":{"uv":[0,0,2.5,1.2],"texture":"#0"}}},{"from":[7,10.3,5.5],"to":[9,10.8,6],"rotation":{"origin":[8,8,8],"axis":"x","angle":-22.5},"faces":{"down":{"uv":[0,0,2,0.5],"texture":"#0"},"up":{"uv":[0,0,2,0.5],"texture":"#0"},"north":{"uv":[0,0,2,0.5],"texture":"#0"},"south":{"uv":[0,0,2,0.5],"texture":"#0"},"west":{"uv":[0,0,0.5,0.5],"texture":"#0"},"east":{"uv":[0,0,0.5,0.5],"texture":"#0"}}},{"from":[7,11.3,6.3],"to":[9,11.7,7.199999],"rotation":{"origin":[8,8,8],"axis":"x","angle":-45},"faces":{"down":{"uv":[0,0,2,0.8999996],"texture":"#0"},"up":{"uv":[0,0,2,0.8999996],"texture":"#0"},"north":{"uv":[0,0,2,0.3999996],"texture":"#0"},"south":{"uv":[0,0,2,0.3999996],"texture":"#0"},"west":{"uv":[0,0,0.9,0.3999996],"texture":"#0"},"east":{"uv":[0,0,0.9,0.3999996],"texture":"#0"}}},{"from":[7,9.3,2.7],"to":[9,10.1,4.8],"faces":{"down":{"uv":[0,0,2,2.1],"texture":"#0"},"up":{"uv":[0,0,2,2.1],"texture":"#0"},"north":{"uv":[0,0,2,0.8000002],"texture":"#0"},"south":{"uv":[0,0,2,0.8000002],"texture":"#0"},"west":{"uv":[0,0,2.1,0.8000002],"texture":"#0"},"east":{"uv":[0,0,2.1,0.8000002],"texture":"#0"}}},{"from":[7.3,7.4,3.7],"to":[8.799999,11.1,6.9],"faces":{"down":{"uv":[0,0,1.5,3.2],"texture":"#1"},"up":{"uv":[0,0,1.5,3.2],"texture":"#1"},"north":{"uv":[0,0,1.5,3.5],"texture":"#1"},"south":{"uv":[0,0,1.5,3.5],"texture":"#1"},"west":{"uv":[0,0,3.2,3.5],"texture":"#1"},"east":{"uv":[0,0,3.2,3.5],"texture":"#1"}}},{"from":[7.3,12.3,5.9],"to":[8.799999,13.1,7],"rotation":{"origin":[8,8,8],"axis":"x","angle":-45},"faces":{"down":{"uv":[0,0,1.5,1.1],"texture":"#1"},"up":{"uv":[0,0,1.5,1.1],"texture":"#1"},"north":{"uv":[0,0,1.5,0.8000002],"texture":"#1"},"south":{"uv":[0,0,1.5,0.8000002],"texture":"#1"},"west":{"uv":[0,0,1.1,0.8000002],"texture":"#1"},"east":{"uv":[0,0,1.1,0.8000002],"texture":"#1"}}},{"from":[7.3,10,7.6],"to":[8.799999,10.5,8.8],"rotation":{"origin":[8,8,8],"axis":"x","angle":-22.5},"faces":{"down":{"uv":[0,0,1.5,1.2],"texture":"#1"},"up":{"uv":[0,0,1.5,1.2],"texture":"#1"},"north":{"uv":[0,0,1.5,0.5],"texture":"#1"},"south":{"uv":[0,0,1.5,0.5],"texture":"#1"},"west":{"uv":[0,0,1.2,0.5],"texture":"#1"},"east":{"uv":[0,0,1.2,0.5],"texture":"#1"}}},{"from":[7.3,10.1,6.9],"to":[8.799999,11.1,13.7],"faces":{"down":{"uv":[0,0,1.5,3.2],"texture":"#1"},"up":{"uv":[0,0,1.5,3.2],"texture":"#1"},"north":{"uv":[0,0,1.5,0.5],"texture":"#1"},"south":{"uv":[0,0,1.5,0.5],"texture":"#1"},"west":{"uv":[0,0,3.2,0.5],"texture":"#1"},"east":{"uv":[0,0,3.2,0.5],"texture":"#1"}}},{"from":[7.3,11,9.5],"to":[8.799999,11.5,10.7],"rotation":{"origin":[8,8,8],"axis":"x","angle":22.5},"faces":{"down":{"uv":[0,0,1.5,1.2],"texture":"#1"},"up":{"uv":[0,0,1.5,1.2],"texture":"#1"},"north":{"uv":[0,0,1.5,0.5],"texture":"#1"},"south":{"uv":[0,0,1.5,0.5],"texture":"#1"},"west":{"uv":[0,0,1.2,0.5],"texture":"#1"},"east":{"uv":[0,0,1.2,0.5],"texture":"#1"}}},{"from":[7.3,11.8,9.099999],"to":[8.799999,12.8,9.799999],"rotation":{"origin":[8,8,8],"axis":"x","angle":45},"faces":{"down":{"uv":[0,0,1.5,0.6999998],"texture":"#1"},"up":{"uv":[0,0,1.5,0.6999998],"texture":"#1"},"north":{"uv":[0,0,1.5,1],"texture":"#1"},"south":{"uv":[0,0,1.5,1],"texture":"#1"},"west":{"uv":[0,0,0.7,1],"texture":"#1"},"east":{"uv":[0,0,0.7,1],"texture":"#1"}}},{"from":[7.6,8.099999,11.7],"to":[8.4,9.699999,12],"faces":{"down":{"uv":[0,0,1.5,0.3999996],"texture":"#1"},"up":{"uv":[0,0,1.5,0.3999996],"texture":"#1"},"north":{"uv":[0,0,1.5,1.6],"texture":"#1"},"south":{"uv":[0,0,1.5,1.6],"texture":"#1"},"west":{"uv":[0,0,0.4,1.6],"texture":"#1"},"east":{"uv":[0,0,0.4,1.6],"texture":"#1"}}},{"from":[7.6,8.3,11.3],"to":[8.4,9.8,11.6],"rotation":{"origin":[8,8,8],"axis":"x","angle":22.5},"faces":{"down":{"uv":[0,0,1.5,0.3999996],"texture":"#1"},"up":{"uv":[0,0,1.5,0.3999996],"texture":"#1"},"north":{"uv":[0,0,1.5,1.6],"texture":"#1"},"south":{"uv":[0,0,1.5,1.6],"texture":"#1"},"west":{"uv":[0,0,0.4,1.6],"texture":"#1"},"east":{"uv":[0,0,0.4,1.6],"texture":"#1"}}},{"from":[7.6,8.5,10.9],"to":[8.4,9.8,11.2],"rotation":{"origin":[8,8,8],"axis":"x","angle":45},"faces":{"down":{"uv":[0,0,1.5,0.3999996],"texture":"#1"},"up":{"uv":[0,0,1.5,0.3999996],"texture":"#1"},"north":{"uv":[0,0,1.5,1.6],"texture":"#1"},"south":{"uv":[0,0,1.5,1.6],"texture":"#1"},"west":{"uv":[0,0,0.4,1.6],"texture":"#1"},"east":{"uv":[0,0,0.4,1.6],"texture":"#1"}}},{"from":[7.6,6.1,7.8],"to":[8.4,6.4,10.6],"faces":{"down":{"uv":[0,0,1.5,0.3999996],"texture":"#1"},"up":{"uv":[0,0,1.5,0.3999996],"texture":"#1"},"north":{"uv":[0,0,1.5,1.6],"texture":"#1"},"south":{"uv":[0,0,1.5,1.6],"texture":"#1"},"west":{"uv":[0,0,0.4,1.6],"texture":"#1"},"east":{"uv":[0,0,0.4,1.6],"texture":"#1"}}},{"from":[7.6,6.2,7.7],"to":[8.4,6.5,8.6],"rotation":{"origin":[8,8,8],"axis":"x","angle":22.5},"faces":{"down":{"uv":[0,0,1.5,0.3999996],"texture":"#1"},"up":{"uv":[0,0,1.5,0.3999996],"texture":"#1"},"north":{"uv":[0,0,1.5,1.6],"texture":"#1"},"south":{"uv":[0,0,1.5,1.6],"texture":"#1"},"west":{"uv":[0,0,0.4,1.6],"texture":"#1"},"east":{"uv":[0,0,0.4,1.6],"texture":"#1"}}},{"from":[7.6,6.2,7.9],"to":[8.4,6.5,8.5],"rotation":{"origin":[8,8,8],"axis":"x","angle":45},"faces":{"down":{"uv":[0,0,1.5,0.3999996],"texture":"#1"},"up":{"uv":[0,0,1.5,0.3999996],"texture":"#1"},"north":{"uv":[0,0,1.5,1.6],"texture":"#1"},"south":{"uv":[0,0,1.5,1.6],"texture":"#1"},"west":{"uv":[0,0,0.4,1.6],"texture":"#1"},"east":{"uv":[0,0,0.4,1.6],"texture":"#1"}}},{"from":[7.6,6.8,6.7],"to":[8.4,7.5,7.1],"faces":{"down":{"uv":[0,0,1.5,0.3999996],"texture":"#1"},"up":{"uv":[0,0,1.5,0.3999996],"texture":"#1"},"north":{"uv":[0,0,1.5,1.6],"texture":"#1"},"south":{"uv":[0,0,1.5,1.6],"texture":"#1"},"west":{"uv":[0,0,0.4,1.6],"texture":"#1"},"east":{"uv":[0,0,0.4,1.6],"texture":"#1"}}},{"from":[7.6,7.9,6.6],"to":[8.4,8.6,7],"rotation":{"origin":[8,8,8],"axis":"x","angle":-22.5},"faces":{"down":{"uv":[0,0,1.5,0.3999996],"texture":"#1"},"up":{"uv":[0,0,1.5,0.3999996],"texture":"#1"},"north":{"uv":[0,0,1.5,1.6],"texture":"#1"},"south":{"uv":[0,0,1.5,1.6],"texture":"#1"},"west":{"uv":[0,0,0.4,1.6],"texture":"#1"},"east":{"uv":[0,0,0.4,1.6],"texture":"#1"}}},{"from":[7.6,9.5,7.5],"to":[8.4,10.1,8.7],"faces":{"down":{"uv":[0,0,1.5,0.3999996],"texture":"#1"},"up":{"uv":[0,0,1.5,0.3999996],"texture":"#1"},"north":{"uv":[0,0,1.5,1.6],"texture":"#1"},"south":{"uv":[0,0,1.5,1.6],"texture":"#1"},"west":{"uv":[0,0,0.4,1.6],"texture":"#1"},"east":{"uv":[0,0,0.4,1.6],"texture":"#1"}}},{"from":[7.6,9.099999,7],"to":[8.4,9.699999,8.1],"rotation":{"origin":[8,8,8],"axis":"x","angle":22.5},"faces":{"down":{"uv":[0,0,1.5,0.3999996],"texture":"#1"},"up":{"uv":[0,0,1.5,0.3999996],"texture":"#1"},"north":{"uv":[0,0,1.5,1.6],"texture":"#1"},"south":{"uv":[0,0,1.5,1.6],"texture":"#1"},"west":{"uv":[0,0,0.4,1.6],"texture":"#1"},"east":{"uv":[0,0,0.4,1.6],"texture":"#1"}}},{"from":[7.6,8.3,8],"to":[8.4,9.3,8.5],"faces":{"down":{"uv":[0,0,1.5,0.3999996],"texture":"#1"},"up":{"uv":[0,0,1.5,0.3999996],"texture":"#1"},"north":{"uv":[0,0,1.5,1.6],"texture":"#1"},"south":{"uv":[0,0,1.5,1.6],"texture":"#1"},"west":{"uv":[0,0,0.4,1.6],"texture":"#1"},"east":{"uv":[0,0,0.4,1.6],"texture":"#1"}}},{"from":[7.6,7.7,8.099999],"to":[8.4,8.3,8.599999],"rotation":{"origin":[8,8,8],"axis":"x","angle":-22.5},"faces":{"down":{"uv":[0,0,1.5,0.3999996],"texture":"#1"},"up":{"uv":[0,0,1.5,0.3999996],"texture":"#1"},"north":{"uv":[0,0,1.5,1.6],"texture":"#1"},"south":{"uv":[0,0,1.5,1.6],"texture":"#1"},"west":{"uv":[0,0,0.4,1.6],"texture":"#1"},"east":{"uv":[0,0,0.4,1.6],"texture":"#1"}}},{"from":[7.6,6.8,8],"to":[8.4,7.699999,8.5],"rotation":{"origin":[8,8,8],"axis":"x","angle":-45},"faces":{"down":{"uv":[0,0,1.5,0.3999996],"texture":"#1"},"up":{"uv":[0,0,1.5,0.3999996],"texture":"#1"},"north":{"uv":[0,0,1.5,1.6],"texture":"#1"},"south":{"uv":[0,0,1.5,1.6],"texture":"#1"},"west":{"uv":[0,0,0.4,1.6],"texture":"#1"},"east":{"uv":[0,0,0.4,1.6],"texture":"#1"}}},{"from":[7.3,11.9,5.2],"to":[8.799999,12.6,8.4],"rotation":{"origin":[8,8,8],"axis":"x","angle":-22.5},"faces":{"down":{"uv":[0,0,1.5,3.2],"texture":"#1"},"up":{"uv":[0,0,1.5,3.2],"texture":"#1"},"north":{"uv":[0,0,1.5,0.6999998],"texture":"#1"},"south":{"uv":[0,0,1.5,3.5],"texture":"#1"},"west":{"uv":[0,0,3.2,3.5],"texture":"#1"},"east":{"uv":[0,0,3.2,3.5],"texture":"#1"}}},{"from":[7.3,11.7,9.2],"to":[8.799999,12.4,12.4],"rotation":{"origin":[8,8,8],"axis":"x","angle":-45},"faces":{"down":{"uv":[0,0,1.5,3.2],"texture":"#1"},"up":{"uv":[0,0,1.5,3.2],"texture":"#1"},"north":{"uv":[0,0,1.5,0.6999998],"texture":"#1"},"south":{"uv":[0,0,1.5,3.5],"texture":"#1"},"west":{"uv":[0,0,3.2,3.5],"texture":"#1"},"east":{"uv":[0,0,3.2,3.5],"texture":"#1"}}},{"from":[7.3,11.1,4.9],"to":[8.799999,11.7,8.1],"faces":{"down":{"uv":[0,0,1.5,3.2],"texture":"#1"},"up":{"uv":[0,0,1.5,3.2],"texture":"#1"},"north":{"uv":[0,0,1.5,0.6000004],"texture":"#1"},"south":{"uv":[0,0,1.5,0.5],"texture":"#1"},"west":{"uv":[0,0,3.2,0.5],"texture":"#1"},"east":{"uv":[0,0,3.2,0.5],"texture":"#1"}}},{"from":[7.3,11.7,6.1],"to":[8.799999,12.3,8.1],"faces":{"down":{"uv":[0,0,1.5,3.2],"texture":"#1"},"up":{"uv":[0,0,1.5,3.2],"texture":"#1"},"north":{"uv":[0,0,1.5,0.6000004],"texture":"#1"},"south":{"uv":[0,0,1.5,0.5],"texture":"#1"},"west":{"uv":[0,0,3.2,0.5],"texture":"#1"},"east":{"uv":[0,0,3.2,0.5],"texture":"#1"}}},{"from":[7.3,12.3,7.1],"to":[8.799999,13.3,8.1],"faces":{"down":{"uv":[0,0,1.5,3.2],"texture":"#1"},"up":{"uv":[0,0,1.5,3.2],"texture":"#1"},"north":{"uv":[0,0,1.5,1],"texture":"#1"},"south":{"uv":[0,0,1.5,0.5],"texture":"#1"},"west":{"uv":[0,0,3.2,0.5],"texture":"#1"},"east":{"uv":[0,0,3.2,0.5],"texture":"#1"}}},{"from":[7.3,11.1,7.8],"to":[8.799999,14.7,8.699999],"faces":{"down":{"uv":[0,0,1.5,3.2],"texture":"#1"},"up":{"uv":[0,0,1.5,3.2],"texture":"#1"},"north":{"uv":[0,0,1.5,3.6],"texture":"#1"},"south":{"uv":[0,0,1.5,0.5],"texture":"#1"},"west":{"uv":[0,0,3.2,0.5],"texture":"#1"},"east":{"uv":[0,0,3.2,0.5],"texture":"#1"}}},{"from":[7.5,12.1,10.2],"to":[8.5,13.5,10.6],"rotation":{"origin":[8,8,8],"axis":"x","angle":-45},"faces":{"down":{"uv":[0,0,1.5,3.2],"texture":"#1"},"up":{"uv":[0,0,1.5,3.2],"texture":"#1"},"north":{"uv":[0,0,1,1.4],"texture":"#1"},"south":{"uv":[0,0,1.5,0.5],"texture":"#1"},"west":{"uv":[0,0,3.2,0.5],"texture":"#1"},"east":{"uv":[0,0,3.2,0.5],"texture":"#1"}}},{"from":[7.5,13.4,5.2],"to":[8.5,13.8,5.9],"faces":{"down":{"uv":[0,0,1.5,3.2],"texture":"#1"},"up":{"uv":[0,0,1.5,3.2],"texture":"#1"},"north":{"uv":[0,0,1,0.3999996],"texture":"#1"},"south":{"uv":[0,0,1.5,0.5],"texture":"#1"},"west":{"uv":[0,0,3.2,0.5],"texture":"#1"},"east":{"uv":[0,0,3.2,0.5],"texture":"#1"}}},{"from":[7.5,11.9,4.3],"to":[8.5,12.3,5],"rotation":{"origin":[8,8,8],"axis":"x","angle":22.5},"faces":{"down":{"uv":[0,0,1.5,3.2],"texture":"#1"},"up":{"uv":[0,0,1.5,3.2],"texture":"#1"},"north":{"uv":[0,0,1,0.3999996],"texture":"#1"},"south":{"uv":[0,0,1.5,0.5],"texture":"#1"},"west":{"uv":[0,0,3.2,0.5],"texture":"#1"},"east":{"uv":[0,0,3.2,0.5],"texture":"#1"}}},{"from":[7.5,12.9,8.599999],"to":[8.5,13.3,9.299999],"rotation":{"origin":[8,8,8],"axis":"x","angle":-22.5},"faces":{"down":{"uv":[0,0,1.5,3.2],"texture":"#1"},"up":{"uv":[0,0,1.5,3.2],"texture":"#1"},"north":{"uv":[0,0,1,0.3999996],"texture":"#1"},"south":{"uv":[0,0,1.5,0.5],"texture":"#1"},"west":{"uv":[0,0,3.2,0.5],"texture":"#1"},"east":{"uv":[0,0,3.2,0.5],"texture":"#1"}}},{"from":[7.3,10.7,13.7],"to":[8.799999,14.3,15],"faces":{"down":{"uv":[0,0,1.5,3.2],"texture":"#1"},"up":{"uv":[0,0,1.5,3.2],"texture":"#1"},"north":{"uv":[0,0,1.5,3.6],"texture":"#1"},"south":{"uv":[0,0,1.5,0.5],"texture":"#1"},"west":{"uv":[0,0,3.2,0.5],"texture":"#1"},"east":{"uv":[0,0,3.2,0.5],"texture":"#1"}}},{"from":[7.8,12.5,8.7],"to":[8.199999,12.9,13.7],"faces":{"down":{"uv":[0,0,1.5,3.2],"texture":"#2"},"up":{"uv":[0,0,1.5,3.2],"texture":"#2"},"north":{"uv":[0,0,1.5,0.5],"texture":"#2"},"south":{"uv":[0,0,1.5,0.5],"texture":"#2"},"west":{"uv":[0,0,3.2,0.5],"texture":"#2"},"east":{"uv":[0,0,3.2,0.5],"texture":"#2"}}},{"from":[7.3,14.3,8.4],"to":[8.799999,15,15],"faces":{"down":{"uv":[0,0,1.5,3.2],"texture":"#1"},"up":{"uv":[0,0,1.5,3.2],"texture":"#1"},"north":{"uv":[0,0,1.5,0.6999998],"texture":"#1"},"south":{"uv":[0,0,1.5,0.5],"texture":"#1"},"west":{"uv":[0,0,3.2,0.5],"texture":"#1"},"east":{"uv":[0,0,3.2,0.5],"texture":"#1"}}},{"from":[6.5,11.2,8.8],"to":[9.5,14.2,13.4],"faces":{"down":{"uv":[0,0,1.5,3.2],"texture":"#1"},"up":{"uv":[0,0,1.5,3.2],"texture":"#1"},"north":{"uv":[0,0,3,3],"texture":"#1"},"south":{"uv":[0,0,1.5,0.5],"texture":"#1"},"west":{"uv":[0,0,3.2,0.5],"texture":"#1"},"east":{"uv":[0,0,3.2,0.5],"texture":"#1"}}},{"from":[3.1,9.9,8.8],"to":[6.1,12.9,13.4],"rotation":{"origin":[8,8,8],"axis":"z","angle":-45},"faces":{"down":{"uv":[0,0,1.5,3.2],"texture":"#1"},"up":{"uv":[0,0,1.5,3.2],"texture":"#1"},"north":{"uv":[0,0,3,3],"texture":"#1"},"south":{"uv":[0,0,1.5,0.5],"texture":"#1"},"west":{"uv":[0,0,3.2,0.5],"texture":"#1"},"east":{"uv":[0,0,3.2,0.5],"texture":"#1"}}},{"from":[7.5,15,8.4],"to":[8.5,15.2,10.3],"faces":{"down":{"uv":[0,0,1.5,3.2],"texture":"#0"},"up":{"uv":[0,0,1.5,3.2],"texture":"#0"},"north":{"uv":[0,0,1,0.1999998],"texture":"#0"},"south":{"uv":[0,0,1.5,0.5],"texture":"#0"},"west":{"uv":[0,0,3.2,0.5],"texture":"#0"},"east":{"uv":[0,0,3.2,0.5],"texture":"#0"}}},{"from":[7.5,15.2,8.4],"to":[8.5,15.6,8.7],"faces":{"down":{"uv":[0,0,1.5,3.2],"texture":"#0"},"up":{"uv":[0,0,1.5,3.2],"texture":"#0"},"north":{"uv":[0,0,1,0.3999996],"texture":"#0"},"south":{"uv":[0,0,1.5,0.5],"texture":"#0"},"west":{"uv":[0,0,3.2,0.5],"texture":"#0"},"east":{"uv":[0,0,3.2,0.5],"texture":"#0"}}},{"from":[7.5,14.3,11.3],"to":[8.5,14.7,11.6],"rotation":{"origin":[8,8,8],"axis":"x","angle":-22.5},"faces":{"down":{"uv":[0,0,1.5,3.2],"texture":"#0"},"up":{"uv":[0,0,1.5,3.2],"texture":"#0"},"north":{"uv":[0,0,1,0.3999996],"texture":"#0"},"south":{"uv":[0,0,1.5,0.5],"texture":"#0"},"west":{"uv":[0,0,3.2,0.5],"texture":"#0"},"east":{"uv":[0,0,3.2,0.5],"texture":"#0"}}},{"from":[7.3,13.6,12.5],"to":[8.799999,14.8,13.2],"rotation":{"origin":[8,8,8],"axis":"x","angle":22.5},"faces":{"down":{"uv":[0,0,1.5,3.2],"texture":"#1"},"up":{"uv":[0,0,1.5,3.2],"texture":"#1"},"north":{"uv":[0,0,1.5,1.2],"texture":"#1"},"south":{"uv":[0,0,1.5,0.5],"texture":"#1"},"west":{"uv":[0,0,3.2,0.5],"texture":"#1"},"east":{"uv":[0,0,3.2,0.5],"texture":"#1"}}},{"from":[7.3,12.2,15],"to":[8.799999,15,15.5],"faces":{"down":{"uv":[0,0,1.5,3.2],"texture":"#1"},"up":{"uv":[0,0,1.5,3.2],"texture":"#1"},"north":{"uv":[0,0,1.5,2.8],"texture":"#1"},"south":{"uv":[0,0,1.5,0.5],"texture":"#1"},"west":{"uv":[0,0,3.2,0.5],"texture":"#1"},"east":{"uv":[0,0,3.2,0.5],"texture":"#1"}}},{"from":[7.5,11.8,15.1],"to":[8.5,14.9,22.7],"faces":{"down":{"uv":[0,0,1.5,3.2],"texture":"#1"},"up":{"uv":[0,0,1.5,3.2],"texture":"#1"},"north":{"uv":[0,0,1,3.1],"texture":"#1"},"south":{"uv":[0,0,1.5,0.5],"texture":"#1"},"west":{"uv":[0,0,3.2,0.5],"texture":"#1"},"east":{"uv":[0,0,3.2,0.5],"texture":"#1"}}},{"from":[7.5,14.9,21],"to":[8.5,15.3,23],"faces":{"down":{"uv":[0,0,1.5,3.2],"texture":"#1"},"up":{"uv":[0,0,1.5,3.2],"texture":"#1"},"north":{"uv":[0,0,1,0.3999996],"texture":"#1"},"south":{"uv":[0,0,1.5,0.5],"texture":"#1"},"west":{"uv":[0,0,3.2,0.5],"texture":"#1"},"east":{"uv":[0,0,3.2,0.5],"texture":"#1"}}},{"from":[7.5,9.4,21.7],"to":[8.5,9.8,22.8],"rotation":{"origin":[8,8,8],"axis":"x","angle":-22.5},"faces":{"down":{"uv":[0,0,1.5,3.2],"texture":"#1"},"up":{"uv":[0,0,1.5,3.2],"texture":"#1"},"north":{"uv":[0,0,1,0.3999996],"texture":"#1"},"south":{"uv":[0,0,1.5,0.5],"texture":"#1"},"west":{"uv":[0,0,3.2,0.5],"texture":"#1"},"east":{"uv":[0,0,3.2,0.5],"texture":"#1"}}},{"from":[7.5,15.3,22],"to":[8.5,15.5,23],"faces":{"down":{"uv":[0,0,1.5,3.2],"texture":"#0"},"up":{"uv":[0,0,1.5,3.2],"texture":"#0"},"north":{"uv":[0,0,1,0.1999998],"texture":"#0"},"south":{"uv":[0,0,1.5,0.5],"texture":"#0"},"west":{"uv":[0,0,3.2,0.5],"texture":"#0"},"east":{"uv":[0,0,3.2,0.5],"texture":"#0"}}},{"from":[7.5,8,23.7],"to":[8.5,9,24.7],"rotation":{"origin":[8,8,8],"axis":"x","angle":-22.5},"faces":{"down":{"uv":[0,0,1.5,3.2],"texture":"#1"},"up":{"uv":[0,0,1.5,3.2],"texture":"#1"},"north":{"uv":[0,0,1,1],"texture":"#1"},"south":{"uv":[0,0,1.5,0.5],"texture":"#1"},"west":{"uv":[0,0,3.2,0.5],"texture":"#1"},"east":{"uv":[0,0,3.2,0.5],"texture":"#1"}}},{"from":[7.5,13.4,22.4],"to":[8.5,14.4,23.4],"faces":{"down":{"uv":[0,0,1.5,3.2],"texture":"#1"},"up":{"uv":[0,0,1.5,3.2],"texture":"#1"},"north":{"uv":[0,0,1,1],"texture":"#1"},"south":{"uv":[0,0,1.5,0.5],"texture":"#0"},"west":{"uv":[0,0,3.2,0.5],"texture":"#1"},"east":{"uv":[0,0,3.2,0.5],"texture":"#1"}}},{"from":[7.5,17.2,19.2],"to":[8.5,18.9,20.2],"rotation":{"origin":[8,8,8],"axis":"x","angle":22.5},"faces":{"down":{"uv":[0,0,1.5,3.2],"texture":"#1"},"up":{"uv":[0,0,1.5,3.2],"texture":"#1"},"north":{"uv":[0,0,1,1.7],"texture":"#1"},"south":{"uv":[0,0,1.5,0.5],"texture":"#1"},"west":{"uv":[0,0,3.2,0.5],"texture":"#1"},"east":{"uv":[0,0,3.2,0.5],"texture":"#1"}}},{"from":[6.7,13.4,13.7],"to":[9.3,14.2,22.3],"faces":{"down":{"uv":[0,0,1.5,3.2],"texture":"#1"},"up":{"uv":[0,0,1.5,3.2],"texture":"#1"},"north":{"uv":[0,0,2.6,0.8000002],"texture":"#1"},"south":{"uv":[0,0,1.5,0.5],"texture":"#1"},"west":{"uv":[0,0,3.2,0.5],"texture":"#1"},"east":{"uv":[0,0,3.2,0.5],"texture":"#1"}}},{"from":[6.9,14.2,13.7],"to":[9.1,14.4,22.3],"faces":{"down":{"uv":[0,0,1.5,3.2],"texture":"#1"},"up":{"uv":[0,0,1.5,3.2],"texture":"#1"},"north":{"uv":[0,0,2.2,0.1999998],"texture":"#1"},"south":{"uv":[0,0,1.5,0.5],"texture":"#1"},"west":{"uv":[0,0,3.2,0.5],"texture":"#1"},"east":{"uv":[0,0,3.2,0.5],"texture":"#1"}}},{"from":[6.9,13.2,13.7],"to":[9.1,13.4,22.3],"faces":{"down":{"uv":[0,0,1.5,3.2],"texture":"#1"},"up":{"uv":[0,0,1.5,3.2],"texture":"#1"},"north":{"uv":[0,0,2.2,0.1999998],"texture":"#1"},"south":{"uv":[0,0,1.5,0.5],"texture":"#1"},"west":{"uv":[0,0,3.2,0.5],"texture":"#1"},"east":{"uv":[0,0,3.2,0.5],"texture":"#1"}}},{"from":[7.1,13,13.7],"to":[8.9,13.2,22.3],"faces":{"down":{"uv":[0,0,1.5,3.2],"texture":"#1"},"up":{"uv":[0,0,1.5,3.2],"texture":"#1"},"north":{"uv":[0,0,1.8,0.1999998],"texture":"#1"},"south":{"uv":[0,0,1.5,0.5],"texture":"#1"},"west":{"uv":[0,0,3.2,0.5],"texture":"#1"},"east":{"uv":[0,0,3.2,0.5],"texture":"#1"}}},{"from":[7.1,14.4,13.7],"to":[8.9,14.6,22.3],"faces":{"down":{"uv":[0,0,1.5,3.2],"texture":"#1"},"up":{"uv":[0,0,1.5,3.2],"texture":"#1"},"north":{"uv":[0,0,1.8,0.1999998],"texture":"#1"},"south":{"uv":[0,0,1.5,0.5],"texture":"#1"},"west":{"uv":[0,0,3.2,0.5],"texture":"#1"},"east":{"uv":[0,0,3.2,0.5],"texture":"#1"}}}],"display":{"thirdperson_righthand":{"rotation":[180,0,180],"translation":[0,-0.849,0],"scale":[0.35,0.35,0.35]},"thirdperson_lefthand":{"rotation":[180,0,180],"translation":[0,-0.849,0],"scale":[0.35,0.35,0.35]},"firstperson_righthand":{"rotation":[180,0,180],"translation":[3.519,0,-2],"scale":[0.5,0.5,0.5]},"firstperson_lefthand":{"rotation":[180,0,180],"translation":[3.519,0,-2],"scale":[0.5,0.5,0.5]},"gui":{"rotation":[-83,-55,-73],"translation":[1.4347,-1.852,0.4],"scale":[0.55,0.55,0.55]},"ground":{"scale":[0.4,0.4,0.4]},"fixed":{"rotation":[0,90,0]}}}
