{"textures":{"particle":"customblock/wool_colored_light_black","0":"customblock/wool_colored_light_black","1":"customblock/cyan_terracotta"},"elements":[{"from":[7.5,0,15.7],"to":[8.5,3,17.1],"faces":{"down":{"uv":[3.5,13.5,4.24,14.15],"texture":"#0"},"up":{"uv":[3.5,13.5,4.24,14.15],"texture":"#0"},"north":{"uv":[3.5,13.5,4.24,14.15],"texture":"#0"},"south":{"uv":[3.5,13.5,4.24,14.15],"texture":"#0"},"west":{"uv":[3.5,13.5,4.24,14.15],"texture":"#0"},"east":{"uv":[3.5,13.5,4.24,14.15],"texture":"#0"}}},{"from":[7.65,4,12],"to":[8.35,4.8,19],"rotation":{"origin":[15.65,8,8],"axis":"x","angle":22.5},"faces":{"down":{"uv":[9,2.5,9.74,3.15],"texture":"#1"},"up":{"uv":[9,2.5,9.74,3.15],"texture":"#1"},"north":{"uv":[9,2.5,9.74,3.15],"texture":"#1"},"south":{"uv":[9,2.5,9.74,3.15],"texture":"#1"},"west":{"uv":[9,2.5,9.74,3.15],"texture":"#1"},"east":{"uv":[9,2.5,9.74,3.15],"texture":"#1"}}},{"from":[7.5,2,12],"to":[8.5,3,15],"faces":{"down":{"uv":[3.5,13.5,4.24,14.15],"texture":"#0"},"up":{"uv":[3.5,13.5,4.24,14.15],"texture":"#0"},"north":{"uv":[3.5,13.5,4.24,14.15],"texture":"#0"},"south":{"uv":[3.5,13.5,4.24,14.15],"texture":"#0"},"west":{"uv":[3.5,13.5,4.24,14.15],"texture":"#0"},"east":{"uv":[3.5,13.5,4.24,14.15],"texture":"#0"}}},{"from":[13.39,-1.2,12],"to":[13.79,-0.6999999,15],"rotation":{"origin":[15.5,8,8],"axis":"z","angle":-45},"faces":{"down":{"uv":[3.5,13.5,4.24,14.15],"texture":"#0"},"up":{"uv":[3.5,13.5,4.24,14.15],"texture":"#0"},"north":{"uv":[3.5,13.5,4.24,14.15],"texture":"#0"},"south":{"uv":[3.5,13.5,4.24,14.15],"texture":"#0"},"west":{"uv":[3.5,13.5,4.24,14.15],"texture":"#0"},"east":{"uv":[3.5,13.5,4.24,14.15],"texture":"#0"}}},{"from":[2.21,-1.2,12],"to":[2.61,-0.6999999,15],"rotation":{"origin":[0.5,8,8],"axis":"z","angle":45},"faces":{"down":{"uv":[3.5,13.5,4.24,14.15],"texture":"#0"},"up":{"uv":[3.5,13.5,4.24,14.15],"texture":"#0"},"north":{"uv":[3.5,13.5,4.24,14.15],"texture":"#0"},"south":{"uv":[3.5,13.5,4.24,14.15],"texture":"#0"},"west":{"uv":[3.5,13.5,4.24,14.15],"texture":"#0"},"east":{"uv":[3.5,13.5,4.24,14.15],"texture":"#0"}}},{"from":[7.85,2.33,12],"to":[8.15,3.33,15],"faces":{"down":{"uv":[3.5,13.5,4.24,14.15],"texture":"#0"},"up":{"uv":[3.5,13.5,4.24,14.15],"texture":"#0"},"north":{"uv":[3.5,13.5,4.24,14.15],"texture":"#0"},"south":{"uv":[3.5,13.5,4.24,14.15],"texture":"#0"},"west":{"uv":[3.5,13.5,4.24,14.15],"texture":"#0"},"east":{"uv":[3.5,13.5,4.24,14.15],"texture":"#0"}}},{"from":[7.475,3,5.6],"to":[8.525,4,6.6],"rotation":{"origin":[15.475,8,8],"axis":"x","angle":-45},"faces":{"down":{"uv":[3.5,13.5,4.24,14.15],"texture":"#0"},"up":{"uv":[3.5,13.5,4.24,14.15],"texture":"#0"},"north":{"uv":[3.5,13.5,4.24,14.15],"texture":"#0"},"south":{"uv":[3.5,13.5,4.24,14.15],"texture":"#0"},"west":{"uv":[3.5,13.5,4.24,14.15],"texture":"#0"},"east":{"uv":[3.5,13.5,4.24,14.15],"texture":"#0"}}},{"from":[7.475,1.84,7.62],"to":[8.525,2.84,8.62],"rotation":{"origin":[15.475,8,8],"axis":"x","angle":-22.5},"faces":{"down":{"uv":[3.5,13.5,4.24,14.15],"texture":"#0"},"up":{"uv":[3.5,13.5,4.24,14.15],"texture":"#0"},"north":{"uv":[3.5,13.5,4.24,14.15],"texture":"#0"},"south":{"uv":[3.5,13.5,4.24,14.15],"texture":"#0"},"west":{"uv":[3.5,13.5,4.24,14.15],"texture":"#0"},"east":{"uv":[3.5,13.5,4.24,14.15],"texture":"#0"}}},{"from":[7.475,-0.16,7.63],"to":[8.525,2.54,8.549999],"rotation":{"origin":[15.475,8,8],"axis":"x","angle":-22.5},"faces":{"down":{"uv":[3.5,13.5,4.24,14.15],"texture":"#0"},"up":{"uv":[3.5,13.5,4.24,14.15],"texture":"#0"},"north":{"uv":[3.5,13.5,4.24,14.15],"texture":"#0"},"south":{"uv":[3.5,13.5,4.24,14.15],"texture":"#0"},"west":{"uv":[3.5,13.5,4.24,14.15],"texture":"#0"},"east":{"uv":[3.5,13.5,4.24,14.15],"texture":"#0"}}},{"from":[7.45,-0.21,7.57],"to":[8.55,0.09000002,8.59],"rotation":{"origin":[15.5,8,8],"axis":"x","angle":-22.5},"faces":{"down":{"uv":[3.5,13.5,4.42,13.7],"texture":"#0"},"up":{"uv":[3.5,13.5,4.42,13.7],"texture":"#0"},"north":{"uv":[3.5,13.5,4.42,13.7],"texture":"#0"},"south":{"uv":[3.5,13.5,4.42,13.7],"texture":"#0"},"west":{"uv":[3.5,13.5,4.42,13.7],"texture":"#0"},"east":{"uv":[3.5,13.5,4.42,13.7],"texture":"#0"}}},{"from":[7.475,3.12,5.6],"to":[8.525,4.12,6.6],"rotation":{"origin":[15.475,8,8],"axis":"x","angle":-45},"faces":{"down":{"uv":[3.5,13.5,4.24,14.15],"texture":"#0"},"up":{"uv":[3.5,13.5,4.24,14.15],"texture":"#0"},"north":{"uv":[3.5,13.5,4.24,14.15],"texture":"#0"},"south":{"uv":[3.5,13.5,4.24,14.15],"texture":"#0"},"west":{"uv":[3.5,13.5,4.24,14.15],"texture":"#0"},"east":{"uv":[3.5,13.5,4.24,14.15],"texture":"#0"}}},{"from":[7.5,2.6,6],"to":[8.5,4.25,9.74],"faces":{"down":{"uv":[9,2.5,9.74,3.15],"texture":"#1"},"up":{"uv":[9,2.5,9.74,3.15],"texture":"#1"},"north":{"uv":[9,2.5,9.74,3.15],"texture":"#1"},"south":{"uv":[9,2.5,9.74,3.15],"texture":"#1"},"west":{"uv":[9,2.5,9.74,3.15],"texture":"#1"},"east":{"uv":[9,2.5,9.74,3.15],"texture":"#1"}}},{"from":[7.8,1.9,6.3],"to":[8.199999,2.9,6.599999],"rotation":{"origin":[15.8,8,8],"axis":"x","angle":-22.5},"faces":{"down":{"uv":[9,2.5,9.74,3.15],"texture":"#1"},"up":{"uv":[9,2.5,9.74,3.15],"texture":"#1"},"north":{"uv":[9,2.5,9.74,3.15],"texture":"#1"},"south":{"uv":[9,2.5,9.74,3.15],"texture":"#1"},"west":{"uv":[9,2.5,9.74,3.15],"texture":"#1"},"east":{"uv":[9,2.5,9.74,3.15],"texture":"#1"}}},{"from":[7.8,1.7,8.79],"to":[8.199999,2,10.13],"faces":{"down":{"uv":[9,2.5,9.74,3.15],"texture":"#1"},"up":{"uv":[9,2.5,9.74,3.15],"texture":"#1"},"north":{"uv":[9,2.5,9.74,3.15],"texture":"#1"},"south":{"uv":[9,2.5,9.74,3.15],"texture":"#1"},"west":{"uv":[9,2.5,9.74,3.15],"texture":"#1"},"east":{"uv":[9,2.5,9.74,3.15],"texture":"#1"}}},{"from":[7.9,2.6,6],"to":[8.1,4.4,8.76],"faces":{"down":{"uv":[7.5,7,8.24,7.65],"texture":"#1"},"up":{"uv":[7.5,7,8.24,7.65],"texture":"#1"},"north":{"uv":[7.5,7,8.24,7.65],"texture":"#1"},"south":{"uv":[7.5,7,8.24,7.65],"texture":"#1"},"west":{"uv":[7.5,7,8.24,7.65],"texture":"#1"},"east":{"uv":[7.5,7,8.24,7.65],"texture":"#1"}}},{"from":[7.7,4.3,6],"to":[8.3,4.4,8.76],"faces":{"down":{"uv":[7.5,7,8.24,7.65],"texture":"#1"},"up":{"uv":[7.5,7,8.24,7.65],"texture":"#1"},"north":{"uv":[7.5,7,8.24,7.65],"texture":"#1"},"south":{"uv":[7.5,7,8.24,7.65],"texture":"#1"},"west":{"uv":[7.5,7,8.24,7.65],"texture":"#1"},"east":{"uv":[7.5,7,8.24,7.65],"texture":"#1"}}},{"from":[7.7,4.3,6],"to":[8.3,4.5,6.1],"faces":{"down":{"uv":[7.5,7,8.24,7.65],"texture":"#1"},"up":{"uv":[7.5,7,8.24,7.65],"texture":"#1"},"north":{"uv":[7.5,7,8.24,7.65],"texture":"#1"},"south":{"uv":[7.5,7,8.24,7.65],"texture":"#1"},"west":{"uv":[7.5,7,8.24,7.65],"texture":"#1"},"east":{"uv":[7.5,7,8.24,7.65],"texture":"#1"}}},{"from":[7.7,4.3,7],"to":[8.3,4.5,7.1],"faces":{"down":{"uv":[7.5,7,8.24,7.65],"texture":"#1"},"up":{"uv":[7.5,7,8.24,7.65],"texture":"#1"},"north":{"uv":[7.5,7,8.24,7.65],"texture":"#1"},"south":{"uv":[7.5,7,8.24,7.65],"texture":"#1"},"west":{"uv":[7.5,7,8.24,7.65],"texture":"#1"},"east":{"uv":[7.5,7,8.24,7.65],"texture":"#1"}}},{"from":[7.7,4.3,8],"to":[8.3,4.5,8.1],"faces":{"down":{"uv":[7.5,7,8.24,7.65],"texture":"#1"},"up":{"uv":[7.5,7,8.24,7.65],"texture":"#1"},"north":{"uv":[7.5,7,8.24,7.65],"texture":"#1"},"south":{"uv":[7.5,7,8.24,7.65],"texture":"#1"},"west":{"uv":[7.5,7,8.24,7.65],"texture":"#1"},"east":{"uv":[7.5,7,8.24,7.65],"texture":"#1"}}},{"from":[7.7,4.3,6.2],"to":[8.3,4.5,6.3],"faces":{"down":{"uv":[7.5,7,8.24,7.65],"texture":"#1"},"up":{"uv":[7.5,7,8.24,7.65],"texture":"#1"},"north":{"uv":[7.5,7,8.24,7.65],"texture":"#1"},"south":{"uv":[7.5,7,8.24,7.65],"texture":"#1"},"west":{"uv":[7.5,7,8.24,7.65],"texture":"#1"},"east":{"uv":[7.5,7,8.24,7.65],"texture":"#1"}}},{"from":[7.7,4.3,7.2],"to":[8.3,4.5,7.3],"faces":{"down":{"uv":[7.5,7,8.24,7.65],"texture":"#1"},"up":{"uv":[7.5,7,8.24,7.65],"texture":"#1"},"north":{"uv":[7.5,7,8.24,7.65],"texture":"#1"},"south":{"uv":[7.5,7,8.24,7.65],"texture":"#1"},"west":{"uv":[7.5,7,8.24,7.65],"texture":"#1"},"east":{"uv":[7.5,7,8.24,7.65],"texture":"#1"}}},{"from":[7.7,4.3,8.2],"to":[8.3,4.5,8.3],"faces":{"down":{"uv":[7.5,7,8.24,7.65],"texture":"#1"},"up":{"uv":[7.5,7,8.24,7.65],"texture":"#1"},"north":{"uv":[7.5,7,8.24,7.65],"texture":"#1"},"south":{"uv":[7.5,7,8.24,7.65],"texture":"#1"},"west":{"uv":[7.5,7,8.24,7.65],"texture":"#1"},"east":{"uv":[7.5,7,8.24,7.65],"texture":"#1"}}},{"from":[7.7,4.3,6.4],"to":[8.3,4.5,6.5],"faces":{"down":{"uv":[7.5,7,8.24,7.65],"texture":"#1"},"up":{"uv":[7.5,7,8.24,7.65],"texture":"#1"},"north":{"uv":[7.5,7,8.24,7.65],"texture":"#1"},"south":{"uv":[7.5,7,8.24,7.65],"texture":"#1"},"west":{"uv":[7.5,7,8.24,7.65],"texture":"#1"},"east":{"uv":[7.5,7,8.24,7.65],"texture":"#1"}}},{"from":[7.7,4.3,7.4],"to":[8.3,4.5,7.5],"faces":{"down":{"uv":[7.5,7,8.24,7.65],"texture":"#1"},"up":{"uv":[7.5,7,8.24,7.65],"texture":"#1"},"north":{"uv":[7.5,7,8.24,7.65],"texture":"#1"},"south":{"uv":[7.5,7,8.24,7.65],"texture":"#1"},"west":{"uv":[7.5,7,8.24,7.65],"texture":"#1"},"east":{"uv":[7.5,7,8.24,7.65],"texture":"#1"}}},{"from":[7.7,4.3,8.4],"to":[8.3,4.5,8.5],"faces":{"down":{"uv":[7.5,7,8.24,7.65],"texture":"#1"},"up":{"uv":[7.5,7,8.24,7.65],"texture":"#1"},"north":{"uv":[7.5,7,8.24,7.65],"texture":"#1"},"south":{"uv":[7.5,7,8.24,7.65],"texture":"#1"},"west":{"uv":[7.5,7,8.24,7.65],"texture":"#1"},"east":{"uv":[7.5,7,8.24,7.65],"texture":"#1"}}},{"from":[7.7,4.3,6.6],"to":[8.3,4.5,6.7],"faces":{"down":{"uv":[7.5,7,8.24,7.65],"texture":"#1"},"up":{"uv":[7.5,7,8.24,7.65],"texture":"#1"},"north":{"uv":[7.5,7,8.24,7.65],"texture":"#1"},"south":{"uv":[7.5,7,8.24,7.65],"texture":"#1"},"west":{"uv":[7.5,7,8.24,7.65],"texture":"#1"},"east":{"uv":[7.5,7,8.24,7.65],"texture":"#1"}}},{"from":[7.7,4.3,7.6],"to":[8.3,4.5,7.7],"faces":{"down":{"uv":[7.5,7,8.24,7.65],"texture":"#1"},"up":{"uv":[7.5,7,8.24,7.65],"texture":"#1"},"north":{"uv":[7.5,7,8.24,7.65],"texture":"#1"},"south":{"uv":[7.5,7,8.24,7.65],"texture":"#1"},"west":{"uv":[7.5,7,8.24,7.65],"texture":"#1"},"east":{"uv":[7.5,7,8.24,7.65],"texture":"#1"}}},{"from":[7.7,4.3,8.599999],"to":[8.3,4.5,8.699999],"faces":{"down":{"uv":[7.5,7,8.24,7.65],"texture":"#1"},"up":{"uv":[7.5,7,8.24,7.65],"texture":"#1"},"north":{"uv":[7.5,7,8.24,7.65],"texture":"#1"},"south":{"uv":[7.5,7,8.24,7.65],"texture":"#1"},"west":{"uv":[7.5,7,8.24,7.65],"texture":"#1"},"east":{"uv":[7.5,7,8.24,7.65],"texture":"#1"}}},{"from":[7.7,4.3,6.8],"to":[8.3,4.5,6.9],"faces":{"down":{"uv":[7.5,7,8.24,7.65],"texture":"#1"},"up":{"uv":[7.5,7,8.24,7.65],"texture":"#1"},"north":{"uv":[7.5,7,8.24,7.65],"texture":"#1"},"south":{"uv":[7.5,7,8.24,7.65],"texture":"#1"},"west":{"uv":[7.5,7,8.24,7.65],"texture":"#1"},"east":{"uv":[7.5,7,8.24,7.65],"texture":"#1"}}},{"from":[7.7,4.3,7.8],"to":[8.3,4.5,7.9],"faces":{"down":{"uv":[7.5,7,8.24,7.65],"texture":"#1"},"up":{"uv":[7.5,7,8.24,7.65],"texture":"#1"},"north":{"uv":[7.5,7,8.24,7.65],"texture":"#1"},"south":{"uv":[7.5,7,8.24,7.65],"texture":"#1"},"west":{"uv":[7.5,7,8.24,7.65],"texture":"#1"},"east":{"uv":[7.5,7,8.24,7.65],"texture":"#1"}}},{"from":[7.7,3.3,8.9],"to":[8.3,4.5,10],"faces":{"down":{"uv":[3.5,13.5,4.24,14.15],"texture":"#0"},"up":{"uv":[3.5,13.5,4.24,14.15],"texture":"#0"},"north":{"uv":[3.5,13.5,4.24,14.15],"texture":"#0"},"south":{"uv":[3.5,13.5,4.24,14.15],"texture":"#0"},"west":{"uv":[3.5,13.5,4.24,14.15],"texture":"#0"},"east":{"uv":[3.5,13.5,4.24,14.15],"texture":"#0"}}},{"from":[7.76,4.3,8.9],"to":[7.96,4.599999,9],"faces":{"down":{"uv":[3.5,13.5,4.24,14.15],"texture":"#0"},"up":{"uv":[3.5,13.5,4.24,14.15],"texture":"#0"},"north":{"uv":[3.5,13.5,4.24,14.15],"texture":"#0"},"south":{"uv":[3.5,13.5,4.24,14.15],"texture":"#0"},"west":{"uv":[3.5,13.5,4.24,14.15],"texture":"#0"},"east":{"uv":[3.5,13.5,4.24,14.15],"texture":"#0"}}},{"from":[8.04,4.3,8.9],"to":[8.24,4.599999,9],"faces":{"down":{"uv":[3.5,13.5,4.24,14.15],"texture":"#0"},"up":{"uv":[3.5,13.5,4.24,14.15],"texture":"#0"},"north":{"uv":[3.5,13.5,4.24,14.15],"texture":"#0"},"south":{"uv":[3.5,13.5,4.24,14.15],"texture":"#0"},"west":{"uv":[3.5,13.5,4.24,14.15],"texture":"#0"},"east":{"uv":[3.5,13.5,4.24,14.15],"texture":"#0"}}},{"from":[7.5,2.6,6],"to":[8.5,3.25,10],"faces":{"down":{"uv":[9,2.5,9.74,3.15],"texture":"#1"},"up":{"uv":[9,2.5,9.74,3.15],"texture":"#1"},"north":{"uv":[9,2.5,9.74,3.15],"texture":"#1"},"south":{"uv":[9,2.5,9.74,3.15],"texture":"#1"},"west":{"uv":[9,2.5,9.74,3.15],"texture":"#1"},"east":{"uv":[9,2.5,9.74,3.15],"texture":"#1"}}},{"from":[7.46,3.16,6.66],"to":[8.54,3.89,8.44],"faces":{"down":{"uv":[3.5,13.5,4.24,14.15],"texture":"#0"},"up":{"uv":[3.5,13.5,4.24,14.15],"texture":"#0"},"north":{"uv":[3.5,13.5,4.24,14.15],"texture":"#0"},"south":{"uv":[3.5,13.5,4.24,14.15],"texture":"#0"},"west":{"uv":[3.5,13.5,4.24,14.15],"texture":"#0"},"east":{"uv":[3.5,13.5,4.24,14.15],"texture":"#0"}}},{"from":[7.5,2.5,2],"to":[8.5,3.5,6],"faces":{"down":{"uv":[3.5,13.5,4.24,14.15],"texture":"#0"},"up":{"uv":[3.5,13.5,4.24,14.15],"texture":"#0"},"north":{"uv":[3.5,13.5,4.24,14.15],"texture":"#0"},"south":{"uv":[3.5,13.5,4.24,14.15],"texture":"#0"},"west":{"uv":[3.5,13.5,4.24,14.15],"texture":"#0"},"east":{"uv":[3.5,13.5,4.24,14.15],"texture":"#0"}}},{"from":[6,5.9,2],"to":[6.4,6.9,6],"rotation":{"origin":[15.5,8,8],"axis":"z","angle":22.5},"faces":{"down":{"uv":[3.5,13.5,4.24,14.15],"texture":"#0"},"up":{"uv":[3.5,13.5,4.24,14.15],"texture":"#0"},"north":{"uv":[3.5,13.5,4.24,14.15],"texture":"#0"},"south":{"uv":[3.5,13.5,4.24,14.15],"texture":"#0"},"west":{"uv":[3.5,13.5,4.24,14.15],"texture":"#0"},"east":{"uv":[3.5,13.5,4.24,14.15],"texture":"#0"}}},{"from":[9.599999,5.9,2],"to":[9.999999,6.9,6],"rotation":{"origin":[0.5,8,8],"axis":"z","angle":-22.5},"faces":{"down":{"uv":[3.5,13.5,4.24,14.15],"texture":"#0"},"up":{"uv":[3.5,13.5,4.24,14.15],"texture":"#0"},"north":{"uv":[3.5,13.5,4.24,14.15],"texture":"#0"},"south":{"uv":[3.5,13.5,4.24,14.15],"texture":"#0"},"west":{"uv":[3.5,13.5,4.24,14.15],"texture":"#0"},"east":{"uv":[3.5,13.5,4.24,14.15],"texture":"#0"}}},{"from":[7.525,2.42,2],"to":[8.475,3.42,6],"faces":{"down":{"uv":[3.5,13.5,4.24,14.15],"texture":"#0"},"up":{"uv":[3.5,13.5,4.24,14.15],"texture":"#0"},"north":{"uv":[3.5,13.5,4.24,14.15],"texture":"#0"},"south":{"uv":[3.5,13.5,4.24,14.15],"texture":"#0"},"west":{"uv":[3.5,13.5,4.24,14.15],"texture":"#0"},"east":{"uv":[3.5,13.5,4.24,14.15],"texture":"#0"}}},{"from":[7.9304,2.65,-2.2],"to":[8.06964,2.7,4],"rotation":{"origin":[8,3,3.4],"axis":"z","angle":-45},"faces":{"down":{"uv":[9,2.5,9.74,3.15],"texture":"#1"},"up":{"uv":[9,2.5,9.74,3.15],"texture":"#1"},"north":{"uv":[9,2.5,9.74,3.15],"texture":"#1"},"south":{"uv":[9,2.5,9.74,3.15],"texture":"#1"},"west":{"uv":[9,2.5,9.74,3.15],"texture":"#1"},"east":{"uv":[9,2.5,9.74,3.15],"texture":"#1"}}},{"from":[7.9304,2.65,-2.2],"to":[8.06964,2.7,4],"rotation":{"origin":[8,3,3.4],"axis":"z","angle":-22.5},"faces":{"down":{"uv":[9,2.5,9.74,3.15],"texture":"#1"},"up":{"uv":[9,2.5,9.74,3.15],"texture":"#1"},"north":{"uv":[9,2.5,9.74,3.15],"texture":"#1"},"south":{"uv":[9,2.5,9.74,3.15],"texture":"#1"},"west":{"uv":[9,2.5,9.74,3.15],"texture":"#1"},"east":{"uv":[9,2.5,9.74,3.15],"texture":"#1"}}},{"from":[7.9304,2.65,-2.2],"to":[8.06964,2.7,4],"faces":{"down":{"uv":[9,2.5,9.74,3.15],"texture":"#1"},"up":{"uv":[9,2.5,9.74,3.15],"texture":"#1"},"north":{"uv":[9,2.5,9.74,3.15],"texture":"#1"},"south":{"uv":[9,2.5,9.74,3.15],"texture":"#1"},"west":{"uv":[9,2.5,9.74,3.15],"texture":"#1"},"east":{"uv":[9,2.5,9.74,3.15],"texture":"#1"}}},{"from":[7.9304,2.65,-2.2],"to":[8.06964,2.7,4],"rotation":{"origin":[8,3,3.4],"axis":"z","angle":22.5},"faces":{"down":{"uv":[9,2.5,9.74,3.15],"texture":"#1"},"up":{"uv":[9,2.5,9.74,3.15],"texture":"#1"},"north":{"uv":[9,2.5,9.74,3.15],"texture":"#1"},"south":{"uv":[9,2.5,9.74,3.15],"texture":"#1"},"west":{"uv":[9,2.5,9.74,3.15],"texture":"#1"},"east":{"uv":[9,2.5,9.74,3.15],"texture":"#1"}}},{"from":[7.9304,2.65,-2.2],"to":[8.06964,2.7,4],"rotation":{"origin":[8,3,3.4],"axis":"z","angle":45},"faces":{"down":{"uv":[9,2.5,9.74,3.15],"texture":"#1"},"up":{"uv":[9,2.5,9.74,3.15],"texture":"#1"},"north":{"uv":[9,2.5,9.74,3.15],"texture":"#1"},"south":{"uv":[9,2.5,9.74,3.15],"texture":"#1"},"west":{"uv":[9,2.5,9.74,3.15],"texture":"#1"},"east":{"uv":[9,2.5,9.74,3.15],"texture":"#1"}}},{"from":[7.9304,3.3,-2.2],"to":[8.06964,3.35,4],"rotation":{"origin":[8,3,3.4],"axis":"z","angle":-45},"faces":{"down":{"uv":[9,2.5,9.74,3.15],"texture":"#1"},"up":{"uv":[9,2.5,9.74,3.15],"texture":"#1"},"north":{"uv":[9,2.5,9.74,3.15],"texture":"#1"},"south":{"uv":[9,2.5,9.74,3.15],"texture":"#1"},"west":{"uv":[9,2.5,9.74,3.15],"texture":"#1"},"east":{"uv":[9,2.5,9.74,3.15],"texture":"#1"}}},{"from":[7.9304,3.3,-2.2],"to":[8.06964,3.35,4],"rotation":{"origin":[8,3,3.4],"axis":"z","angle":-22.5},"faces":{"down":{"uv":[9,2.5,9.74,3.15],"texture":"#1"},"up":{"uv":[9,2.5,9.74,3.15],"texture":"#1"},"north":{"uv":[9,2.5,9.74,3.15],"texture":"#1"},"south":{"uv":[9,2.5,9.74,3.15],"texture":"#1"},"west":{"uv":[9,2.5,9.74,3.15],"texture":"#1"},"east":{"uv":[9,2.5,9.74,3.15],"texture":"#1"}}},{"from":[7.9304,3.3,-2.2],"to":[8.06964,3.35,4],"faces":{"down":{"uv":[9,2.5,9.74,3.15],"texture":"#1"},"up":{"uv":[9,2.5,9.74,3.15],"texture":"#1"},"north":{"uv":[9,2.5,9.74,3.15],"texture":"#1"},"south":{"uv":[9,2.5,9.74,3.15],"texture":"#1"},"west":{"uv":[9,2.5,9.74,3.15],"texture":"#1"},"east":{"uv":[9,2.5,9.74,3.15],"texture":"#1"}}},{"from":[7.9304,3.3,-2.2],"to":[8.06964,3.35,4],"rotation":{"origin":[8,3,3.4],"axis":"z","angle":22.5},"faces":{"down":{"uv":[9,2.5,9.74,3.15],"texture":"#1"},"up":{"uv":[9,2.5,9.74,3.15],"texture":"#1"},"north":{"uv":[9,2.5,9.74,3.15],"texture":"#1"},"south":{"uv":[9,2.5,9.74,3.15],"texture":"#1"},"west":{"uv":[9,2.5,9.74,3.15],"texture":"#1"},"east":{"uv":[9,2.5,9.74,3.15],"texture":"#1"}}},{"from":[7.9304,3.3,-2.2],"to":[8.06964,3.35,4],"rotation":{"origin":[8,3,3.4],"axis":"z","angle":45},"faces":{"down":{"uv":[9,2.5,9.74,3.15],"texture":"#1"},"up":{"uv":[9,2.5,9.74,3.15],"texture":"#1"},"north":{"uv":[9,2.5,9.74,3.15],"texture":"#1"},"south":{"uv":[9,2.5,9.74,3.15],"texture":"#1"},"west":{"uv":[9,2.5,9.74,3.15],"texture":"#1"},"east":{"uv":[9,2.5,9.74,3.15],"texture":"#1"}}},{"from":[7.65,2.9304,-2.2],"to":[7.699999,3.06964,4],"rotation":{"origin":[8,3,3.4],"axis":"z","angle":-22.5},"faces":{"down":{"uv":[9,2.5,9.74,3.15],"texture":"#1"},"up":{"uv":[9,2.5,9.74,3.15],"texture":"#1"},"north":{"uv":[9,2.5,9.74,3.15],"texture":"#1"},"south":{"uv":[9,2.5,9.74,3.15],"texture":"#1"},"west":{"uv":[9,2.5,9.74,3.15],"texture":"#1"},"east":{"uv":[9,2.5,9.74,3.15],"texture":"#1"}}},{"from":[7.65,2.9304,-2.2],"to":[7.699999,3.06964,4],"faces":{"down":{"uv":[9,2.5,9.74,3.15],"texture":"#1"},"up":{"uv":[9,2.5,9.74,3.15],"texture":"#1"},"north":{"uv":[9,2.5,9.74,3.15],"texture":"#1"},"south":{"uv":[9,2.5,9.74,3.15],"texture":"#1"},"west":{"uv":[9,2.5,9.74,3.15],"texture":"#1"},"east":{"uv":[9,2.5,9.74,3.15],"texture":"#1"}}},{"from":[7.65,2.9304,-2.2],"to":[7.699999,3.06964,4],"rotation":{"origin":[8,3,3.4],"axis":"z","angle":22.5},"faces":{"down":{"uv":[9,2.5,9.74,3.15],"texture":"#1"},"up":{"uv":[9,2.5,9.74,3.15],"texture":"#1"},"north":{"uv":[9,2.5,9.74,3.15],"texture":"#1"},"south":{"uv":[9,2.5,9.74,3.15],"texture":"#1"},"west":{"uv":[9,2.5,9.74,3.15],"texture":"#1"},"east":{"uv":[9,2.5,9.74,3.15],"texture":"#1"}}},{"from":[8.3,2.9304,-2.2],"to":[8.35,3.06964,4],"rotation":{"origin":[8,3,3.4],"axis":"z","angle":-22.5},"faces":{"down":{"uv":[9,2.5,9.74,3.15],"texture":"#1"},"up":{"uv":[9,2.5,9.74,3.15],"texture":"#1"},"north":{"uv":[9,2.5,9.74,3.15],"texture":"#1"},"south":{"uv":[9,2.5,9.74,3.15],"texture":"#1"},"west":{"uv":[9,2.5,9.74,3.15],"texture":"#1"},"east":{"uv":[9,2.5,9.74,3.15],"texture":"#1"}}},{"from":[8.3,2.9304,-2.2],"to":[8.35,3.06964,4],"faces":{"down":{"uv":[9,2.5,9.74,3.15],"texture":"#1"},"up":{"uv":[9,2.5,9.74,3.15],"texture":"#1"},"north":{"uv":[9,2.5,9.74,3.15],"texture":"#1"},"south":{"uv":[9,2.5,9.74,3.15],"texture":"#1"},"west":{"uv":[9,2.5,9.74,3.15],"texture":"#1"},"east":{"uv":[9,2.5,9.74,3.15],"texture":"#1"}}},{"from":[8.3,2.9304,-2.2],"to":[8.35,3.06964,4],"rotation":{"origin":[8,3,3.4],"axis":"z","angle":22.5},"faces":{"down":{"uv":[9,2.5,9.74,3.15],"texture":"#1"},"up":{"uv":[9,2.5,9.74,3.15],"texture":"#1"},"north":{"uv":[9,2.5,9.74,3.15],"texture":"#1"},"south":{"uv":[9,2.5,9.74,3.15],"texture":"#1"},"west":{"uv":[9,2.5,9.74,3.15],"texture":"#1"},"east":{"uv":[9,2.5,9.74,3.15],"texture":"#1"}}},{"from":[7.9304,3.55,-2.2],"to":[8.06964,3.6,8],"rotation":{"origin":[8,3.9,7.4],"axis":"z","angle":-45},"faces":{"down":{"uv":[9,2.5,9.74,3.15],"texture":"#1"},"up":{"uv":[9,2.5,9.74,3.15],"texture":"#1"},"north":{"uv":[9,2.5,9.74,3.15],"texture":"#1"},"south":{"uv":[9,2.5,9.74,3.15],"texture":"#1"},"west":{"uv":[9,2.5,9.74,3.15],"texture":"#1"},"east":{"uv":[9,2.5,9.74,3.15],"texture":"#1"}}},{"from":[7.9304,3.55,-2.2],"to":[8.06964,3.6,8],"rotation":{"origin":[8,3.9,7.4],"axis":"z","angle":-22.5},"faces":{"down":{"uv":[9,2.5,9.74,3.15],"texture":"#1"},"up":{"uv":[9,2.5,9.74,3.15],"texture":"#1"},"north":{"uv":[9,2.5,9.74,3.15],"texture":"#1"},"south":{"uv":[9,2.5,9.74,3.15],"texture":"#1"},"west":{"uv":[9,2.5,9.74,3.15],"texture":"#1"},"east":{"uv":[9,2.5,9.74,3.15],"texture":"#1"}}},{"from":[7.9304,3.55,-2.2],"to":[8.06964,3.6,8],"faces":{"down":{"uv":[9,2.5,9.74,3.15],"texture":"#1"},"up":{"uv":[9,2.5,9.74,3.15],"texture":"#1"},"north":{"uv":[9,2.5,9.74,3.15],"texture":"#1"},"south":{"uv":[9,2.5,9.74,3.15],"texture":"#1"},"west":{"uv":[9,2.5,9.74,3.15],"texture":"#1"},"east":{"uv":[9,2.5,9.74,3.15],"texture":"#1"}}},{"from":[7.9304,3.55,-2.2],"to":[8.06964,3.6,8],"rotation":{"origin":[8,3.9,7.4],"axis":"z","angle":22.5},"faces":{"down":{"uv":[9,2.5,9.74,3.15],"texture":"#1"},"up":{"uv":[9,2.5,9.74,3.15],"texture":"#1"},"north":{"uv":[9,2.5,9.74,3.15],"texture":"#1"},"south":{"uv":[9,2.5,9.74,3.15],"texture":"#1"},"west":{"uv":[9,2.5,9.74,3.15],"texture":"#1"},"east":{"uv":[9,2.5,9.74,3.15],"texture":"#1"}}},{"from":[7.9304,3.55,-2.2],"to":[8.06964,3.6,8],"rotation":{"origin":[8,3.9,7.4],"axis":"z","angle":45},"faces":{"down":{"uv":[9,2.5,9.74,3.15],"texture":"#1"},"up":{"uv":[9,2.5,9.74,3.15],"texture":"#1"},"north":{"uv":[9,2.5,9.74,3.15],"texture":"#1"},"south":{"uv":[9,2.5,9.74,3.15],"texture":"#1"},"west":{"uv":[9,2.5,9.74,3.15],"texture":"#1"},"east":{"uv":[9,2.5,9.74,3.15],"texture":"#1"}}},{"from":[7.9304,4.2,-2.2],"to":[8.06964,4.25,8],"rotation":{"origin":[8,3.9,7.4],"axis":"z","angle":-45},"faces":{"down":{"uv":[9,2.5,9.74,3.15],"texture":"#1"},"up":{"uv":[9,2.5,9.74,3.15],"texture":"#1"},"north":{"uv":[9,2.5,9.74,3.15],"texture":"#1"},"south":{"uv":[9,2.5,9.74,3.15],"texture":"#1"},"west":{"uv":[9,2.5,9.74,3.15],"texture":"#1"},"east":{"uv":[9,2.5,9.74,3.15],"texture":"#1"}}},{"from":[7.9304,4.2,-2.2],"to":[8.06964,4.25,8],"rotation":{"origin":[8,3.9,7.4],"axis":"z","angle":-22.5},"faces":{"down":{"uv":[9,2.5,9.74,3.15],"texture":"#1"},"up":{"uv":[9,2.5,9.74,3.15],"texture":"#1"},"north":{"uv":[9,2.5,9.74,3.15],"texture":"#1"},"south":{"uv":[9,2.5,9.74,3.15],"texture":"#1"},"west":{"uv":[9,2.5,9.74,3.15],"texture":"#1"},"east":{"uv":[9,2.5,9.74,3.15],"texture":"#1"}}},{"from":[7.9304,4.2,-2.2],"to":[8.06964,4.25,8],"faces":{"down":{"uv":[9,2.5,9.74,3.15],"texture":"#1"},"up":{"uv":[9,2.5,9.74,3.15],"texture":"#1"},"north":{"uv":[9,2.5,9.74,3.15],"texture":"#1"},"south":{"uv":[9,2.5,9.74,3.15],"texture":"#1"},"west":{"uv":[9,2.5,9.74,3.15],"texture":"#1"},"east":{"uv":[9,2.5,9.74,3.15],"texture":"#1"}}},{"from":[7.9304,4.2,-2.2],"to":[8.06964,4.25,8],"rotation":{"origin":[8,3.9,7.4],"axis":"z","angle":22.5},"faces":{"down":{"uv":[9,2.5,9.74,3.15],"texture":"#1"},"up":{"uv":[9,2.5,9.74,3.15],"texture":"#1"},"north":{"uv":[9,2.5,9.74,3.15],"texture":"#1"},"south":{"uv":[9,2.5,9.74,3.15],"texture":"#1"},"west":{"uv":[9,2.5,9.74,3.15],"texture":"#1"},"east":{"uv":[9,2.5,9.74,3.15],"texture":"#1"}}},{"from":[7.9304,4.2,-2.2],"to":[8.06964,4.25,8],"rotation":{"origin":[8,3.9,7.4],"axis":"z","angle":45},"faces":{"down":{"uv":[9,2.5,9.74,3.15],"texture":"#1"},"up":{"uv":[9,2.5,9.74,3.15],"texture":"#1"},"north":{"uv":[9,2.5,9.74,3.15],"texture":"#1"},"south":{"uv":[9,2.5,9.74,3.15],"texture":"#1"},"west":{"uv":[9,2.5,9.74,3.15],"texture":"#1"},"east":{"uv":[9,2.5,9.74,3.15],"texture":"#1"}}},{"from":[7.65,3.8304,-2.2],"to":[7.699999,3.96964,8],"rotation":{"origin":[8,3.9,7.4],"axis":"z","angle":-22.5},"faces":{"down":{"uv":[9,2.5,9.74,3.15],"texture":"#1"},"up":{"uv":[9,2.5,9.74,3.15],"texture":"#1"},"north":{"uv":[9,2.5,9.74,3.15],"texture":"#1"},"south":{"uv":[9,2.5,9.74,3.15],"texture":"#1"},"west":{"uv":[9,2.5,9.74,3.15],"texture":"#1"},"east":{"uv":[9,2.5,9.74,3.15],"texture":"#1"}}},{"from":[7.65,3.8304,-2.2],"to":[7.699999,3.96964,8],"faces":{"down":{"uv":[9,2.5,9.74,3.15],"texture":"#1"},"up":{"uv":[9,2.5,9.74,3.15],"texture":"#1"},"north":{"uv":[9,2.5,9.74,3.15],"texture":"#1"},"south":{"uv":[9,2.5,9.74,3.15],"texture":"#1"},"west":{"uv":[9,2.5,9.74,3.15],"texture":"#1"},"east":{"uv":[9,2.5,9.74,3.15],"texture":"#1"}}},{"from":[7.65,3.8304,-2.2],"to":[7.699999,3.96964,8],"rotation":{"origin":[8,3.9,7.4],"axis":"z","angle":22.5},"faces":{"down":{"uv":[9,2.5,9.74,3.15],"texture":"#1"},"up":{"uv":[9,2.5,9.74,3.15],"texture":"#1"},"north":{"uv":[9,2.5,9.74,3.15],"texture":"#1"},"south":{"uv":[9,2.5,9.74,3.15],"texture":"#1"},"west":{"uv":[9,2.5,9.74,3.15],"texture":"#1"},"east":{"uv":[9,2.5,9.74,3.15],"texture":"#1"}}},{"from":[8.3,3.8304,-2.2],"to":[8.35,3.96964,8],"rotation":{"origin":[8,3.9,7.4],"axis":"z","angle":-22.5},"faces":{"down":{"uv":[9,2.5,9.74,3.15],"texture":"#1"},"up":{"uv":[9,2.5,9.74,3.15],"texture":"#1"},"north":{"uv":[9,2.5,9.74,3.15],"texture":"#1"},"south":{"uv":[9,2.5,9.74,3.15],"texture":"#1"},"west":{"uv":[9,2.5,9.74,3.15],"texture":"#1"},"east":{"uv":[9,2.5,9.74,3.15],"texture":"#1"}}},{"from":[8.3,3.8304,-2.2],"to":[8.35,3.96964,8],"faces":{"down":{"uv":[9,2.5,9.74,3.15],"texture":"#1"},"up":{"uv":[9,2.5,9.74,3.15],"texture":"#1"},"north":{"uv":[9,2.5,9.74,3.15],"texture":"#1"},"south":{"uv":[9,2.5,9.74,3.15],"texture":"#1"},"west":{"uv":[9,2.5,9.74,3.15],"texture":"#1"},"east":{"uv":[9,2.5,9.74,3.15],"texture":"#1"}}},{"from":[8.3,3.8304,-2.2],"to":[8.35,3.96964,8],"rotation":{"origin":[8,3.9,7.4],"axis":"z","angle":22.5},"faces":{"down":{"uv":[9,2.5,9.74,3.15],"texture":"#1"},"up":{"uv":[9,2.5,9.74,3.15],"texture":"#1"},"north":{"uv":[9,2.5,9.74,3.15],"texture":"#1"},"south":{"uv":[9,2.5,9.74,3.15],"texture":"#1"},"west":{"uv":[9,2.5,9.74,3.15],"texture":"#1"},"east":{"uv":[9,2.5,9.74,3.15],"texture":"#1"}}},{"from":[7.9204,3.5,-3.2],"to":[8.079519,3.55,-2],"rotation":{"origin":[8,3.9,-2.6],"axis":"z","angle":-45},"faces":{"down":{"uv":[7.5,7,8.24,7.65],"texture":"#1"},"up":{"uv":[7.5,7,8.24,7.65],"texture":"#1"},"north":{"uv":[7.5,7,8.24,7.65],"texture":"#1"},"south":{"uv":[7.5,7,8.24,7.65],"texture":"#1"},"west":{"uv":[7.5,7,8.24,7.65],"texture":"#1"},"east":{"uv":[7.5,7,8.24,7.65],"texture":"#1"}}},{"from":[7.9204,3.5,-3.2],"to":[8.079519,3.55,-2],"rotation":{"origin":[8,3.9,-2.6],"axis":"z","angle":-22.5},"faces":{"down":{"uv":[7.5,7,8.24,7.65],"texture":"#1"},"up":{"uv":[7.5,7,8.24,7.65],"texture":"#1"},"north":{"uv":[7.5,7,8.24,7.65],"texture":"#1"},"south":{"uv":[7.5,7,8.24,7.65],"texture":"#1"},"west":{"uv":[7.5,7,8.24,7.65],"texture":"#1"},"east":{"uv":[7.5,7,8.24,7.65],"texture":"#1"}}},{"from":[7.9204,3.5,-3.2],"to":[8.079519,3.55,-2],"faces":{"down":{"uv":[7.5,7,8.24,7.65],"texture":"#1"},"up":{"uv":[7.5,7,8.24,7.65],"texture":"#1"},"north":{"uv":[7.5,7,8.24,7.65],"texture":"#1"},"south":{"uv":[7.5,7,8.24,7.65],"texture":"#1"},"west":{"uv":[7.5,7,8.24,7.65],"texture":"#1"},"east":{"uv":[7.5,7,8.24,7.65],"texture":"#1"}}},{"from":[7.9204,3.5,-3.2],"to":[8.079519,3.55,-2],"rotation":{"origin":[8,3.9,-2.6],"axis":"z","angle":22.5},"faces":{"down":{"uv":[7.5,7,8.24,7.65],"texture":"#1"},"up":{"uv":[7.5,7,8.24,7.65],"texture":"#1"},"north":{"uv":[7.5,7,8.24,7.65],"texture":"#1"},"south":{"uv":[7.5,7,8.24,7.65],"texture":"#1"},"west":{"uv":[7.5,7,8.24,7.65],"texture":"#1"},"east":{"uv":[7.5,7,8.24,7.65],"texture":"#1"}}},{"from":[7.9204,3.5,-3.2],"to":[8.079519,3.55,-2],"rotation":{"origin":[8,3.9,-2.6],"axis":"z","angle":45},"faces":{"down":{"uv":[7.5,7,8.24,7.65],"texture":"#1"},"up":{"uv":[7.5,7,8.24,7.65],"texture":"#1"},"north":{"uv":[7.5,7,8.24,7.65],"texture":"#1"},"south":{"uv":[7.5,7,8.24,7.65],"texture":"#1"},"west":{"uv":[7.5,7,8.24,7.65],"texture":"#1"},"east":{"uv":[7.5,7,8.24,7.65],"texture":"#1"}}},{"from":[7.9204,4.25,-3.2],"to":[8.079519,4.3,-2],"rotation":{"origin":[8,3.9,-2.6],"axis":"z","angle":-45},"faces":{"down":{"uv":[7.5,7,8.24,7.65],"texture":"#1"},"up":{"uv":[7.5,7,8.24,7.65],"texture":"#1"},"north":{"uv":[7.5,7,8.24,7.65],"texture":"#1"},"south":{"uv":[7.5,7,8.24,7.65],"texture":"#1"},"west":{"uv":[7.5,7,8.24,7.65],"texture":"#1"},"east":{"uv":[7.5,7,8.24,7.65],"texture":"#1"}}},{"from":[7.9204,4.25,-3.2],"to":[8.079519,4.3,-2],"rotation":{"origin":[8,3.9,-2.6],"axis":"z","angle":-22.5},"faces":{"down":{"uv":[7.5,7,8.24,7.65],"texture":"#1"},"up":{"uv":[7.5,7,8.24,7.65],"texture":"#1"},"north":{"uv":[7.5,7,8.24,7.65],"texture":"#1"},"south":{"uv":[7.5,7,8.24,7.65],"texture":"#1"},"west":{"uv":[7.5,7,8.24,7.65],"texture":"#1"},"east":{"uv":[7.5,7,8.24,7.65],"texture":"#1"}}},{"from":[7.9204,4.25,-3.2],"to":[8.079519,4.3,-2],"faces":{"down":{"uv":[7.5,7,8.24,7.65],"texture":"#1"},"up":{"uv":[7.5,7,8.24,7.65],"texture":"#1"},"north":{"uv":[7.5,7,8.24,7.65],"texture":"#1"},"south":{"uv":[7.5,7,8.24,7.65],"texture":"#1"},"west":{"uv":[7.5,7,8.24,7.65],"texture":"#1"},"east":{"uv":[7.5,7,8.24,7.65],"texture":"#1"}}},{"from":[7.9204,4.25,-3.2],"to":[8.079519,4.3,-2],"rotation":{"origin":[8,3.9,-2.6],"axis":"z","angle":22.5},"faces":{"down":{"uv":[7.5,7,8.24,7.65],"texture":"#1"},"up":{"uv":[7.5,7,8.24,7.65],"texture":"#1"},"north":{"uv":[7.5,7,8.24,7.65],"texture":"#1"},"south":{"uv":[7.5,7,8.24,7.65],"texture":"#1"},"west":{"uv":[7.5,7,8.24,7.65],"texture":"#1"},"east":{"uv":[7.5,7,8.24,7.65],"texture":"#1"}}},{"from":[7.9204,4.25,-3.2],"to":[8.079519,4.3,-2],"rotation":{"origin":[8,3.9,-2.6],"axis":"z","angle":45},"faces":{"down":{"uv":[7.5,7,8.24,7.65],"texture":"#1"},"up":{"uv":[7.5,7,8.24,7.65],"texture":"#1"},"north":{"uv":[7.5,7,8.24,7.65],"texture":"#1"},"south":{"uv":[7.5,7,8.24,7.65],"texture":"#1"},"west":{"uv":[7.5,7,8.24,7.65],"texture":"#1"},"east":{"uv":[7.5,7,8.24,7.65],"texture":"#1"}}},{"from":[7.6,3.8204,-3.2],"to":[7.65,3.97952,-2],"rotation":{"origin":[8,3.9,-2.6],"axis":"z","angle":-22.5},"faces":{"down":{"uv":[7.5,7,8.24,7.65],"texture":"#1"},"up":{"uv":[7.5,7,8.24,7.65],"texture":"#1"},"north":{"uv":[7.5,7,8.24,7.65],"texture":"#1"},"south":{"uv":[7.5,7,8.24,7.65],"texture":"#1"},"west":{"uv":[7.5,7,8.24,7.65],"texture":"#1"},"east":{"uv":[7.5,7,8.24,7.65],"texture":"#1"}}},{"from":[7.6,3.8204,-3.2],"to":[7.65,3.97952,-2],"faces":{"down":{"uv":[7.5,7,8.24,7.65],"texture":"#1"},"up":{"uv":[7.5,7,8.24,7.65],"texture":"#1"},"north":{"uv":[7.5,7,8.24,7.65],"texture":"#1"},"south":{"uv":[7.5,7,8.24,7.65],"texture":"#1"},"west":{"uv":[7.5,7,8.24,7.65],"texture":"#1"},"east":{"uv":[7.5,7,8.24,7.65],"texture":"#1"}}},{"from":[7.6,3.8204,-3.2],"to":[7.65,3.97952,-2],"rotation":{"origin":[8,3.9,-2.6],"axis":"z","angle":22.5},"faces":{"down":{"uv":[7.5,7,8.24,7.65],"texture":"#1"},"up":{"uv":[7.5,7,8.24,7.65],"texture":"#1"},"north":{"uv":[7.5,7,8.24,7.65],"texture":"#1"},"south":{"uv":[7.5,7,8.24,7.65],"texture":"#1"},"west":{"uv":[7.5,7,8.24,7.65],"texture":"#1"},"east":{"uv":[7.5,7,8.24,7.65],"texture":"#1"}}},{"from":[8.349999,3.8204,-3.2],"to":[8.399999,3.97952,-2],"rotation":{"origin":[8,3.9,-2.6],"axis":"z","angle":-22.5},"faces":{"down":{"uv":[7.5,7,8.24,7.65],"texture":"#1"},"up":{"uv":[7.5,7,8.24,7.65],"texture":"#1"},"north":{"uv":[7.5,7,8.24,7.65],"texture":"#1"},"south":{"uv":[7.5,7,8.24,7.65],"texture":"#1"},"west":{"uv":[7.5,7,8.24,7.65],"texture":"#1"},"east":{"uv":[7.5,7,8.24,7.65],"texture":"#1"}}},{"from":[8.349999,3.8204,-3.2],"to":[8.399999,3.97952,-2],"faces":{"down":{"uv":[7.5,7,8.24,7.65],"texture":"#1"},"up":{"uv":[7.5,7,8.24,7.65],"texture":"#1"},"north":{"uv":[7.5,7,8.24,7.65],"texture":"#1"},"south":{"uv":[7.5,7,8.24,7.65],"texture":"#1"},"west":{"uv":[7.5,7,8.24,7.65],"texture":"#1"},"east":{"uv":[7.5,7,8.24,7.65],"texture":"#1"}}},{"from":[8.349999,3.8204,-3.2],"to":[8.399999,3.97952,-2],"rotation":{"origin":[8,3.9,-2.6],"axis":"z","angle":22.5},"faces":{"down":{"uv":[7.5,7,8.24,7.65],"texture":"#1"},"up":{"uv":[7.5,7,8.24,7.65],"texture":"#1"},"north":{"uv":[7.5,7,8.24,7.65],"texture":"#1"},"south":{"uv":[7.5,7,8.24,7.65],"texture":"#1"},"west":{"uv":[7.5,7,8.24,7.65],"texture":"#1"},"east":{"uv":[7.5,7,8.24,7.65],"texture":"#1"}}},{"from":[7.6,2.6,-2],"to":[8.4,4.4,-1.8],"faces":{"down":{"uv":[3.5,13.5,4.24,14.15],"texture":"#0"},"up":{"uv":[3.5,13.5,4.24,14.15],"texture":"#0"},"north":{"uv":[3.5,13.5,4.24,14.15],"texture":"#0"},"south":{"uv":[3.5,13.5,4.24,14.15],"texture":"#0"},"west":{"uv":[3.5,13.5,4.24,14.15],"texture":"#0"},"east":{"uv":[3.5,13.5,4.24,14.15],"texture":"#0"}}},{"from":[12.5,-0.2,-2],"to":[12.7,0.000000015,-1.8],"rotation":{"origin":[15.6,8,8],"axis":"z","angle":-45},"faces":{"down":{"uv":[3.5,13.5,4.24,14.15],"texture":"#0"},"up":{"uv":[3.5,13.5,4.24,14.15],"texture":"#0"},"north":{"uv":[3.5,13.5,4.24,14.15],"texture":"#0"},"south":{"uv":[3.5,13.5,4.24,14.15],"texture":"#0"},"west":{"uv":[3.5,13.5,4.24,14.15],"texture":"#0"},"east":{"uv":[3.5,13.5,4.24,14.15],"texture":"#0"}}},{"from":[3.3,-0.2,-2],"to":[3.5,0.000000015,-1.8],"rotation":{"origin":[0.4,8,8],"axis":"z","angle":45},"faces":{"down":{"uv":[3.5,13.5,4.24,14.15],"texture":"#0"},"up":{"uv":[3.5,13.5,4.24,14.15],"texture":"#0"},"north":{"uv":[3.5,13.5,4.24,14.15],"texture":"#0"},"south":{"uv":[3.5,13.5,4.24,14.15],"texture":"#0"},"west":{"uv":[3.5,13.5,4.24,14.15],"texture":"#0"},"east":{"uv":[3.5,13.5,4.24,14.15],"texture":"#0"}}},{"from":[7.95,4.3,-2],"to":[8.05,4.5,-1.8],"faces":{"down":{"uv":[3.5,13.5,4.24,14.15],"texture":"#0"},"up":{"uv":[3.5,13.5,4.24,14.15],"texture":"#0"},"north":{"uv":[3.5,13.5,4.24,14.15],"texture":"#0"},"south":{"uv":[3.5,13.5,4.24,14.15],"texture":"#0"},"west":{"uv":[3.5,13.5,4.24,14.15],"texture":"#0"},"east":{"uv":[3.5,13.5,4.24,14.15],"texture":"#0"}}},{"from":[7.6,1.6,-2],"to":[8.4,1.7,-1.8],"faces":{"down":{"uv":[7.5,7,8.2,7.7],"texture":"#1","rotation":270},"up":{"uv":[7.5,7,8.2,7.7],"texture":"#1","rotation":270},"north":{"uv":[7.5,7,8.2,7.7],"texture":"#1","rotation":270},"south":{"uv":[7.5,7,8.2,7.7],"texture":"#1","rotation":270},"west":{"uv":[7.5,7,8.2,7.7],"texture":"#1","rotation":270},"east":{"uv":[7.5,7,8.2,7.7],"texture":"#1","rotation":270}}},{"from":[7.6,2.2,-2],"to":[8.4,2.3,-1.8],"faces":{"down":{"uv":[7.5,7,8.2,7.7],"texture":"#1","rotation":270},"up":{"uv":[7.5,7,8.2,7.7],"texture":"#1","rotation":270},"north":{"uv":[7.5,7,8.2,7.7],"texture":"#1","rotation":270},"south":{"uv":[7.5,7,8.2,7.7],"texture":"#1","rotation":270},"west":{"uv":[7.5,7,8.2,7.7],"texture":"#1","rotation":270},"east":{"uv":[7.5,7,8.2,7.7],"texture":"#1","rotation":270}}},{"from":[7.6,1.6,-2],"to":[7.7,2.3,-1.8],"faces":{"down":{"uv":[7.5,7,8.2,7.7],"texture":"#1","rotation":270},"up":{"uv":[7.5,7,8.2,7.7],"texture":"#1","rotation":270},"north":{"uv":[7.5,7,8.2,7.7],"texture":"#1","rotation":270},"south":{"uv":[7.5,7,8.2,7.7],"texture":"#1","rotation":270},"west":{"uv":[7.5,7,8.2,7.7],"texture":"#1","rotation":270},"east":{"uv":[7.5,7,8.2,7.7],"texture":"#1","rotation":270}}},{"from":[8.3,1.6,-2],"to":[8.4,2.3,-1.8],"faces":{"down":{"uv":[7.5,7,8.2,7.7],"texture":"#1","rotation":270},"up":{"uv":[7.5,7,8.2,7.7],"texture":"#1","rotation":270},"north":{"uv":[7.5,7,8.2,7.7],"texture":"#1","rotation":270},"south":{"uv":[7.5,7,8.2,7.7],"texture":"#1","rotation":270},"west":{"uv":[7.5,7,8.2,7.7],"texture":"#1","rotation":270},"east":{"uv":[7.5,7,8.2,7.7],"texture":"#1","rotation":270}}},{"from":[7.79,2.29,-2.11],"to":[8.21,2.61,-1.69],"faces":{"down":{"uv":[3.5,13.5,4.24,14.15],"texture":"#0"},"up":{"uv":[3.5,13.5,4.24,14.15],"texture":"#0"},"north":{"uv":[3.5,13.5,4.24,14.15],"texture":"#0"},"south":{"uv":[3.5,13.5,4.24,14.15],"texture":"#0"},"west":{"uv":[3.5,13.5,4.24,14.15],"texture":"#0"},"east":{"uv":[3.5,13.5,4.24,14.15],"texture":"#0"}}}],"display":{"thirdperson_righthand":{"translation":[0,8.6983,2.0271],"scale":[1.35,1.45,1.4]},"thirdperson_lefthand":{"translation":[0,8.6983,2.0271],"scale":[1.35,1.45,1.4]},"firstperson_righthand":{"rotation":[2,2,0],"translation":[0.2554,11.945,-1],"scale":[2,2,2]},"firstperson_lefthand":{"rotation":[2,2,0],"translation":[0.2554,11.945,-1],"scale":[2,2,2]},"gui":{"rotation":[86,48,-87],"translation":[3.9157,3.25,0],"scale":[1.0001,1,1]},"ground":{"translation":[0,2.326,0]}}}
