{"textures":{"particle":"custom/anvil_1","texture":"custom/anvil_1","anvil_1":"custom/hardened_clay_stained_green"},"elements":[{"from":[-6,8,6.25],"to":[27.75,9.5,6.75],"faces":{"down":{"uv":[16,6.75,0,6.25],"texture":"#anvil_1","cullface":"east"},"up":{"uv":[0,6.25,16,6.75],"texture":"#anvil_1","cullface":"east"},"north":{"uv":[0,6.5,16,8],"texture":"#anvil_1","cullface":"east"},"south":{"uv":[0,6.5,16,8],"texture":"#anvil_1","cullface":"east"},"west":{"uv":[6.25,6.5,6.75,8],"texture":"#anvil_1","cullface":"east"},"east":{"uv":[9.25,6.5,9.75,8],"texture":"#anvil_1","cullface":"east"}}},{"from":[-6,9.5,6.5],"to":[27.75,10,7],"faces":{"down":{"uv":[16,7,0,6.5],"texture":"#anvil_1","cullface":"east"},"up":{"uv":[0,6.5,16,7],"texture":"#anvil_1","cullface":"east"},"north":{"uv":[0,6,16,6.5],"texture":"#anvil_1","cullface":"east"},"south":{"uv":[0,6,16,6.5],"texture":"#anvil_1","cullface":"east"},"west":{"uv":[6.5,6,7,6.5],"texture":"#anvil_1","cullface":"east"},"east":{"uv":[9,6,9.5,6.5],"texture":"#anvil_1","cullface":"east"}}},{"from":[-6,10.25,7.25],"to":[27.75,10.5,8.75],"faces":{"up":{"uv":[0,7.25,16,8.75],"texture":"#anvil_1","cullface":"east"},"north":{"uv":[0,5.5,16,5.75],"texture":"#anvil_1","cullface":"east"},"south":{"uv":[0,5.5,16,5.75],"texture":"#anvil_1","cullface":"east"},"west":{"uv":[7.25,5.5,8.75,5.75],"texture":"#anvil_1","cullface":"east"},"east":{"uv":[7.25,5.5,8.75,5.75],"texture":"#anvil_1","cullface":"east"}}},{"from":[-6,9.5,9],"to":[27.75,10,9.5],"faces":{"down":{"uv":[16,9.5,0,9],"texture":"#anvil_1","cullface":"east"},"up":{"uv":[0,9,16,9.5],"texture":"#anvil_1","cullface":"east"},"north":{"uv":[0,6,16,6.5],"texture":"#anvil_1","cullface":"east"},"south":{"uv":[0,6,16,6.5],"texture":"#anvil_1","cullface":"east"},"west":{"uv":[9,6,9.5,6.5],"texture":"#anvil_1","cullface":"east"},"east":{"uv":[6.5,6,7,6.5],"texture":"#anvil_1","cullface":"east"}}},{"from":[-6,8,9.25],"to":[27.75,9.5,9.75],"faces":{"down":{"uv":[16,9.75,0,9.25],"texture":"#anvil_1","cullface":"east"},"up":{"uv":[0,9.25,16,9.75],"texture":"#anvil_1","cullface":"east"},"north":{"uv":[0,6.5,16,8],"texture":"#anvil_1","cullface":"east"},"south":{"uv":[0,6.5,16,8],"texture":"#anvil_1","cullface":"east"},"west":{"uv":[9.25,6.5,9.75,8],"texture":"#anvil_1","cullface":"east"},"east":{"uv":[6.25,6.5,6.75,8],"texture":"#anvil_1","cullface":"east"}}},{"from":[-6,7.5,6.5],"to":[27.75,8,7],"faces":{"down":{"uv":[16,7,0,6.5],"texture":"#anvil_1","cullface":"east"},"up":{"uv":[0,6.5,16,7],"texture":"#anvil_1","cullface":"east"},"north":{"uv":[0,8,16,8.5],"texture":"#anvil_1","cullface":"east"},"south":{"uv":[0,8,16,8.5],"texture":"#anvil_1","cullface":"east"},"west":{"uv":[6.5,8,7,8.5],"texture":"#anvil_1","cullface":"east"},"east":{"uv":[9,8,9.5,8.5],"texture":"#anvil_1","cullface":"east"}}},{"from":[-6,7,7.25],"to":[27.75,7.25,8.75],"faces":{"down":{"uv":[16,8.75,0,7.25],"texture":"#anvil_1","cullface":"east"},"north":{"uv":[0,8.75,16,9],"texture":"#anvil_1","cullface":"east"},"south":{"uv":[0,8.75,16,9],"texture":"#anvil_1","cullface":"east"},"west":{"uv":[7.25,8.75,8.75,9],"texture":"#anvil_1","cullface":"east"},"east":{"uv":[7.25,8.75,8.75,9],"texture":"#anvil_1","cullface":"east"}}},{"from":[-6,7.5,9],"to":[27.75,8,9.5],"faces":{"down":{"uv":[16,9.5,0,9],"texture":"#anvil_1","cullface":"east"},"up":{"uv":[0,9,16,9.5],"texture":"#anvil_1","cullface":"east"},"north":{"uv":[0,8,16,8.5],"texture":"#anvil_1","cullface":"east"},"south":{"uv":[0,8,16,8.5],"texture":"#anvil_1","cullface":"east"},"west":{"uv":[9,8,9.5,8.5],"texture":"#anvil_1","cullface":"east"},"east":{"uv":[6.5,8,7,8.5],"texture":"#anvil_1","cullface":"east"}}},{"from":[-6,10,6.75],"to":[27.75,10.25,9.25],"faces":{"down":{"uv":[16,9.25,0,6.75],"texture":"#anvil_1","cullface":"east"},"up":{"uv":[0,6.75,16,9.25],"texture":"#anvil_1","cullface":"east"},"north":{"uv":[0,5.75,16,6],"texture":"#anvil_1","cullface":"east"},"south":{"uv":[0,5.75,16,6],"texture":"#anvil_1","cullface":"east"},"west":{"uv":[6.75,5.75,9.25,6],"texture":"#anvil_1","cullface":"east"},"east":{"uv":[6.75,5.75,9.25,6],"texture":"#anvil_1","cullface":"east"}}},{"from":[-6,7.25,6.75],"to":[27.75,7.5,9.25],"faces":{"down":{"uv":[16,9.25,0,6.75],"texture":"#anvil_1","cullface":"east"},"up":{"uv":[0,6.75,16,9.25],"texture":"#anvil_1","cullface":"east"},"north":{"uv":[0,8.5,16,8.75],"texture":"#anvil_1","cullface":"east"},"south":{"uv":[0,8.5,16,8.75],"texture":"#anvil_1","cullface":"east"},"west":{"uv":[6.75,8.5,9.25,8.75],"texture":"#anvil_1","cullface":"east"},"east":{"uv":[6.75,8.5,9.25,8.75],"texture":"#anvil_1","cullface":"east"}}},{"from":[26.75,7.75,6],"to":[28,9.75,10],"faces":{"down":{"uv":[0,10,0,6],"texture":"#texture","cullface":"east"},"up":{"uv":[16,6,16,10],"texture":"#texture","cullface":"east"},"north":{"uv":[0,6.25,0,8.25],"texture":"#texture","cullface":"east"},"south":{"uv":[16,6.25,16,8.25],"texture":"#texture","cullface":"east"},"west":{"uv":[6,6.25,10,8.25],"texture":"#texture","cullface":"east"},"east":{"uv":[6,6.25,10,8.25],"texture":"#texture","cullface":"east"}}},{"from":[26.75,7.25,6.25],"to":[28,10.25,9.75],"faces":{"down":{"uv":[0,9.75,0,6.25],"texture":"#texture","cullface":"east"},"up":{"uv":[16,6.25,16,9.75],"texture":"#texture","cullface":"east"},"north":{"uv":[0,5.75,0,8.75],"texture":"#texture","cullface":"east"},"south":{"uv":[16,5.75,16,8.75],"texture":"#texture","cullface":"east"},"west":{"uv":[6.25,5.75,9.75,8.75],"texture":"#texture","cullface":"east"},"east":{"uv":[6.25,5.75,9.75,8.75],"texture":"#texture","cullface":"east"}}},{"from":[26.25,6.75,7],"to":[28,10.75,9],"faces":{"down":{"uv":[0,9,0,7],"texture":"#texture","cullface":"east"},"up":{"uv":[16,7,16,9],"texture":"#texture","cullface":"east"},"north":{"uv":[0,5.25,0,9.25],"texture":"#texture","cullface":"east"},"south":{"uv":[16,5.25,16,9.25],"texture":"#texture","cullface":"east"},"west":{"uv":[7,5.25,9,9.25],"texture":"#texture","cullface":"east"},"east":{"uv":[7,5.25,9,9.25],"texture":"#texture","cullface":"east"}}},{"from":[26.5,7,6.5],"to":[28,10.5,9.5],"faces":{"down":{"uv":[0,9.5,0,6.5],"texture":"#texture","cullface":"east"},"up":{"uv":[16,6.5,16,9.5],"texture":"#texture","cullface":"east"},"north":{"uv":[0,5.5,0,9],"texture":"#texture","cullface":"east"},"south":{"uv":[16,5.5,16,9],"texture":"#texture","cullface":"east"},"west":{"uv":[6.5,5.5,9.5,9],"texture":"#texture","cullface":"east"},"east":{"uv":[6.5,5.5,9.5,9],"texture":"#texture","cullface":"east"}}},{"from":[2.75,6.5,7.25],"to":[15.25,7,8.75],"faces":{"down":{"uv":[13.25,8.75,0.75,7.25],"texture":"#texture"},"north":{"uv":[0.75,9,13.25,9.5],"texture":"#texture"},"south":{"uv":[2.75,9,15.25,9.5],"texture":"#texture"},"west":{"uv":[7.25,9,8.75,9.5],"texture":"#texture"},"east":{"uv":[7.25,9,8.75,9.5],"texture":"#texture"}}},{"from":[10.75,6,7.25],"to":[15.25,6.5,8.75],"faces":{"down":{"uv":[5.25,8.75,0.75,7.25],"texture":"#texture"},"north":{"uv":[0.75,9.5,5.25,10],"texture":"#texture"},"south":{"uv":[10.75,9.5,15.25,10],"texture":"#texture"},"west":{"uv":[7.25,9.5,8.75,10],"texture":"#texture"},"east":{"uv":[7.25,9.5,8.75,10],"texture":"#texture"}}},{"from":[13.25,1.5,7.25],"to":[15,6,8.75],"rotation":{"origin":[13.25,6,7.25],"axis":"z","angle":22.5},"faces":{"down":{"uv":[2.75,8.75,1,7.25],"texture":"#texture","cullface":"east"},"north":{"uv":[1,10,2.75,14.5],"texture":"#texture","cullface":"east"},"south":{"uv":[13.25,10,15,14.5],"texture":"#texture","cullface":"east"},"west":{"uv":[7.25,10,8.75,14.5],"texture":"#texture","cullface":"east"},"east":{"uv":[7.25,10,8.75,14.5],"texture":"#texture","cullface":"east"}}},{"from":[11.5,5,7.75],"to":[11.75,6,8.25],"faces":{"north":{"uv":[4.25,10,4.5,11],"texture":"#texture"},"south":{"uv":[11.5,10,11.75,11],"texture":"#texture"},"west":{"uv":[7.75,10,8.25,11],"texture":"#texture"},"east":{"uv":[7.75,10,8.25,11],"texture":"#texture"}}},{"from":[11.5,4.25,7.75],"to":[11.75,5,8.25],"rotation":{"origin":[11.5,5,7.75],"axis":"z","angle":45},"faces":{"down":{"uv":[4,8.25,3.75,7.75],"texture":"#texture"},"north":{"uv":[3.75,10.75,4,11.5],"texture":"#texture"},"south":{"uv":[12,10.75,12.25,11.5],"texture":"#texture"},"west":{"uv":[7.75,10.75,8.25,11.5],"texture":"#texture"},"east":{"uv":[7.75,10.75,8.25,11.5],"texture":"#texture"}}},{"from":[12,4.5,7.75],"to":[14.25,4.75,8.25],"faces":{"down":{"uv":[4,8.25,1.75,7.75],"texture":"#texture"},"up":{"uv":[12,7.75,14.25,8.25],"texture":"#texture"},"north":{"uv":[1.75,11.25,4,11.5],"texture":"#texture"},"south":{"uv":[12,11.25,14.25,11.5],"texture":"#texture"},"west":{"uv":[7.75,11.25,8.25,11.5],"texture":"#texture"},"east":{"uv":[7.75,11.25,8.25,11.5],"texture":"#texture"}}},{"from":[13,5,7.75],"to":[13.25,6.5,8.25],"rotation":{"origin":[13,6.5,7.75],"axis":"z","angle":-22.5},"faces":{"down":{"uv":[8.5,8.25,8.25,7.75],"texture":"#texture"},"north":{"uv":[8.25,0,8.5,1.5],"texture":"#texture"},"south":{"uv":[7.5,0,7.75,1.5],"texture":"#texture"},"west":{"uv":[7.75,0,8.25,1.5],"texture":"#texture"},"east":{"uv":[7.75,0,8.25,1.5],"texture":"#texture"}}},{"from":[9.1875,6.6875,7.25],"to":[11.1875,7.4375,8.75],"rotation":{"origin":[9.1875,7.4375,7.25],"axis":"z","angle":-22.5},"faces":{"down":{"uv":[7,8.75,5.25,7.25],"texture":"#texture"},"up":{"uv":[9,7.25,10.75,8.75],"texture":"#texture"},"north":{"uv":[5.25,9.5,7,10],"texture":"#texture"},"south":{"uv":[9,9.5,10.75,10],"texture":"#texture"},"west":{"uv":[7.25,9.5,8.75,10],"texture":"#texture"},"east":{"uv":[7.25,9.5,8.75,10],"texture":"#texture"}}},{"from":[3,4.5,7.25],"to":[5,6.5,8.75],"faces":{"down":{"uv":[13,8.75,11,7.25],"texture":"#texture"},"north":{"uv":[11,9.5,13,11.5],"texture":"#texture"},"south":{"uv":[3,9.5,5,11.5],"texture":"#texture"},"west":{"uv":[7.25,9.5,8.75,11.5],"texture":"#texture"},"east":{"uv":[7.25,9.5,8.75,11.5],"texture":"#texture"}}},{"from":[3.25,1.75,7.25],"to":[5.25,4.5,8.75],"faces":{"down":{"uv":[12.75,8.75,10.75,7.25],"texture":"#texture"},"up":{"uv":[3.25,7.25,5.25,8.75],"texture":"#texture"},"north":{"uv":[10.75,11.5,12.75,14.25],"texture":"#texture"},"south":{"uv":[3.25,11.5,5.25,14.25],"texture":"#texture"},"west":{"uv":[7.25,11.5,8.75,14.25],"texture":"#texture"},"east":{"uv":[7.25,11.5,8.75,14.25],"texture":"#texture"}}},{"from":[1.75,10.25,6.75],"to":[17.25,11.25,9.25],"faces":{"up":{"uv":[1.75,6.75,16,9.25],"texture":"#texture","cullface":"east"},"north":{"uv":[0,4.75,14.25,5.75],"texture":"#texture","cullface":"east"},"south":{"uv":[1.75,4.75,16,5.75],"texture":"#texture","cullface":"east"},"west":{"uv":[6.75,4.75,9.25,5.75],"texture":"#texture","cullface":"east"},"east":{"uv":[6.75,4.75,9.25,5.75],"texture":"#texture","cullface":"east"}}},{"from":[14.5,11.25,7.25],"to":[16.75,11.75,8.75],"faces":{"up":{"uv":[14.5,7.25,16,8.75],"texture":"#texture","cullface":"east"},"north":{"uv":[0,4.25,1.5,4.75],"texture":"#texture","cullface":"east"},"south":{"uv":[14.5,4.25,16,4.75],"texture":"#texture","cullface":"east"},"west":{"uv":[7.25,4.25,8.75,4.75],"texture":"#texture","cullface":"east"},"east":{"uv":[7.25,4.25,8.75,4.75],"texture":"#texture","cullface":"east"}}},{"from":[15,11.75,7.25],"to":[16.75,12.25,7.5],"faces":{"up":{"uv":[15,7.25,16,7.5],"texture":"#texture","cullface":"east"},"north":{"uv":[0,3.75,1,4.25],"texture":"#texture","cullface":"east"},"south":{"uv":[15,3.75,16,4.25],"texture":"#texture","cullface":"east"},"west":{"uv":[7.25,3.75,7.5,4.25],"texture":"#texture","cullface":"east"},"east":{"uv":[8.5,3.75,8.75,4.25],"texture":"#texture","cullface":"east"}}},{"from":[15,11.75,8.5],"to":[16.75,12.25,8.75],"faces":{"up":{"uv":[15,8.5,16,8.75],"texture":"#texture","cullface":"east"},"north":{"uv":[0,3.75,1,4.25],"texture":"#texture","cullface":"east"},"south":{"uv":[15,3.75,16,4.25],"texture":"#texture","cullface":"east"},"west":{"uv":[8.5,3.75,8.75,4.25],"texture":"#texture","cullface":"east"},"east":{"uv":[7.25,3.75,7.5,4.25],"texture":"#texture","cullface":"east"}}},{"from":[15.25,11.75,7.875],"to":[16.5,12,8.125],"faces":{"up":{"uv":[15.25,7.875,16,8.125],"texture":"#texture","cullface":"east"},"north":{"uv":[0,4,0.75,4.25],"texture":"#texture","cullface":"east"},"south":{"uv":[15.25,4,16,4.25],"texture":"#texture","cullface":"east"},"west":{"uv":[7.875,4,8.125,4.25],"texture":"#texture","cullface":"east"},"east":{"uv":[7.875,4,8.125,4.25],"texture":"#texture","cullface":"east"}}},{"from":[13.1875,10.4375,7.25],"to":[14.6875,11.1875,8.75],"rotation":{"origin":[13.1875,11.1875,7.25],"axis":"z","angle":22.5},"faces":{"down":{"uv":[2.5,8.5,1,7.5],"texture":"#texture"},"up":{"uv":[13.5,7.5,15,8.5],"texture":"#texture"},"north":{"uv":[1,4.25,2.5,5],"texture":"#texture"},"south":{"uv":[13.5,4.25,15,5],"texture":"#texture"},"west":{"uv":[7.5,4.25,8.5,5],"texture":"#texture"},"east":{"uv":[7.5,4.25,8.5,5],"texture":"#texture"}}},{"from":[14.5,11.25,7.25],"to":[15.25,11.75,7.5],"rotation":{"origin":[14.5,11.75,7.25],"axis":"z","angle":45},"faces":{"up":{"uv":[14.5,7.5,15.25,8.5],"texture":"#texture"},"north":{"uv":[0.75,3.75,1.5,4.25],"texture":"#texture"},"south":{"uv":[14.5,3.75,15.25,4.25],"texture":"#texture"},"west":{"uv":[7.5,3.75,8.5,4.25],"texture":"#texture"},"east":{"uv":[7.5,3.75,8.5,4.25],"texture":"#texture"}}},{"from":[14.5,11.25,8.5],"to":[15.25,11.75,8.75],"rotation":{"origin":[14.5,11.75,8.5],"axis":"z","angle":45},"faces":{"up":{"uv":[14.5,7.5,15.25,8.5],"texture":"#texture"},"north":{"uv":[0.75,3.75,1.5,4.25],"texture":"#texture"},"south":{"uv":[14.5,3.75,15.25,4.25],"texture":"#texture"},"west":{"uv":[7.5,3.75,8.5,4.25],"texture":"#texture"},"east":{"uv":[7.5,3.75,8.5,4.25],"texture":"#texture"}}},{"from":[2.5,11.25,7.25],"to":[5.25,11.75,8.75],"faces":{"up":{"uv":[2.5,7.25,5.25,8.75],"texture":"#texture"},"north":{"uv":[10.75,4.25,13.5,4.75],"texture":"#texture"},"south":{"uv":[2.5,4.25,5.25,4.75],"texture":"#texture"},"west":{"uv":[7.25,4.25,8.75,4.75],"texture":"#texture"},"east":{"uv":[7.25,4.25,8.75,4.75],"texture":"#texture"}}},{"from":[3.25,11.75,7.25],"to":[4.5,14.25,7.5],"faces":{"up":{"uv":[3.25,7.25,4.5,7.5],"texture":"#texture"},"north":{"uv":[11.5,1.75,12.75,4.25],"texture":"#texture"},"south":{"uv":[3.25,1.75,4.5,4.25],"texture":"#texture"},"west":{"uv":[7.25,1.75,7.5,4.25],"texture":"#texture"},"east":{"uv":[8.5,1.75,8.75,4.25],"texture":"#texture"}}},{"from":[3.25,11.75,8.5],"to":[4.5,14.25,8.75],"faces":{"up":{"uv":[3.25,8.5,4.5,8.75],"texture":"#texture"},"north":{"uv":[11.5,1.75,12.75,4.25],"texture":"#texture"},"south":{"uv":[3.25,1.75,4.5,4.25],"texture":"#texture"},"west":{"uv":[8.5,1.75,8.75,4.25],"texture":"#texture"},"east":{"uv":[7.25,1.75,7.5,4.25],"texture":"#texture"}}},{"from":[3.25,4.5,7],"to":[4.75,7,9],"faces":{"down":{"uv":[12.75,9,11.25,7],"texture":"#texture"},"up":{"uv":[3.25,7,4.75,9],"texture":"#texture"},"north":{"uv":[11.25,9,12.75,11.5],"texture":"#texture"},"south":{"uv":[3.25,9,4.75,11.5],"texture":"#texture"},"west":{"uv":[7,9,9,11.5],"texture":"#texture"},"east":{"uv":[7,9,9,11.5],"texture":"#texture"}}},{"from":[3.5,1.75,7],"to":[5,4.5,9],"faces":{"down":{"uv":[12.5,9,11,7],"texture":"#texture"},"up":{"uv":[3.5,7,5,9],"texture":"#texture"},"north":{"uv":[11,11.5,12.5,14.25],"texture":"#texture"},"south":{"uv":[3.5,11.5,5,14.25],"texture":"#texture"},"west":{"uv":[7,11.5,9,14.25],"texture":"#texture"},"east":{"uv":[7,11.5,9,14.25],"texture":"#texture"}}}],"display":{"thirdperson_righthand":{"rotation":[0,-90,0],"translation":[0,1.89,-3.97],"scale":[0.85,0.85,0.85]},"thirdperson_lefthand":{"rotation":[0,90,0],"translation":[0,1.89,-3.97],"scale":[0.85,0.85,0.85]},"firstperson_righthand":{"rotation":[-3,-88,-4],"translation":[2.08,-0.38,-13.42]},"firstperson_lefthand":{"rotation":[-3,-88,-4],"translation":[2.08,-0.38,-13.42]},"gui":{"rotation":[0,0,-45],"translation":[-1.635,0.6956,0],"scale":[0.55,0.55,0.55]},"ground":{"scale":[0.4,0.4,0.4]},"fixed":{"rotation":[0,0,-45],"translation":[-1.7,1.2,0],"scale":[0.7,0.7,0.7]}}}
