{"textures":{"particle":"customblock/e_particle","1":"customblock/lava_still","2":"customblock/black_wool","3":"customblock/wool_colored_light_black"},"elements":[{"from":[3.5,8.7016,3.45],"to":[12.5,9.298341,3.65],"rotation":{"origin":[4,9,4.95],"axis":"x","angle":-45},"faces":{"down":{"uv":[0,0,0.5,0.5],"texture":"#1"},"up":{"uv":[0,0,0.5,0.5],"texture":"#1"},"north":{"uv":[0,0,0.5,0.5],"texture":"#1"},"south":{"uv":[0,0,0.5,0.5],"texture":"#1"},"west":{"uv":[0,0,0.5,0.5],"texture":"#1"},"east":{"uv":[0,0,0.5,0.5],"texture":"#1"}}},{"from":[3.5,8.7016,3.45],"to":[12.5,9.298341,3.65],"rotation":{"origin":[4,9,4.95],"axis":"x","angle":-22.5},"faces":{"down":{"uv":[0,0,0.5,0.5],"texture":"#1"},"up":{"uv":[0,0,0.5,0.5],"texture":"#1"},"north":{"uv":[0,0,0.5,0.5],"texture":"#1"},"south":{"uv":[0,0,0.5,0.5],"texture":"#1"},"west":{"uv":[0,0,0.5,0.5],"texture":"#1"},"east":{"uv":[0,0,0.5,0.5],"texture":"#1"}}},{"from":[3.5,8.7016,3.45],"to":[12.5,9.298341,3.65],"faces":{"down":{"uv":[0,0,0.5,0.5],"texture":"#1"},"up":{"uv":[0,0,0.5,0.5],"texture":"#1"},"north":{"uv":[0,0,0.5,0.5],"texture":"#1"},"south":{"uv":[0,0,0.5,0.5],"texture":"#1"},"west":{"uv":[0,0,0.5,0.5],"texture":"#1"},"east":{"uv":[0,0,0.5,0.5],"texture":"#1"}}},{"from":[3.5,8.7016,3.45],"to":[12.5,9.298341,3.65],"rotation":{"origin":[4,9,4.95],"axis":"x","angle":22.5},"faces":{"down":{"uv":[0,0,0.5,0.5],"texture":"#1"},"up":{"uv":[0,0,0.5,0.5],"texture":"#1"},"north":{"uv":[0,0,0.5,0.5],"texture":"#1"},"south":{"uv":[0,0,0.5,0.5],"texture":"#1"},"west":{"uv":[0,0,0.5,0.5],"texture":"#1"},"east":{"uv":[0,0,0.5,0.5],"texture":"#1"}}},{"from":[3.5,8.7016,3.45],"to":[12.5,9.298341,3.65],"rotation":{"origin":[4,9,4.95],"axis":"x","angle":45},"faces":{"down":{"uv":[0,0,0.5,0.5],"texture":"#1"},"up":{"uv":[0,0,0.5,0.5],"texture":"#1"},"north":{"uv":[0,0,0.5,0.5],"texture":"#1"},"south":{"uv":[0,0,0.5,0.5],"texture":"#1"},"west":{"uv":[0,0,0.5,0.5],"texture":"#1"},"east":{"uv":[0,0,0.5,0.5],"texture":"#1"}}},{"from":[3.5,8.7016,6.25],"to":[12.5,9.298341,6.45],"rotation":{"origin":[4,9,4.95],"axis":"x","angle":-45},"faces":{"down":{"uv":[0,0,0.5,0.5],"texture":"#1"},"up":{"uv":[0,0,0.5,0.5],"texture":"#1"},"north":{"uv":[0,0,0.5,0.5],"texture":"#1"},"south":{"uv":[0,0,0.5,0.5],"texture":"#1"},"west":{"uv":[0,0,0.5,0.5],"texture":"#1"},"east":{"uv":[0,0,0.5,0.5],"texture":"#1"}}},{"from":[3.5,8.7016,6.25],"to":[12.5,9.298341,6.45],"rotation":{"origin":[4,9,4.95],"axis":"x","angle":-22.5},"faces":{"down":{"uv":[0,0,0.5,0.5],"texture":"#1"},"up":{"uv":[0,0,0.5,0.5],"texture":"#1"},"north":{"uv":[0,0,0.5,0.5],"texture":"#1"},"south":{"uv":[0,0,0.5,0.5],"texture":"#1"},"west":{"uv":[0,0,0.5,0.5],"texture":"#1"},"east":{"uv":[0,0,0.5,0.5],"texture":"#1"}}},{"from":[3.5,8.7016,6.25],"to":[12.5,9.298341,6.45],"faces":{"down":{"uv":[0,0,0.5,0.5],"texture":"#1"},"up":{"uv":[0,0,0.5,0.5],"texture":"#1"},"north":{"uv":[0,0,0.5,0.5],"texture":"#1"},"south":{"uv":[0,0,0.5,0.5],"texture":"#1"},"west":{"uv":[0,0,0.5,0.5],"texture":"#1"},"east":{"uv":[0,0,0.5,0.5],"texture":"#1"}}},{"from":[3.5,8.7016,6.25],"to":[12.5,9.298341,6.45],"rotation":{"origin":[4,9,4.95],"axis":"x","angle":22.5},"faces":{"down":{"uv":[0,0,0.5,0.5],"texture":"#1"},"up":{"uv":[0,0,0.5,0.5],"texture":"#1"},"north":{"uv":[0,0,0.5,0.5],"texture":"#1"},"south":{"uv":[0,0,0.5,0.5],"texture":"#1"},"west":{"uv":[0,0,0.5,0.5],"texture":"#1"},"east":{"uv":[0,0,0.5,0.5],"texture":"#1"}}},{"from":[3.5,8.7016,6.25],"to":[12.5,9.298341,6.45],"rotation":{"origin":[4,9,4.95],"axis":"x","angle":45},"faces":{"down":{"uv":[0,0,0.5,0.5],"texture":"#1"},"up":{"uv":[0,0,0.5,0.5],"texture":"#1"},"north":{"uv":[0,0,0.5,0.5],"texture":"#1"},"south":{"uv":[0,0,0.5,0.5],"texture":"#1"},"west":{"uv":[0,0,0.5,0.5],"texture":"#1"},"east":{"uv":[0,0,0.5,0.5],"texture":"#1"}}},{"from":[3.5,7.5,4.6516],"to":[12.5,7.7,5.24834],"rotation":{"origin":[4,9,4.95],"axis":"x","angle":-22.5},"faces":{"down":{"uv":[0,0,0.5,0.5],"texture":"#1"},"up":{"uv":[0,0,0.5,0.5],"texture":"#1"},"north":{"uv":[0,0,0.5,0.5],"texture":"#1"},"south":{"uv":[0,0,0.5,0.5],"texture":"#1"},"west":{"uv":[0,0,0.5,0.5],"texture":"#1"},"east":{"uv":[0,0,0.5,0.5],"texture":"#1"}}},{"from":[3.5,7.5,4.6516],"to":[12.5,7.7,5.24834],"rotation":{"origin":[4,9,4.95],"axis":"x","angle":22.5},"faces":{"down":{"uv":[0,0,0.5,0.5],"texture":"#1"},"up":{"uv":[0,0,0.5,0.5],"texture":"#1"},"north":{"uv":[0,0,0.5,0.5],"texture":"#1"},"south":{"uv":[0,0,0.5,0.5],"texture":"#1"},"west":{"uv":[0,0,0.5,0.5],"texture":"#1"},"east":{"uv":[0,0,0.5,0.5],"texture":"#1"}}},{"from":[3.5,10.3,4.6516],"to":[12.5,10.5,5.24834],"rotation":{"origin":[4,9,4.95],"axis":"x","angle":-22.5},"faces":{"down":{"uv":[0,0,0.5,0.5],"texture":"#1"},"up":{"uv":[0,0,0.5,0.5],"texture":"#1"},"north":{"uv":[0,0,0.5,0.5],"texture":"#1"},"south":{"uv":[0,0,0.5,0.5],"texture":"#1"},"west":{"uv":[0,0,0.5,0.5],"texture":"#1"},"east":{"uv":[0,0,0.5,0.5],"texture":"#1"}}},{"from":[3.5,10.3,4.6516],"to":[12.5,10.5,5.24834],"faces":{"down":{"uv":[0,0,0.5,0.5],"texture":"#1"},"up":{"uv":[0,0,0.5,0.5],"texture":"#1"},"north":{"uv":[0,0,0.5,0.5],"texture":"#1"},"south":{"uv":[0,0,0.5,0.5],"texture":"#1"},"west":{"uv":[0,0,0.5,0.5],"texture":"#1"},"east":{"uv":[0,0,0.5,0.5],"texture":"#1"}}},{"from":[3.5,10.3,4.6516],"to":[12.5,10.5,5.24834],"rotation":{"origin":[4,9,4.95],"axis":"x","angle":22.5},"faces":{"down":{"uv":[0,0,0.5,0.5],"texture":"#1"},"up":{"uv":[0,0,0.5,0.5],"texture":"#1"},"north":{"uv":[0,0,0.5,0.5],"texture":"#1"},"south":{"uv":[0,0,0.5,0.5],"texture":"#1"},"west":{"uv":[0,0,0.5,0.5],"texture":"#1"},"east":{"uv":[0,0,0.5,0.5],"texture":"#1"}}},{"from":[3.5,7.5,4.6516],"to":[12.5,7.7,5.24834],"faces":{"down":{"uv":[0,0,0.5,0.5],"texture":"#1"},"up":{"uv":[0,0,0.5,0.5],"texture":"#1"},"north":{"uv":[0,0,0.5,0.5],"texture":"#1"},"south":{"uv":[0,0,0.5,0.5],"texture":"#1"},"west":{"uv":[0,0,0.5,0.5],"texture":"#1"},"east":{"uv":[0,0,0.5,0.5],"texture":"#1"}}},{"from":[7,7.4,4.6516],"to":[12.5,7.699999,5.24834],"faces":{"down":{"uv":[0,0,0.5,0.5],"texture":"#1"},"up":{"uv":[0,0,0.5,0.5],"texture":"#1"},"north":{"uv":[0,0,0.5,0.5],"texture":"#1"},"south":{"uv":[0,0,0.5,0.5],"texture":"#1"},"west":{"uv":[0,0,0.5,0.5],"texture":"#1"},"east":{"uv":[0,0,0.5,0.5],"texture":"#1"}}},{"from":[13.4,5.4,4.08],"to":[14.4,10.4,5.88],"faces":{"down":{"uv":[0,0,0.5,0.5],"texture":"#1","rotation":270},"up":{"uv":[0,0,0.5,0.5],"texture":"#1","rotation":270},"north":{"uv":[0,0,0.5,0.5],"texture":"#1","rotation":90},"south":{"uv":[0,0,0.5,0.5],"texture":"#1","rotation":270},"west":{"uv":[0,0,0.5,0.5],"texture":"#1","rotation":90},"east":{"uv":[0,0,0.5,0.5],"texture":"#1","rotation":270}}},{"from":[6.8,5.4,4.08],"to":[13.5,7.4,5.88],"faces":{"down":{"uv":[0,0,0.5,0.5],"texture":"#1"},"up":{"uv":[0,0,0.5,0.5],"texture":"#1"},"north":{"uv":[0,0,0.5,0.5],"texture":"#1"},"south":{"uv":[0,0,0.5,0.5],"texture":"#1"},"west":{"uv":[0,0,0.5,0.5],"texture":"#1"},"east":{"uv":[0,0,0.5,0.5],"texture":"#1"}}},{"from":[13.4,10.4,4.275],"to":[14.4,10.7,5.675],"faces":{"down":{"uv":[0,0,0.5,0.5],"texture":"#1","rotation":270},"up":{"uv":[0,0,0.5,0.5],"texture":"#1","rotation":270},"north":{"uv":[0,0,0.5,0.5],"texture":"#1","rotation":90},"south":{"uv":[0,0,0.5,0.5],"texture":"#1","rotation":270},"west":{"uv":[0,0,0.5,0.5],"texture":"#1","rotation":90},"east":{"uv":[0,0,0.5,0.5],"texture":"#1","rotation":270}}},{"from":[11.4,0,4.22],"to":[12.4,3,5.72],"rotation":{"origin":[4,9,4.95],"axis":"z","angle":45},"faces":{"down":{"uv":[0,0,0.5,0.5],"texture":"#1","rotation":270},"up":{"uv":[0,0,0.5,0.5],"texture":"#1","rotation":270},"north":{"uv":[0,0,0.5,0.5],"texture":"#1","rotation":90},"south":{"uv":[0,0,0.5,0.5],"texture":"#1","rotation":270},"west":{"uv":[0,0,0.5,0.5],"texture":"#1","rotation":90},"east":{"uv":[0,0,0.5,0.5],"texture":"#1","rotation":270}}},{"from":[15,10.42,4.22],"to":[17,13.42,5.72],"rotation":{"origin":[4,9,4.95],"axis":"z","angle":-22.5},"faces":{"down":{"uv":[0,0,0.5,0.5],"texture":"#1"},"up":{"uv":[0,0,0.5,0.5],"texture":"#1","rotation":180},"north":{"uv":[0,0,0.5,0.5],"texture":"#1","rotation":180},"south":{"uv":[0,0,0.5,0.5],"texture":"#1","rotation":180},"west":{"uv":[0,0,0.5,0.5],"texture":"#1"},"east":{"uv":[0,0,0.5,0.5],"texture":"#1","rotation":180}}},{"from":[14.3,14.1,4.17],"to":[17.3,18.1,5.77],"rotation":{"origin":[4,9,4.95],"axis":"z","angle":-45},"faces":{"down":{"uv":[0,0,0.5,0.5],"texture":"#1"},"up":{"uv":[0,0,0.5,0.5],"texture":"#1","rotation":180},"north":{"uv":[0,0,0.5,0.5],"texture":"#1","rotation":180},"south":{"uv":[0,0,0.5,0.5],"texture":"#1","rotation":180},"west":{"uv":[0,0,0.5,0.5],"texture":"#1"},"east":{"uv":[0,0,0.5,0.5],"texture":"#1","rotation":180}}},{"from":[13.5,-2.3,4.17],"to":[17.5,0.2,5.77],"rotation":{"origin":[4,9,4.95],"axis":"z","angle":22.5},"faces":{"down":{"uv":[0,0,0.5,0.5],"texture":"#1","rotation":90},"up":{"uv":[0,0,0.5,0.5],"texture":"#1","rotation":90},"north":{"uv":[0,0,0.5,0.5],"texture":"#1","rotation":90},"south":{"uv":[0,0,0.5,0.5],"texture":"#1","rotation":270},"west":{"uv":[0,0,0.5,0.5],"texture":"#1","rotation":270},"east":{"uv":[0,0,0.5,0.5],"texture":"#1","rotation":90}}},{"from":[18.6,15.15,4.17],"to":[19.6,17.15,5.77],"rotation":{"origin":[4,9,4.95],"axis":"z","angle":-45},"faces":{"down":{"uv":[0,0,0.5,0.5],"texture":"#1","rotation":180},"up":{"uv":[0,0,0.5,0.5],"texture":"#1"},"north":{"uv":[0,0,0.5,0.5],"texture":"#1","rotation":180},"south":{"uv":[0,0,0.5,0.5],"texture":"#1","rotation":180},"west":{"uv":[0,0,0.5,0.5],"texture":"#1","rotation":180},"east":{"uv":[0,0,0.5,0.5],"texture":"#1"}}},{"from":[13.15,-3.05,4.17],"to":[15.65,-1.55,5.77],"rotation":{"origin":[4,9,4.95],"axis":"z","angle":22.5},"faces":{"down":{"uv":[0,0,0.5,0.5],"texture":"#1","rotation":270},"up":{"uv":[0,0,0.5,0.5],"texture":"#1","rotation":270},"north":{"uv":[0,0,0.5,0.5],"texture":"#1","rotation":90},"south":{"uv":[0,0,0.5,0.5],"texture":"#1","rotation":270},"west":{"uv":[0,0,0.5,0.5],"texture":"#1","rotation":90},"east":{"uv":[0,0,0.5,0.5],"texture":"#1","rotation":270}}},{"from":[17.93,8,4.17],"to":[18.93,9.5,5.77],"rotation":{"origin":[4,9,4.95],"axis":"z","angle":-22.5},"faces":{"down":{"uv":[0,0,0.5,0.5],"texture":"#1","rotation":270},"up":{"uv":[0,0,0.5,0.5],"texture":"#1","rotation":270},"north":{"uv":[0,0,0.5,0.5],"texture":"#1","rotation":90},"south":{"uv":[0,0,0.5,0.5],"texture":"#1","rotation":270},"west":{"uv":[0,0,0.5,0.5],"texture":"#1","rotation":90},"east":{"uv":[0,0,0.5,0.5],"texture":"#1","rotation":270}}},{"from":[13.4,5.4,4.22],"to":[15.5,9.4,5.62],"faces":{"down":{"uv":[0,0,0.5,0.5],"texture":"#1","rotation":270},"up":{"uv":[0,0,0.5,0.5],"texture":"#1","rotation":270},"north":{"uv":[0,0,0.5,0.5],"texture":"#1","rotation":90},"south":{"uv":[0,0,0.5,0.5],"texture":"#1","rotation":270},"west":{"uv":[0,0,0.5,0.5],"texture":"#1","rotation":90},"east":{"uv":[0,0,0.5,0.5],"texture":"#1","rotation":270}}},{"from":[14.3,14.6,4.085],"to":[17.3,17.6,5.885],"rotation":{"origin":[4,9,4.95],"axis":"z","angle":-45},"faces":{"down":{"uv":[0,0,2.5,2.5],"texture":"#2","rotation":180},"up":{"uv":[0,0,2.5,2.5],"texture":"#2","rotation":180},"north":{"uv":[0,0,2.5,2.5],"texture":"#2","rotation":180},"south":{"uv":[0,0,2.5,2.5],"texture":"#2","rotation":180},"west":{"uv":[0,0,2.5,2.5],"texture":"#2","rotation":180},"east":{"uv":[0,0,2.5,2.5],"texture":"#2","rotation":180}}},{"from":[14.03,-2,4.085],"to":[17.03,0,5.885],"rotation":{"origin":[4,9,4.95],"axis":"z","angle":22.5},"faces":{"down":{"uv":[0,0,2.5,2.5],"texture":"#2","rotation":90},"up":{"uv":[0,0,2.5,2.5],"texture":"#2","rotation":270},"north":{"uv":[0,0,2.5,2.5],"texture":"#2","rotation":90},"south":{"uv":[0,0,2.5,2.5],"texture":"#2","rotation":270},"west":{"uv":[0,0,2.5,2.5],"texture":"#2","rotation":90},"east":{"uv":[0,0,2.5,2.5],"texture":"#2","rotation":90}}},{"from":[4,10.4,4.6516],"to":[12.5,10.7,5.24834],"faces":{"down":{"uv":[0,0,0.5,0.5],"texture":"#3"},"up":{"uv":[0,0,0.5,0.5],"texture":"#3"},"north":{"uv":[0,0,0.5,0.5],"texture":"#3"},"south":{"uv":[0,0,0.5,0.5],"texture":"#3"},"west":{"uv":[0,0,0.5,0.5],"texture":"#3"},"east":{"uv":[0,0,0.5,0.5],"texture":"#3"}}},{"from":[4,10.4,4.75],"to":[4.5,11.2,5.15],"faces":{"down":{"uv":[0,0,0.5,0.5],"texture":"#3"},"up":{"uv":[0,0,0.5,0.5],"texture":"#3"},"north":{"uv":[0,0,0.5,0.5],"texture":"#3"},"south":{"uv":[0,0,0.5,0.5],"texture":"#3"},"west":{"uv":[0,0,0.5,0.5],"texture":"#3"},"east":{"uv":[0,0,0.5,0.5],"texture":"#3"}}},{"from":[3.6,10.9,4.75],"to":[5.1,11.2,5.15],"rotation":{"origin":[4,9,4.95],"axis":"z","angle":-22.5},"faces":{"down":{"uv":[0,0,0.5,0.5],"texture":"#3"},"up":{"uv":[0,0,0.5,0.5],"texture":"#3"},"north":{"uv":[0,0,0.5,0.5],"texture":"#3"},"south":{"uv":[0,0,0.5,0.5],"texture":"#3"},"west":{"uv":[0,0,0.5,0.5],"texture":"#3"},"east":{"uv":[0,0,0.5,0.5],"texture":"#3"}}},{"from":[14.8,10,4.085],"to":[16.8,13,5.885],"rotation":{"origin":[4,9,4.95],"axis":"z","angle":-22.5},"faces":{"down":{"uv":[0,0,2.5,2.5],"texture":"#2"},"up":{"uv":[0,0,2.5,2.5],"texture":"#2"},"north":{"uv":[0,0,2.5,2.5],"texture":"#2","rotation":180},"south":{"uv":[0,0,2.5,2.5],"texture":"#2","rotation":180},"west":{"uv":[0,0,2.5,2.5],"texture":"#2"},"east":{"uv":[0,0,2.5,2.5],"texture":"#2"}}},{"from":[14.5,13.42,4.45],"to":[15.7,13.72,5.45],"rotation":{"origin":[4,9,4.95],"axis":"z","angle":-22.5},"faces":{"down":{"uv":[0,0,1.5,1.5],"texture":"#2","rotation":180},"up":{"uv":[0,0,1.5,1.5],"texture":"#2","rotation":180},"north":{"uv":[0,0,1.5,1.5],"texture":"#2","rotation":180},"south":{"uv":[0,0,1.5,1.5],"texture":"#2","rotation":180},"west":{"uv":[0,0,1.5,1.5],"texture":"#2","rotation":180},"east":{"uv":[0,0,1.5,1.5],"texture":"#2","rotation":180}}},{"from":[15.11,13.5,4.7],"to":[15.61,14.7,5.2],"rotation":{"origin":[4,9,4.95],"axis":"z","angle":-22.5},"faces":{"down":{"uv":[0,0,1.5,1.5],"texture":"#2","rotation":90},"up":{"uv":[0,0,1.5,1.5],"texture":"#2","rotation":90},"north":{"uv":[0,0,1.5,1.5],"texture":"#2","rotation":270},"south":{"uv":[0,0,1.5,1.5],"texture":"#2","rotation":90},"west":{"uv":[0,0,1.5,1.5],"texture":"#2","rotation":270},"east":{"uv":[0,0,1.5,1.5],"texture":"#2","rotation":90}}},{"from":[12.45,0.42,4.7],"to":[13.65,0.92,5.2],"rotation":{"origin":[4,9,4.95],"axis":"z","angle":45},"faces":{"down":{"uv":[0,0,1.5,1.5],"texture":"#2","rotation":180},"up":{"uv":[0,0,1.5,1.5],"texture":"#2","rotation":180},"north":{"uv":[0,0,1.5,1.5],"texture":"#2","rotation":180},"south":{"uv":[0,0,1.5,1.5],"texture":"#2","rotation":180},"west":{"uv":[0,0,1.5,1.5],"texture":"#2","rotation":180},"east":{"uv":[0,0,1.5,1.5],"texture":"#2","rotation":180}}},{"from":[13.45,0.42,4.7],"to":[14.65,0.92,5.2],"rotation":{"origin":[4,9,4.95],"axis":"z","angle":45},"faces":{"down":{"uv":[0,0,1.5,1.5],"texture":"#2","rotation":180},"up":{"uv":[0,0,1.5,1.5],"texture":"#2","rotation":180},"north":{"uv":[0,0,1.5,1.5],"texture":"#2","rotation":180},"south":{"uv":[0,0,1.5,1.5],"texture":"#2","rotation":180},"west":{"uv":[0,0,1.5,1.5],"texture":"#2","rotation":180},"east":{"uv":[0,0,1.5,1.5],"texture":"#2","rotation":180}}},{"from":[12.6,8.6817,3.35],"to":[13.4,9.31822,6.55],"rotation":{"origin":[13,9,4.95],"axis":"x","angle":-45},"faces":{"down":{"uv":[0,0,0.5,0.5],"texture":"#1"},"up":{"uv":[0,0,0.5,0.5],"texture":"#1"},"north":{"uv":[0,0,0.5,0.5],"texture":"#1"},"south":{"uv":[0,0,0.5,0.5],"texture":"#1"},"west":{"uv":[0,0,0.5,0.5],"texture":"#1"},"east":{"uv":[0,0,0.5,0.5],"texture":"#1"}}},{"from":[12.6,8.6817,3.35],"to":[13.4,9.31822,6.55],"rotation":{"origin":[13,9,4.95],"axis":"x","angle":-22.5},"faces":{"down":{"uv":[0,0,0.5,0.5],"texture":"#1"},"up":{"uv":[0,0,0.5,0.5],"texture":"#1"},"north":{"uv":[0,0,0.5,0.5],"texture":"#1"},"south":{"uv":[0,0,0.5,0.5],"texture":"#1"},"west":{"uv":[0,0,0.5,0.5],"texture":"#1"},"east":{"uv":[0,0,0.5,0.5],"texture":"#1"}}},{"from":[12.6,8.6817,3.35],"to":[13.4,9.31822,6.55],"faces":{"down":{"uv":[0,0,0.5,0.5],"texture":"#1"},"up":{"uv":[0,0,0.5,0.5],"texture":"#1"},"north":{"uv":[0,0,0.5,0.5],"texture":"#1"},"south":{"uv":[0,0,0.5,0.5],"texture":"#1"},"west":{"uv":[0,0,0.5,0.5],"texture":"#1"},"east":{"uv":[0,0,0.5,0.5],"texture":"#1"}}},{"from":[12.6,8.6817,3.35],"to":[13.4,9.31822,6.55],"rotation":{"origin":[13,9,4.95],"axis":"x","angle":22.5},"faces":{"down":{"uv":[0,0,0.5,0.5],"texture":"#1"},"up":{"uv":[0,0,0.5,0.5],"texture":"#1"},"north":{"uv":[0,0,0.5,0.5],"texture":"#1"},"south":{"uv":[0,0,0.5,0.5],"texture":"#1"},"west":{"uv":[0,0,0.5,0.5],"texture":"#1"},"east":{"uv":[0,0,0.5,0.5],"texture":"#1"}}},{"from":[12.6,8.6817,3.35],"to":[13.4,9.31822,6.55],"rotation":{"origin":[13,9,4.95],"axis":"x","angle":45},"faces":{"down":{"uv":[0,0,0.5,0.5],"texture":"#1"},"up":{"uv":[0,0,0.5,0.5],"texture":"#1"},"north":{"uv":[0,0,0.5,0.5],"texture":"#1"},"south":{"uv":[0,0,0.5,0.5],"texture":"#1"},"west":{"uv":[0,0,0.5,0.5],"texture":"#1"},"east":{"uv":[0,0,0.5,0.5],"texture":"#1"}}},{"from":[12.6,7.4,4.6317],"to":[13.4,10.6,5.26822],"rotation":{"origin":[13,9,4.95],"axis":"x","angle":-22.5},"faces":{"down":{"uv":[0,0,0.5,0.5],"texture":"#1"},"up":{"uv":[0,0,0.5,0.5],"texture":"#1"},"north":{"uv":[0,0,0.5,0.5],"texture":"#1"},"south":{"uv":[0,0,0.5,0.5],"texture":"#1"},"west":{"uv":[0,0,0.5,0.5],"texture":"#1"},"east":{"uv":[0,0,0.5,0.5],"texture":"#1"}}},{"from":[12.6,7.4,4.6317],"to":[13.4,10.6,5.26822],"faces":{"down":{"uv":[0,0,0.5,0.5],"texture":"#1"},"up":{"uv":[0,0,0.5,0.5],"texture":"#1"},"north":{"uv":[0,0,0.5,0.5],"texture":"#1"},"south":{"uv":[0,0,0.5,0.5],"texture":"#1"},"west":{"uv":[0,0,0.5,0.5],"texture":"#1"},"east":{"uv":[0,0,0.5,0.5],"texture":"#1"}}},{"from":[12.6,7.4,4.6317],"to":[13.4,10.6,5.26822],"rotation":{"origin":[13,9,4.95],"axis":"x","angle":22.5},"faces":{"down":{"uv":[0,0,0.5,0.5],"texture":"#1"},"up":{"uv":[0,0,0.5,0.5],"texture":"#1"},"north":{"uv":[0,0,0.5,0.5],"texture":"#1"},"south":{"uv":[0,0,0.5,0.5],"texture":"#1"},"west":{"uv":[0,0,0.5,0.5],"texture":"#1"},"east":{"uv":[0,0,0.5,0.5],"texture":"#1"}}}],"display":{"thirdperson_righthand":{"rotation":[0,-90,0],"translation":[-2.012,1.3559,-4.07],"scale":[0.6,0.6,0.6]},"thirdperson_lefthand":{"rotation":[0,91,0],"translation":[1.307,1.3559,-4.07],"scale":[0.6,0.6,0.6]},"firstperson_righthand":{"rotation":[0,-92,0],"translation":[0.3046,3.2499,-8.649]},"firstperson_lefthand":{"rotation":[0,90,0],"translation":[7.0844,3.2499,-8.649]},"gui":{"rotation":[0,0,-33],"translation":[-2.312,1.7309,0],"scale":[0.8,0.8,0.8]}}}
