{"__comment":"designed_by_yom_with_cubik_studio_-_https://cubik.studio","textures":{"particle":"customblock/iron_customblock","texture":"customblock/e_texture","0":"customblock/iron_customblock","1":"customblock/green_wool","2":"custom/lightgunmodel","3":"custom/darkgunmodel"},"elements":[{"__comment":"element","from":[-2.4021,8.1343,7.8021],"to":[5.5979,8.534301,8.202099],"faces":{"down":{"uv":[4,14,6,15.4],"texture":"#3","cullface":"west"},"up":{"uv":[4,14,6,15.4],"texture":"#3","cullface":"west"},"north":{"uv":[4,14,6,15.4],"texture":"#3","cullface":"west","rotation":180},"south":{"uv":[4,14,6,15.4],"texture":"#3","cullface":"west","rotation":180},"west":{"uv":[4,14,6,15.4],"texture":"#3","cullface":"west","rotation":180},"east":{"uv":[4,14,6,15.4],"texture":"#3","cullface":"west","rotation":180}}},{"__comment":"element","from":[-2.4016,8.2171,8.0016],"to":[5.5984,8.6171,8.4016],"rotation":{"origin":[-0.40157,8.41714,8.20158],"axis":"x","angle":45},"faces":{"down":{"uv":[4,5,6,6.4],"texture":"#3","cullface":"west","rotation":180},"up":{"uv":[4,5,6,6.4],"texture":"#3","cullface":"west","rotation":180},"north":{"uv":[4,5,6,6.4],"texture":"#3","cullface":"west","rotation":180},"south":{"uv":[4,5,6,6.4],"texture":"#3","cullface":"west","rotation":180},"west":{"uv":[4,5,6,6.4],"texture":"#3","cullface":"west","rotation":180},"east":{"uv":[4,5,6,6.4],"texture":"#3","cullface":"west","rotation":180}}},{"__comment":"element","from":[-2.401,8.4171,8.083899],"to":[5.599,8.817101,8.4839],"faces":{"down":{"uv":[4,5,6,6.4],"texture":"#3","cullface":"west","rotation":180},"up":{"uv":[4,5,6,6.4],"texture":"#3","cullface":"west","rotation":180},"north":{"uv":[4,5,6,6.4],"texture":"#3","cullface":"west","rotation":180},"south":{"uv":[4,5,6,6.4],"texture":"#3","cullface":"west","rotation":180},"west":{"uv":[4,5,6,6.4],"texture":"#3","cullface":"west","rotation":180},"east":{"uv":[4,5,6,6.4],"texture":"#3","cullface":"west","rotation":180}}},{"__comment":"element","from":[-2.4005,8.6172,8.0005],"to":[5.5995,9.0172,8.400499],"rotation":{"origin":[-0.40052,8.81716,8.20053],"axis":"x","angle":45},"faces":{"down":{"uv":[12,7,14,8.4],"texture":"#3","cullface":"west"},"up":{"uv":[12,7,14,8.4],"texture":"#3","cullface":"west"},"north":{"uv":[12,7,14,8.4],"texture":"#3","cullface":"west"},"south":{"uv":[12,7,14,8.4],"texture":"#3","cullface":"west"},"west":{"uv":[12,7,14,8.4],"texture":"#3","cullface":"west"},"east":{"uv":[12,7,14,8.4],"texture":"#3","cullface":"west"}}},{"__comment":"element","from":[1.5,7.875,7.075],"to":[1.6,8.325,7.525],"rotation":{"origin":[2.5,8.075,7.275],"axis":"x","angle":45},"faces":{"down":{"uv":[10.5,15,11.95,15.95],"texture":"#0","cullface":"west","rotation":90},"up":{"uv":[10.5,15,11.95,15.95],"texture":"#0","cullface":"west","rotation":90},"north":{"uv":[10.5,15,11.95,15.95],"texture":"#0","cullface":"west","rotation":90},"south":{"uv":[10.5,15,11.95,15.95],"texture":"#0","cullface":"west","rotation":90},"west":{"uv":[10.5,15,11.95,15.95],"texture":"#0","cullface":"west","rotation":90},"east":{"uv":[10.5,15,11.95,15.95],"texture":"#0","cullface":"west","rotation":90}}},{"__comment":"element","from":[1.5,7.875,7.075],"to":[1.6,8.325,7.525],"rotation":{"origin":[2.5,8.075,7.275],"axis":"x","angle":22.5},"faces":{"down":{"uv":[10.5,15,11.95,15.95],"texture":"#0","cullface":"west","rotation":90},"up":{"uv":[10.5,15,11.95,15.95],"texture":"#0","cullface":"west","rotation":90},"north":{"uv":[10.5,15,11.95,15.95],"texture":"#0","cullface":"west","rotation":90},"south":{"uv":[10.5,15,11.95,15.95],"texture":"#0","cullface":"west","rotation":90},"west":{"uv":[10.5,15,11.95,15.95],"texture":"#0","cullface":"west","rotation":90},"east":{"uv":[10.5,15,11.95,15.95],"texture":"#0","cullface":"west","rotation":90}}},{"__comment":"element","from":[1.5,7.875,7.075],"to":[1.6,8.325,7.525],"faces":{"down":{"uv":[10.5,15,11.95,15.95],"texture":"#0","cullface":"west","rotation":90},"up":{"uv":[10.5,15,11.95,15.95],"texture":"#0","cullface":"west","rotation":90},"north":{"uv":[10.5,15,11.95,15.95],"texture":"#0","cullface":"west","rotation":90},"south":{"uv":[10.5,15,11.95,15.95],"texture":"#0","cullface":"west","rotation":90},"west":{"uv":[10.5,15,11.95,15.95],"texture":"#0","cullface":"west","rotation":90},"east":{"uv":[10.5,15,11.95,15.95],"texture":"#0","cullface":"west","rotation":90}}},{"__comment":"element","from":[1.5,7.875,7.075],"to":[1.6,8.325,7.525],"rotation":{"origin":[2.5,8.075,7.275],"axis":"x","angle":-22.5},"faces":{"down":{"uv":[10.5,15,11.95,15.95],"texture":"#0","cullface":"west","rotation":90},"up":{"uv":[10.5,15,11.95,15.95],"texture":"#0","cullface":"west","rotation":90},"north":{"uv":[10.5,15,11.95,15.95],"texture":"#0","cullface":"west","rotation":90},"south":{"uv":[10.5,15,11.95,15.95],"texture":"#0","cullface":"west","rotation":90},"west":{"uv":[10.5,15,11.95,15.95],"texture":"#0","cullface":"west","rotation":90},"east":{"uv":[10.5,15,11.95,15.95],"texture":"#0","cullface":"west","rotation":90}}},{"__comment":"element","from":[1.6,7.9,7.1],"to":[3.6,8.299999,7.5],"rotation":{"origin":[2.6,8.1,7.3],"axis":"x","angle":-22.5},"faces":{"down":{"uv":[4,14,6,14.4],"texture":"#3","cullface":"west","rotation":180},"up":{"uv":[4,14,6,14.4],"texture":"#3","cullface":"west","rotation":180},"north":{"uv":[4,14,6,14.4],"texture":"#3","cullface":"west","rotation":180},"south":{"uv":[4,14,6,14.4],"texture":"#3","cullface":"west","rotation":180},"west":{"uv":[4,14,6,14.4],"texture":"#3","cullface":"west","rotation":180},"east":{"uv":[4,14,6,14.4],"texture":"#3","cullface":"west","rotation":180}}},{"__comment":"element","from":[1.6,7.9,7.1],"to":[3.6,8.299999,7.5],"rotation":{"origin":[2.6,8.1,7.3],"axis":"x","angle":45},"faces":{"down":{"uv":[4,5,6,5.4],"texture":"#3","cullface":"west"},"up":{"uv":[4,5,6,5.4],"texture":"#3","cullface":"west"},"north":{"uv":[4,5,6,5.4],"texture":"#3","cullface":"west"},"south":{"uv":[4,5,6,5.4],"texture":"#3","cullface":"west"},"west":{"uv":[4,5,6,5.4],"texture":"#3","cullface":"west"},"east":{"uv":[4,5,6,5.4],"texture":"#3","cullface":"west"}}},{"__comment":"element","from":[1.6,7.9,7.1],"to":[3.6,8.299999,7.5],"rotation":{"origin":[2.6,8.1,7.3],"axis":"x","angle":22.5},"faces":{"down":{"uv":[4,5,6,5.4],"texture":"#3","cullface":"west"},"up":{"uv":[4,5,6,5.4],"texture":"#3","cullface":"west"},"north":{"uv":[4,5,6,5.4],"texture":"#3","cullface":"west"},"south":{"uv":[4,5,6,5.4],"texture":"#3","cullface":"west"},"west":{"uv":[4,5,6,5.4],"texture":"#3","cullface":"west"},"east":{"uv":[4,5,6,5.4],"texture":"#3","cullface":"west"}}},{"__comment":"element","from":[1.6,7.9,7.1],"to":[3.6,8.299999,7.5],"faces":{"down":{"uv":[4,5,6,5.4],"texture":"#3","cullface":"west"},"up":{"uv":[4,5,6,5.4],"texture":"#3","cullface":"west"},"north":{"uv":[4,5,6,5.4],"texture":"#3","cullface":"west"},"south":{"uv":[4,5,6,5.4],"texture":"#3","cullface":"west"},"west":{"uv":[4,5,6,5.4],"texture":"#3","cullface":"west"},"east":{"uv":[4,5,6,5.4],"texture":"#3","cullface":"west"}}},{"__comment":"element","from":[-2.4,8.7,7.8],"to":[5.6,9.1,8.199999],"faces":{"down":{"uv":[12,7,14,8.4],"texture":"#3","cullface":"west"},"up":{"uv":[12,7,14,8.4],"texture":"#3","cullface":"west"},"north":{"uv":[12,7,14,8.4],"texture":"#3","cullface":"west"},"south":{"uv":[12,7,14,8.4],"texture":"#3","cullface":"west"},"west":{"uv":[12,7,14,8.4],"texture":"#3","cullface":"west"},"east":{"uv":[12,7,14,8.4],"texture":"#3","cullface":"west"}}},{"__comment":"element","from":[14.007,1.5144,7.2],"to":[14.307,6.5144,8.8],"rotation":{"origin":[11.307,2.7144,7.95],"axis":"z","angle":-22.5},"faces":{"down":{"uv":[0,8,8,10],"texture":"#2","cullface":"east","rotation":270},"up":{"uv":[0,9,2,12],"texture":"#2","cullface":"east","rotation":270},"north":{"uv":[5,6,7.6,9],"texture":"#2","cullface":"east","rotation":90},"south":{"uv":[4,8,6.6,11],"texture":"#2","cullface":"east","rotation":270},"west":{"uv":[4,8,6.6,10],"texture":"#2","cullface":"east","rotation":270},"east":{"uv":[0,8,2.6,10],"texture":"#2","cullface":"east","rotation":270}}},{"__comment":"element","from":[15,4.1144,7.2],"to":[17.5,4.4144,8.8],"rotation":{"origin":[16.2,7.11439,7.95],"axis":"z","angle":-22.5},"faces":{"down":{"uv":[0,8,2.6,10],"texture":"#2","cullface":"east"},"up":{"uv":[4,8,6.6,10],"texture":"#2","cullface":"east"},"north":{"uv":[5,6,7.6,9],"texture":"#2","cullface":"east"},"south":{"uv":[4,8,6.6,11],"texture":"#2","cullface":"east"},"west":{"uv":[0,8,8,10],"texture":"#2","cullface":"east"},"east":{"uv":[0,9,2,12],"texture":"#2","cullface":"east"}}},{"__comment":"element","from":[14.5074,3.1144,7.2],"to":[17.0074,3.4144,8.8],"rotation":{"origin":[15.7074,6.11439,7.95],"axis":"z","angle":-22.5},"faces":{"down":{"uv":[0,8,2.6,10],"texture":"#2","cullface":"east"},"up":{"uv":[4,8,6.6,10],"texture":"#2","cullface":"east"},"north":{"uv":[5,6,7.6,9],"texture":"#2","cullface":"east"},"south":{"uv":[4,8,6.6,11],"texture":"#2","cullface":"east"},"west":{"uv":[0,8,8,10],"texture":"#2","cullface":"east"},"east":{"uv":[0,9,2,12],"texture":"#2","cullface":"east"}}},{"__comment":"element","from":[14.1074,2.1144,7.2],"to":[16.6074,2.4144,8.8],"rotation":{"origin":[15.3074,5.11439,7.95],"axis":"z","angle":-22.5},"faces":{"down":{"uv":[0,8,2.6,10],"texture":"#2","cullface":"east"},"up":{"uv":[4,8,6.6,10],"texture":"#2","cullface":"east"},"north":{"uv":[5,6,7.6,9],"texture":"#2","cullface":"east"},"south":{"uv":[4,8,6.6,11],"texture":"#2","cullface":"east"},"west":{"uv":[0,8,8,10],"texture":"#2","cullface":"east"},"east":{"uv":[0,9,2,12],"texture":"#2","cullface":"east"}}},{"__comment":"element","from":[13.7074,1.1144,7.2],"to":[16.2074,1.4144,8.8],"rotation":{"origin":[14.9074,4.11439,7.95],"axis":"z","angle":-22.5},"faces":{"down":{"uv":[0,8,2.6,10],"texture":"#2","cullface":"east"},"up":{"uv":[4,8,6.6,10],"texture":"#2","cullface":"east"},"north":{"uv":[5,6,7.6,9],"texture":"#2","cullface":"east"},"south":{"uv":[4,8,6.6,11],"texture":"#2","cullface":"east"},"west":{"uv":[0,8,8,10],"texture":"#2","cullface":"east"},"east":{"uv":[0,9,2,12],"texture":"#2","cullface":"east"}}},{"__comment":"element","from":[13.3074,0.1144,7.2],"to":[15.8074,0.4144,8.8],"rotation":{"origin":[14.5074,3.11439,7.95],"axis":"z","angle":-22.5},"faces":{"down":{"uv":[0,8,2.6,10],"texture":"#2","cullface":"east"},"up":{"uv":[4,8,6.6,10],"texture":"#2","cullface":"east"},"north":{"uv":[5,6,7.6,9],"texture":"#2","cullface":"east"},"south":{"uv":[4,8,6.6,11],"texture":"#2","cullface":"east"},"west":{"uv":[0,8,8,10],"texture":"#2","cullface":"east"},"east":{"uv":[0,9,2,12],"texture":"#2","cullface":"east"}}},{"__comment":"element","from":[13.3574,0.1144,7.2523],"to":[15.7574,6.1144,8.7523],"rotation":{"origin":[14.55743,3.11439,8.0023],"axis":"z","angle":-22.5},"faces":{"down":{"uv":[0,8,2.6,10],"texture":"#2","cullface":"east"},"up":{"uv":[4,8,6.6,10],"texture":"#2","cullface":"east"},"north":{"uv":[5,6,7.6,9],"texture":"#2","cullface":"east"},"south":{"uv":[4,8,6.6,11],"texture":"#2","cullface":"east"},"west":{"uv":[0,8,8,10],"texture":"#2","cullface":"east"},"east":{"uv":[0,9,2,12],"texture":"#2","cullface":"east"}}},{"__comment":"element","from":[9.934,7.1723,7.305],"to":[12.434,8.1723,8.695],"faces":{"down":{"uv":[10,10,12,14],"texture":"#1","rotation":90},"up":{"uv":[8,7,10,11],"texture":"#1","rotation":90},"north":{"uv":[9,11,11,15],"texture":"#1","rotation":270},"south":{"uv":[8,7,5,11],"texture":"#1","rotation":90},"west":{"uv":[8,9,10,11],"texture":"#1","rotation":90},"east":{"uv":[7,9,9,11],"texture":"#1","rotation":90}}},{"__comment":"element","from":[9.6462,7.116,7.305],"to":[10.1462,8.115999,8.695],"rotation":{"origin":[9.89615,7.61599,8.01],"axis":"z","angle":22.5},"faces":{"down":{"uv":[10,10,12,14],"texture":"#1","rotation":90},"up":{"uv":[8,7,10,11],"texture":"#1","rotation":90},"north":{"uv":[9,11,11,15],"texture":"#1","rotation":270},"south":{"uv":[8,7,5,11],"texture":"#1","rotation":90},"west":{"uv":[8,9,10,11],"texture":"#1","rotation":90},"east":{"uv":[7,9,9,11],"texture":"#1","rotation":90}}},{"__comment":"element","from":[8.9176,8.8235,7.305],"to":[9.4176,9.8235,8.695],"rotation":{"origin":[11.6676,8.97353,8.02],"axis":"z","angle":45},"faces":{"down":{"uv":[10,10,12,14],"texture":"#1","rotation":90},"up":{"uv":[8,7,10,11],"texture":"#1","rotation":90},"north":{"uv":[9,11,11,15],"texture":"#1","rotation":270},"south":{"uv":[8,7,5,11],"texture":"#1","rotation":90},"west":{"uv":[8,9,10,11],"texture":"#1","rotation":90},"east":{"uv":[7,9,9,11],"texture":"#1","rotation":90}}},{"__comment":"element","from":[9.9183,6.6348,7.305],"to":[10.9183,7.1348,8.695],"rotation":{"origin":[10.76834,9.38479,8.015],"axis":"z","angle":-22.5},"faces":{"down":{"uv":[8,9,10,11],"texture":"#1"},"up":{"uv":[7,9,9,11],"texture":"#1"},"north":{"uv":[9,11,11,15],"texture":"#1"},"south":{"uv":[8,7,5,11],"texture":"#1"},"west":{"uv":[8,7,10,11],"texture":"#1"},"east":{"uv":[10,10,12,14],"texture":"#1"}}},{"__comment":"element","from":[8.929999,6.6695,7.305],"to":[9.929999,7.1695,8.695],"faces":{"down":{"uv":[8,9,10,11],"texture":"#1"},"up":{"uv":[7,9,9,11],"texture":"#1"},"north":{"uv":[9,11,11,15],"texture":"#1"},"south":{"uv":[8,7,5,11],"texture":"#1"},"west":{"uv":[8,7,10,11],"texture":"#1"},"east":{"uv":[10,10,12,14],"texture":"#1"}}},{"__comment":"element","from":[9,5.05,7.305],"to":[10,6.05,8.695],"rotation":{"origin":[9.85,7.8,8.005],"axis":"z","angle":-22.5},"faces":{"down":{"uv":[8,9,10,11],"texture":"#1"},"up":{"uv":[7,9,9,11],"texture":"#1"},"north":{"uv":[9,11,11,15],"texture":"#1"},"south":{"uv":[8,7,5,11],"texture":"#1"},"west":{"uv":[8,7,10,11],"texture":"#1"},"east":{"uv":[10,10,12,14],"texture":"#1"}}},{"__comment":"element","from":[8.7279,7.1996,7.225],"to":[9.0279,7.499599,8.775],"faces":{"down":{"uv":[8,5,2.5,11],"texture":"#3","rotation":270},"up":{"uv":[8,5,2.5,11],"texture":"#3","rotation":270},"north":{"uv":[8,5,2.5,11],"texture":"#3","rotation":270},"south":{"uv":[8,5,2.5,11],"texture":"#3","rotation":270},"west":{"uv":[8,5,2.5,11],"texture":"#3","rotation":270},"east":{"uv":[8,5,2.5,11],"texture":"#3","rotation":270}}},{"__comment":"element","from":[8.7279,7.1996,7.225],"to":[9.0279,7.499599,8.775],"rotation":{"origin":[8.8779,7.34957,7.975],"axis":"z","angle":-22.5},"faces":{"down":{"uv":[8,5,2.5,11],"texture":"#3","rotation":270},"up":{"uv":[8,5,2.5,11],"texture":"#3","rotation":270},"north":{"uv":[8,5,2.5,11],"texture":"#3","rotation":270},"south":{"uv":[8,5,2.5,11],"texture":"#3","rotation":270},"west":{"uv":[8,5,2.5,11],"texture":"#3","rotation":270},"east":{"uv":[8,5,2.5,11],"texture":"#3","rotation":270}}},{"__comment":"element","from":[8.7279,7.1996,7.225],"to":[9.0279,7.499599,8.775],"rotation":{"origin":[8.8779,7.34957,7.975],"axis":"z","angle":45},"faces":{"down":{"uv":[8,5,2.5,11],"texture":"#3"},"up":{"uv":[8,5,2.5,11],"texture":"#3"},"north":{"uv":[8,5,2.5,11],"texture":"#3"},"south":{"uv":[8,5,2.5,11],"texture":"#3"},"west":{"uv":[8,5,2.5,11],"texture":"#3"},"east":{"uv":[8,5,2.5,11],"texture":"#3"}}},{"__comment":"element","from":[6.5,6.1,7.225],"to":[6.8,6.4,8.775],"rotation":{"origin":[5,12.4,7.925],"axis":"z","angle":22.5},"faces":{"down":{"uv":[8,5,2.5,11],"texture":"#3"},"up":{"uv":[8,5,2.5,11],"texture":"#3"},"north":{"uv":[8,5,2.5,11],"texture":"#3"},"south":{"uv":[8,5,2.5,11],"texture":"#3"},"west":{"uv":[8,5,2.5,11],"texture":"#3"},"east":{"uv":[8,5,2.5,11],"texture":"#3"}}},{"__comment":"element","from":[2.15,1.4,7.25],"to":[3.95,1.8,8.75],"faces":{"down":{"uv":[8,9,10,11],"texture":"#1"},"up":{"uv":[7,9,9,11],"texture":"#1"},"north":{"uv":[9,11,11,15],"texture":"#1"},"south":{"uv":[8,7,5,11],"texture":"#1"},"west":{"uv":[8,7,10,11],"texture":"#1"},"east":{"uv":[10,10,12,14],"texture":"#1"}}},{"__comment":"element","from":[2.15,6.4,7.25],"to":[3.95,6.8,8.75],"faces":{"down":{"uv":[8,9,10,11],"texture":"#1"},"up":{"uv":[7,9,9,11],"texture":"#1"},"north":{"uv":[9,11,11,15],"texture":"#1"},"south":{"uv":[8,7,5,11],"texture":"#1"},"west":{"uv":[8,7,10,11],"texture":"#1"},"east":{"uv":[10,10,12,14],"texture":"#1"}}},{"__comment":"element","from":[2.2,1.5,7.3],"to":[3.9,6.8,8.699999],"faces":{"down":{"uv":[8,9,10,11],"texture":"#1"},"up":{"uv":[7,9,9,11],"texture":"#1"},"north":{"uv":[9,11,11,15],"texture":"#1"},"south":{"uv":[8,7,5,11],"texture":"#1"},"west":{"uv":[8,7,10,11],"texture":"#1"},"east":{"uv":[10,10,12,14],"texture":"#1"}}},{"__comment":"element","from":[7.5,1.5,7.3],"to":[9.2,7,8.699999],"rotation":{"origin":[6,7.8,8],"axis":"z","angle":22.5},"faces":{"down":{"uv":[8,9,10,11],"texture":"#1"},"up":{"uv":[7,9,9,11],"texture":"#1"},"north":{"uv":[9,11,11,15],"texture":"#1"},"south":{"uv":[8,7,5,11],"texture":"#1"},"west":{"uv":[8,7,10,11],"texture":"#1"},"east":{"uv":[10,10,12,14],"texture":"#1"}}},{"__comment":"element","from":[4.8844,2.4717,7.2996],"to":[5.2844,8.0717,8.699598],"rotation":{"origin":[5.68445,7.57166,7.59955],"axis":"z","angle":22.5},"faces":{"down":{"uv":[0,0,0.2,0.6000004],"texture":"#1"},"up":{"uv":[0,0,0.2,0.6000004],"texture":"#1"},"north":{"uv":[0,0,0.2,2],"texture":"#1"},"south":{"uv":[0,0,0.2,2],"texture":"#1"},"west":{"uv":[0,0,0.6,2],"texture":"#1"},"east":{"uv":[0,0,0.6,2],"texture":"#1"}}},{"__comment":"element","from":[6.897,2.5536,7.2998],"to":[9.797,2.9536,8.6998],"faces":{"down":{"uv":[0,0,1.9,0.6000004],"texture":"#1"},"up":{"uv":[0,0,1.9,0.6000004],"texture":"#1"},"north":{"uv":[0,0,1.9,0.1999998],"texture":"#1"},"south":{"uv":[0,0,1.9,0.1999998],"texture":"#1"},"west":{"uv":[0,0,0.6,0.1999998],"texture":"#1"},"east":{"uv":[0,0,0.6,0.1999998],"texture":"#1"}}},{"__comment":"element","from":[9.1584,7.2086,7.132],"to":[9.3584,9.0266,8.950001],"rotation":{"origin":[-1.9116,8.2186,8.14199],"axis":"x","angle":45},"faces":{"down":{"uv":[0,0,1.2,1.81797],"texture":"#3","cullface":"east"},"up":{"uv":[0,0,1.2,1.81797],"texture":"#3","cullface":"east"},"north":{"uv":[0,0,1.2,1.81797],"texture":"#3","cullface":"east"},"south":{"uv":[0,0,1.2,1.81797],"texture":"#3","cullface":"east"},"west":{"uv":[0,0,1.2,1.81797],"texture":"#3","cullface":"east"},"east":{"uv":[0,0,1.2,1.81797],"texture":"#3","cullface":"east"}}},{"__comment":"element","from":[6.8584,8.099999,6.9],"to":[8.1584,8.917999,7.5],"rotation":{"origin":[-1.2116,8.11,7.91],"axis":"x","angle":45},"faces":{"down":{"uv":[0.3,7,1.15,7.409],"texture":"#3","cullface":"east"},"up":{"uv":[0.3,7,1.15,7.409],"texture":"#3","cullface":"east"},"north":{"uv":[0.3,7,1.15,7.409],"texture":"#3","cullface":"east"},"south":{"uv":[0.3,7,1.15,7.409],"texture":"#3","cullface":"east"},"west":{"uv":[0.3,7,1.15,7.409],"texture":"#3","cullface":"east"},"east":{"uv":[0.3,7,1.15,7.409],"texture":"#3","cullface":"east"}}},{"__comment":"element","from":[4.8584,8.099999,6.9],"to":[6.1584,8.917999,7.5],"rotation":{"origin":[-3.2116,8.11,7.91],"axis":"x","angle":45},"faces":{"down":{"uv":[0.3,7,2,7.818],"texture":"#3","cullface":"east"},"up":{"uv":[0.3,7,2,7.818],"texture":"#3","cullface":"east"},"north":{"uv":[0.3,7,2,7.818],"texture":"#3","cullface":"east"},"south":{"uv":[0.3,7,2,7.818],"texture":"#3","cullface":"east"},"west":{"uv":[0.3,7,2,7.818],"texture":"#3","cullface":"east"},"east":{"uv":[0.3,7,2,7.818],"texture":"#3","cullface":"east"}}},{"__comment":"element","from":[4.4584,7.21,7.1306],"to":[9.1584,9.028,7.7306],"rotation":{"origin":[-2.6116,8.22,8.1406],"axis":"x","angle":45},"faces":{"down":{"uv":[0,0,1.2,1.81797],"texture":"#3","cullface":"east"},"up":{"uv":[0,0,1.2,1.81797],"texture":"#3","cullface":"east"},"north":{"uv":[0,0,1.2,1.81797],"texture":"#3","cullface":"east"},"south":{"uv":[0,0,1.2,1.81797],"texture":"#3","cullface":"east"},"west":{"uv":[0,0,1.2,1.81797],"texture":"#3","cullface":"east"},"east":{"uv":[0,0,1.2,1.81797],"texture":"#3","cullface":"east"}}},{"__comment":"element","from":[4.4582,7.2808,8.877999],"to":[9.158199,9.098801,8.978],"rotation":{"origin":[-2.61185,8.29083,8.07001],"axis":"x","angle":45},"faces":{"down":{"uv":[5,8,11.7,8.1],"texture":"#3","cullface":"east"},"up":{"uv":[5,8,11.7,8.1],"texture":"#3","cullface":"east"},"north":{"uv":[5,8,11.7,8.1],"texture":"#3","cullface":"east"},"south":{"uv":[5,8,11.7,8.1],"texture":"#3","cullface":"east"},"west":{"uv":[5,8,11.7,8.1],"texture":"#3","cullface":"east"},"east":{"uv":[5,8,11.7,8.1],"texture":"#3","cullface":"east"}}},{"__comment":"element","from":[2.5581,7.2922,7.5],"to":[2.8581,7.592198,8.5],"faces":{"down":{"uv":[9.5,15,11,16],"texture":"#0","cullface":"east"},"up":{"uv":[9.5,15,11,16],"texture":"#0","cullface":"east"},"north":{"uv":[9.5,15,11,16],"texture":"#0","cullface":"east"},"south":{"uv":[9.5,15,11,16],"texture":"#0","cullface":"east"},"west":{"uv":[9.5,15,11,16],"texture":"#0","cullface":"east"},"east":{"uv":[9.5,15,11,16],"texture":"#0","cullface":"east"}}},{"__comment":"element","from":[2.5581,6.2922,7.85],"to":[3.0581,7.2922,8.15],"faces":{"down":{"uv":[2,3,8,5],"texture":"#3","cullface":"east"},"up":{"uv":[2,3,8,5],"texture":"#3","cullface":"east"},"north":{"uv":[2,3,8,5],"texture":"#3","cullface":"east"},"south":{"uv":[2,3,8,5],"texture":"#3","cullface":"east"},"west":{"uv":[2,3,8,5],"texture":"#3","cullface":"east"},"east":{"uv":[2,3,8,5],"texture":"#3","cullface":"east"}}},{"__comment":"element","from":[2.4581,6.4422,7.93],"to":[3.4581,7.1422,8.629999],"rotation":{"origin":[-4.54186,7.44221,8.92997],"axis":"x","angle":45},"faces":{"down":{"uv":[2,3,8,5],"texture":"#3","cullface":"east"},"up":{"uv":[2,3,8,5],"texture":"#3","cullface":"east"},"north":{"uv":[2,3,8,5],"texture":"#3","cullface":"east"},"south":{"uv":[2,3,8,5],"texture":"#3","cullface":"east"},"west":{"uv":[2,3,8,5],"texture":"#3","cullface":"east"},"east":{"uv":[2,3,8,5],"texture":"#3","cullface":"east"}}},{"__comment":"element","from":[3.4584,7.2199,7.152],"to":[4.4584,9.019899,8.952],"rotation":{"origin":[-3.54161,8.2199,8.15203],"axis":"x","angle":45},"faces":{"down":{"uv":[0,0,1.2,1.81797],"texture":"#3","cullface":"east"},"up":{"uv":[0,0,1.2,1.81797],"texture":"#3","cullface":"east"},"north":{"uv":[0,0,1.2,1.81797],"texture":"#3","cullface":"east"},"south":{"uv":[0,0,1.2,1.81797],"texture":"#3","cullface":"east"},"west":{"uv":[0,0,1.2,1.81797],"texture":"#3","cullface":"east"},"east":{"uv":[0,0,1.2,1.81797],"texture":"#3","cullface":"east"}}},{"__comment":"element","from":[3.7,8.3477,8.8638],"to":[4.7,9.547701,9.063801],"faces":{"down":{"uv":[6,5,12,7],"texture":"#1","cullface":"east"},"up":{"uv":[5,8,11,10],"texture":"#1","cullface":"east"},"north":{"uv":[6,7,12,9],"texture":"#1","cullface":"east"},"south":{"uv":[2,3,8,5],"texture":"#1","cullface":"east"},"west":{"uv":[2,6,4,8],"texture":"#1","cullface":"east"},"east":{"uv":[4,5,6,7],"texture":"#1","cullface":"east"}}},{"__comment":"element","from":[3.7,7.1,8.4],"to":[4.7,8.3,8.65],"rotation":{"origin":[-3.3,8.1,9.4],"axis":"x","angle":45},"faces":{"down":{"uv":[6,5,12,7],"texture":"#1","cullface":"east"},"up":{"uv":[5,8,11,10],"texture":"#1","cullface":"east"},"north":{"uv":[6,7,12,9],"texture":"#1","cullface":"east"},"south":{"uv":[2,3,8,5],"texture":"#1","cullface":"east"},"west":{"uv":[2,6,4,8],"texture":"#1","cullface":"east"},"east":{"uv":[4,5,6,7],"texture":"#1","cullface":"east"}}},{"__comment":"element","from":[3.7,7.4,8.4],"to":[4.7,8.6,8.65],"rotation":{"origin":[-3.3,8.4,9.4],"axis":"x","angle":45},"faces":{"down":{"uv":[6,5,12,7],"texture":"#1","cullface":"east"},"up":{"uv":[5,8,11,10],"texture":"#1","cullface":"east"},"north":{"uv":[6,7,12,9],"texture":"#1","cullface":"east"},"south":{"uv":[2,3,8,5],"texture":"#1","cullface":"east"},"west":{"uv":[2,6,4,8],"texture":"#1","cullface":"east"},"east":{"uv":[4,5,6,7],"texture":"#1","cullface":"east"}}},{"__comment":"element","from":[3.7,7.7,8.429299],"to":[4.7,8.9,8.679299],"rotation":{"origin":[-3.3,8.7,9.42926],"axis":"x","angle":45},"faces":{"down":{"uv":[6,5,12,7],"texture":"#1","cullface":"east"},"up":{"uv":[5,8,11,10],"texture":"#1","cullface":"east"},"north":{"uv":[6,7,12,9],"texture":"#1","cullface":"east"},"south":{"uv":[2,3,8,5],"texture":"#1","cullface":"east"},"west":{"uv":[2,6,4,8],"texture":"#1","cullface":"east"},"east":{"uv":[4,5,6,7],"texture":"#1","cullface":"east"}}},{"__comment":"element","from":[4.4,7.2,7.1392],"to":[11.903,8.9,8.939199],"rotation":{"origin":[6.4,8.2,8.13921],"axis":"x","angle":45},"faces":{"down":{"uv":[9,0,16,5.5],"texture":"#1","cullface":"east"},"up":{"uv":[14,0,16,1.5],"texture":"#3","cullface":"east"},"north":{"uv":[9,0,16,5.5],"texture":"#1","cullface":"east"},"south":{"uv":[9,0,16,5.5],"texture":"#1","cullface":"east"},"west":{"uv":[9,0,16,5.5],"texture":"#1","cullface":"east"},"east":{"uv":[9,0,16,5.5],"texture":"#1","cullface":"east"}}},{"__comment":"element","from":[14.502,6.9877,7.2045],"to":[19.005,8.787701,9.004499],"rotation":{"origin":[16.75347,7.73771,8.10448],"axis":"x","angle":-45},"faces":{"down":{"uv":[2,3,8,5],"texture":"#1","cullface":"east"},"up":{"uv":[6,7,12,9],"texture":"#3","cullface":"east","rotation":180},"north":{"uv":[6,5,12,7],"texture":"#1","cullface":"east","rotation":180},"south":{"uv":[5,8,11,10],"texture":"#1","cullface":"east"},"west":{"uv":[2,6,4,8],"texture":"#1","cullface":"east","rotation":90},"east":{"uv":[4,5,6,7],"texture":"#1","cullface":"east","rotation":270}}},{"__comment":"element","from":[23.503,7.2003,7.1388],"to":[23.703,9.000299,8.938799],"rotation":{"origin":[25.50301,8.20028,8.13885],"axis":"x","angle":45},"faces":{"down":{"uv":[0,0,16,16],"texture":"#3","cullface":"east"},"up":{"uv":[0,0,16,16],"texture":"#3","cullface":"east"},"north":{"uv":[0,0,16,16],"texture":"#3","cullface":"east"},"south":{"uv":[0,0,16,16],"texture":"#3","cullface":"east"},"west":{"uv":[0,0,16,16],"texture":"#3","cullface":"east"},"east":{"uv":[0,0,16,16],"texture":"#3","cullface":"east"}}},{"__comment":"element","from":[18.5,7.1999,7.1392],"to":[23.503,8.999899,8.939199],"rotation":{"origin":[20.5,8.19994,8.13921],"axis":"x","angle":45},"faces":{"down":{"uv":[6,5,12,7],"texture":"#1","cullface":"east"},"up":{"uv":[5,8,11,10],"texture":"#1","cullface":"east"},"north":{"uv":[6,7,12,9],"texture":"#1","cullface":"east"},"south":{"uv":[2,3,8,5],"texture":"#1","cullface":"east"},"west":{"uv":[2,6,4,8],"texture":"#1","cullface":"east"},"east":{"uv":[4,5,6,7],"texture":"#1","cullface":"east"}}},{"__comment":"element","from":[14.5,8.117599,8.0601],"to":[18.5,8.617599,9.8601],"rotation":{"origin":[16.5,9.11757,9.06006],"axis":"x","angle":45},"faces":{"down":{"uv":[6,5,12,7],"texture":"#1","cullface":"east"},"up":{"uv":[5,8,11,10],"texture":"#1","cullface":"east"},"north":{"uv":[6,7,12,9],"texture":"#1","cullface":"east"},"south":{"uv":[2,3,8,5],"texture":"#1","cullface":"east"},"west":{"uv":[2,6,4,8],"texture":"#1","cullface":"east"},"east":{"uv":[4,5,6,7],"texture":"#1","cullface":"east"}}},{"__comment":"element","from":[14.503,7.1991,7.1401],"to":[18.503,7.6991,8.9401],"rotation":{"origin":[16.503,8.19907,8.14007],"axis":"x","angle":45},"faces":{"down":{"uv":[6,5,12,7],"texture":"#1","cullface":"east"},"up":{"uv":[5,8,11,10],"texture":"#1","cullface":"east"},"north":{"uv":[6,7,12,9],"texture":"#1","cullface":"east"},"south":{"uv":[2,3,8,5],"texture":"#1","cullface":"east"},"west":{"uv":[2,6,4,8],"texture":"#1","cullface":"east"},"east":{"uv":[4,5,6,7],"texture":"#1","cullface":"east"}}},{"__comment":"element","from":[9.3,7.1999,7.1392],"to":[14.503,8.999899,8.939199],"rotation":{"origin":[12.3,8.19994,8.13921],"axis":"x","angle":45},"faces":{"down":{"uv":[6,5,12,7],"texture":"#1","cullface":"east"},"up":{"uv":[5,8,11,10],"texture":"#1","cullface":"east"},"north":{"uv":[6,7,12,9],"texture":"#1","cullface":"east"},"south":{"uv":[2,3,8,5],"texture":"#1","cullface":"east"},"west":{"uv":[2,6,4,8],"texture":"#1","cullface":"east"},"east":{"uv":[4,5,6,7],"texture":"#1","cullface":"east"}}},{"__comment":"element","from":[14.1033,4.7009,6.6773],"to":[17.0033,6.2009,9.227301],"rotation":{"origin":[15.5533,5.4509,7.95233],"axis":"z","angle":-22.5},"faces":{"down":{"uv":[4,11,6,13],"texture":"#1","cullface":"east"},"up":{"uv":[6,2,8,4],"texture":"#1","cullface":"east"},"north":{"uv":[7,3,9,6],"texture":"#1","cullface":"east"},"south":{"uv":[3,7,5,10],"texture":"#1","cullface":"east"},"west":{"uv":[7,8,9,11],"texture":"#1","cullface":"east"},"east":{"uv":[9,11,11,14],"texture":"#1","cullface":"east"}}},{"__comment":"element","from":[11.1046,7.1595,6.7266],"to":[12.0296,8.084499,9.2766],"rotation":{"origin":[11.75463,7.80946,8.00158],"axis":"z","angle":45},"faces":{"down":{"uv":[4,11,6,13],"texture":"#1","cullface":"east"},"up":{"uv":[6,2,8,4],"texture":"#1","cullface":"east"},"north":{"uv":[7,3,9,6],"texture":"#1","cullface":"east"},"south":{"uv":[3,7,5,10],"texture":"#1","cullface":"east"},"west":{"uv":[7,8,9,11],"texture":"#1","cullface":"east"},"east":{"uv":[9,11,11,14],"texture":"#1","cullface":"east"}}},{"__comment":"element","from":[23.503,6.8981,6.7224],"to":[23.703,8.1981,9.2724],"faces":{"down":{"uv":[0,0,16,16],"texture":"#3","cullface":"east"},"up":{"uv":[0,0,16,16],"texture":"#3","cullface":"east"},"north":{"uv":[0,0,16,16],"texture":"#3","cullface":"east"},"south":{"uv":[0,0,16,16],"texture":"#3","cullface":"east"},"west":{"uv":[0,0,16,16],"texture":"#3","cullface":"east"},"east":{"uv":[0,0,16,16],"texture":"#3","cullface":"east"}}},{"__comment":"element","from":[11.7533,6.9,6.725],"to":[23.5033,8.199999,9.275],"faces":{"down":{"uv":[4,11,6,13],"texture":"#1","cullface":"east"},"up":{"uv":[6,2,8,4],"texture":"#1","cullface":"east"},"north":{"uv":[7,3,9,6],"texture":"#1","cullface":"east"},"south":{"uv":[3,7,5,10],"texture":"#1","cullface":"east"},"west":{"uv":[7,8,9,11],"texture":"#1","cullface":"east"},"east":{"uv":[9,11,11,14],"texture":"#1","cullface":"east"}}},{"__comment":"element","from":[15.4421,5.7981,6.725],"to":[21.0421,7.1981,9.275],"rotation":{"origin":[18.19213,6.49806,8],"axis":"z","angle":-22.5},"faces":{"down":{"uv":[7,8,9,11],"texture":"#1","cullface":"east","rotation":270},"up":{"uv":[9,11,11,14],"texture":"#1","cullface":"east","rotation":270},"north":{"uv":[7,3,9,6],"texture":"#1","cullface":"east","rotation":90},"south":{"uv":[3,7,5,10],"texture":"#1","cullface":"east","rotation":270},"west":{"uv":[6,2,8,4],"texture":"#1","cullface":"east","rotation":270},"east":{"uv":[4,11,6,13],"texture":"#1","cullface":"east","rotation":270}}},{"__comment":"element","from":[19.1962,6.4419,6.725],"to":[21.4462,7.841899,9.275],"rotation":{"origin":[20.29622,7.14186,8],"axis":"z","angle":-22.5},"faces":{"down":{"uv":[7,8,9,11],"texture":"#1","cullface":"east","rotation":270},"up":{"uv":[9,11,11,14],"texture":"#1","cullface":"east","rotation":270},"north":{"uv":[7,3,9,6],"texture":"#1","cullface":"east","rotation":90},"south":{"uv":[3,7,5,10],"texture":"#1","cullface":"east","rotation":270},"west":{"uv":[6,2,8,4],"texture":"#1","cullface":"east","rotation":270},"east":{"uv":[4,11,6,13],"texture":"#1","cullface":"east","rotation":270}}},{"__comment":"element","from":[11.7952,5.0932,6.725],"to":[20.7452,6.493198,9.275],"rotation":{"origin":[16.29523,6.09316,8],"axis":"z","angle":-22.5},"faces":{"down":{"uv":[7,8,9,11],"texture":"#1","cullface":"east","rotation":270},"up":{"uv":[9,11,11,14],"texture":"#1","cullface":"east","rotation":270},"north":{"uv":[7,3,9,6],"texture":"#1","cullface":"east","rotation":90},"south":{"uv":[3,7,5,10],"texture":"#1","cullface":"east","rotation":270},"west":{"uv":[6,2,8,4],"texture":"#1","cullface":"east","rotation":270},"east":{"uv":[4,11,6,13],"texture":"#1","cullface":"east","rotation":270}}},{"__comment":"element","from":[22.854,2.1329,6.718],"to":[23.054,6.6329,9.268],"rotation":{"origin":[24.05405,5.13287,7.61795],"axis":"z","angle":-22.5},"faces":{"down":{"uv":[0,0,16,16],"texture":"#3","cullface":"east"},"up":{"uv":[0,0,16,16],"texture":"#3","cullface":"east"},"north":{"uv":[0,0,16,16],"texture":"#3","cullface":"east"},"south":{"uv":[0,0,16,16],"texture":"#3","cullface":"east"},"west":{"uv":[0,0,16,16],"texture":"#3","cullface":"east"},"east":{"uv":[0,0,16,16],"texture":"#3","cullface":"east"}}},{"__comment":"element","from":[20.2348,2.0979,6.725],"to":[20.6348,2.4979,9.275],"rotation":{"origin":[21.23482,2.84791,8],"axis":"z","angle":-45},"faces":{"down":{"uv":[4,11,6,13],"texture":"#1","cullface":"east"},"up":{"uv":[6,2,8,4],"texture":"#1","cullface":"east"},"north":{"uv":[7,3,9,6],"texture":"#1","cullface":"east"},"south":{"uv":[3,7,5,10],"texture":"#1","cullface":"east"},"west":{"uv":[7,8,9,11],"texture":"#1","cullface":"east"},"east":{"uv":[9,11,11,14],"texture":"#1","cullface":"east"}}},{"__comment":"element","from":[20.2802,2.741,6.725],"to":[21.7802,3.741,9.275],"faces":{"down":{"uv":[4,11,6,13],"texture":"#1","cullface":"east"},"up":{"uv":[6,2,8,4],"texture":"#1","cullface":"east"},"north":{"uv":[7,3,9,6],"texture":"#1","cullface":"east"},"south":{"uv":[3,7,5,10],"texture":"#1","cullface":"east"},"west":{"uv":[7,8,9,11],"texture":"#1","cullface":"east"},"east":{"uv":[9,11,11,14],"texture":"#1","cullface":"east"}}},{"__comment":"element","from":[20.9892,2.8179,6.725],"to":[22.9892,7.3179,9.275],"rotation":{"origin":[22.18916,5.8179,7.625],"axis":"z","angle":-22.5},"faces":{"down":{"uv":[4,11,6,13],"texture":"#1","cullface":"east"},"up":{"uv":[6,2,8,4],"texture":"#1","cullface":"east"},"north":{"uv":[7,3,9,6],"texture":"#1","cullface":"east"},"south":{"uv":[3,7,5,10],"texture":"#1","cullface":"east"},"west":{"uv":[7,8,9,11],"texture":"#1","cullface":"east"},"east":{"uv":[9,11,11,14],"texture":"#1","cullface":"east"}}},{"__comment":"element","from":[7.5762,5.5857,7.705],"to":[7.8762,6.5857,8.295],"rotation":{"origin":[8.07624,6.08574,8.005],"axis":"z","angle":-22.5},"faces":{"down":{"uv":[8,11,9,13],"texture":"#3"},"up":{"uv":[8,11,9,13],"texture":"#3"},"north":{"uv":[8,11,9,13],"texture":"#3"},"south":{"uv":[8,11,9,13],"texture":"#3"},"west":{"uv":[8,11,9,13],"texture":"#3"},"east":{"uv":[8,11,9,13],"texture":"#3"}}},{"__comment":"element","from":[7.7,5.7,7.7],"to":[8.7,7.7,8.3],"faces":{"down":{"uv":[8,11,9,13],"texture":"#3"},"up":{"uv":[8,11,9,13],"texture":"#3"},"north":{"uv":[8,11,9,13],"texture":"#3"},"south":{"uv":[8,11,9,13],"texture":"#3"},"west":{"uv":[8,11,9,13],"texture":"#3"},"east":{"uv":[8,11,9,13],"texture":"#3"}}},{"__comment":"element","from":[6.6728,7.025,7.9],"to":[6.8728,7.525,8.1],"rotation":{"origin":[11.17285,10.42503,8.2],"axis":"z","angle":-45},"faces":{"down":{"uv":[3,4,3.4,7],"texture":"#3"},"up":{"uv":[3,4,3.4,7],"texture":"#3"},"north":{"uv":[3,4,3.4,7],"texture":"#3"},"south":{"uv":[3,4,3.4,7],"texture":"#3"},"west":{"uv":[3,4,3.4,7],"texture":"#3"},"east":{"uv":[3,4,3.4,7],"texture":"#3"}}},{"__comment":"element","from":[4.55,4.9,7.7],"to":[4.949998,7.9,8.3],"rotation":{"origin":[9.05,8.3,8],"axis":"z","angle":-45},"faces":{"down":{"uv":[3,4,3.4,7],"texture":"#3"},"up":{"uv":[3,4,3.4,7],"texture":"#3"},"north":{"uv":[3,4,3.4,7],"texture":"#3"},"south":{"uv":[3,4,3.4,7],"texture":"#3"},"west":{"uv":[3,4,3.4,7],"texture":"#3"},"east":{"uv":[3,4,3.4,7],"texture":"#3"}}},{"__comment":"element","from":[7.6,9.4,7.7],"to":[8,12.4,8.3],"rotation":{"origin":[7.6,8.4,8],"axis":"z","angle":-45},"faces":{"down":{"uv":[3,4,3.4,7],"texture":"#3"},"up":{"uv":[3,4,3.4,7],"texture":"#3"},"north":{"uv":[3,4,3.4,7],"texture":"#3"},"south":{"uv":[3,4,3.4,7],"texture":"#3"},"west":{"uv":[3,4,3.4,7],"texture":"#3"},"east":{"uv":[3,4,3.4,7],"texture":"#3"}}},{"__comment":"element","from":[5.2,10.8525,7.7011],"to":[10.5,11.1525,8.3011],"faces":{"down":{"uv":[3,4,10,5.4],"texture":"#3"},"up":{"uv":[3,4,10,5.4],"texture":"#3"},"north":{"uv":[3,4,10,5.4],"texture":"#3"},"south":{"uv":[3,4,10,5.4],"texture":"#3"},"west":{"uv":[3,4,10,5.4],"texture":"#3"},"east":{"uv":[3,4,10,5.4],"texture":"#3"}}},{"__comment":"element","from":[5.2,10.87,8.2575],"to":[10.5,11.47,8.5575],"rotation":{"origin":[8.7,11.16995,8.40747],"axis":"x","angle":45},"faces":{"down":{"uv":[3,4,10,5.4],"texture":"#3"},"up":{"uv":[3,4,10,5.4],"texture":"#3","rotation":180},"north":{"uv":[3,4,10,5.4],"texture":"#3","rotation":180},"south":{"uv":[3,4,10,5.4],"texture":"#3"},"west":{"uv":[3,4,10,5.4],"texture":"#3","rotation":90},"east":{"uv":[3,4,10,5.4],"texture":"#3","rotation":270}}},{"__comment":"element","from":[5.2,11.2757,8.4264],"to":[10.5,11.8757,8.7264],"faces":{"down":{"uv":[3,4,10,5.4],"texture":"#3"},"up":{"uv":[3,4,10,5.4],"texture":"#3","rotation":180},"north":{"uv":[3,4,10,5.4],"texture":"#3","rotation":180},"south":{"uv":[3,4,10,5.4],"texture":"#3"},"west":{"uv":[3,4,10,5.4],"texture":"#3","rotation":90},"east":{"uv":[3,4,10,5.4],"texture":"#3","rotation":270}}},{"__comment":"element","from":[5.2,11.8318,8.1071],"to":[10.5,12.1318,8.7071],"rotation":{"origin":[8.7,11.9818,8.40712],"axis":"x","angle":45},"faces":{"down":{"uv":[3,4,10,5.4],"texture":"#3"},"up":{"uv":[3,4,10,5.4],"texture":"#3"},"north":{"uv":[3,4,10,5.4],"texture":"#3"},"south":{"uv":[3,4,10,5.4],"texture":"#3"},"west":{"uv":[3,4,10,5.4],"texture":"#3"},"east":{"uv":[3,4,10,5.4],"texture":"#3"}}},{"__comment":"element","from":[10.4995,11.6973,7.3582],"to":[13.4995,12.3973,7.658198],"rotation":{"origin":[11.9995,12.0473,7.50822],"axis":"x","angle":45},"faces":{"down":{"uv":[3,4,10,5.4],"texture":"#3","rotation":180},"up":{"uv":[3,4,10,5.4],"texture":"#3"},"north":{"uv":[3,4,10,5.4],"texture":"#3","rotation":180},"south":{"uv":[3,4,10,5.4],"texture":"#3"},"west":{"uv":[3,4,10,5.4],"texture":"#3","rotation":270},"east":{"uv":[3,4,10,5.4],"texture":"#3","rotation":90}}},{"__comment":"element","from":[10.5,11.2062,7.1538],"to":[13.5,11.9062,7.4538],"faces":{"down":{"uv":[3,4,10,5.4],"texture":"#3","rotation":180},"up":{"uv":[3,4,10,5.4],"texture":"#3"},"north":{"uv":[3,4,10,5.4],"texture":"#3","rotation":180},"south":{"uv":[3,4,10,5.4],"texture":"#3"},"west":{"uv":[3,4,10,5.4],"texture":"#3","rotation":270},"east":{"uv":[3,4,10,5.4],"texture":"#3","rotation":90}}},{"__comment":"element","from":[10.5012,10.9145,7.1565],"to":[13.5012,11.2145,7.8565],"rotation":{"origin":[12.00121,11.06446,7.50651],"axis":"x","angle":45},"faces":{"down":{"uv":[3,4,10,5.4],"texture":"#3"},"up":{"uv":[3,4,10,5.4],"texture":"#3"},"north":{"uv":[3,4,10,5.4],"texture":"#3","rotation":180},"south":{"uv":[3,4,10,5.4],"texture":"#3","rotation":180},"west":{"uv":[3,4,10,5.4],"texture":"#3","rotation":180},"east":{"uv":[3,4,10,5.4],"texture":"#3","rotation":180}}},{"__comment":"element","from":[10.5024,10.71,7.6476],"to":[13.5024,11.01,8.347599],"faces":{"down":{"uv":[3,4,10,5.4],"texture":"#3"},"up":{"uv":[3,4,10,5.4],"texture":"#3"},"north":{"uv":[3,4,10,5.4],"texture":"#3","rotation":180},"south":{"uv":[3,4,10,5.4],"texture":"#3","rotation":180},"west":{"uv":[3,4,10,5.4],"texture":"#3","rotation":180},"east":{"uv":[3,4,10,5.4],"texture":"#3","rotation":180}}},{"__comment":"element","from":[10.5029,10.7128,8.339399],"to":[13.5029,11.4128,8.6394],"rotation":{"origin":[12.00293,11.06275,8.48935],"axis":"x","angle":45},"faces":{"down":{"uv":[3,4,10,5.4],"texture":"#3"},"up":{"uv":[3,4,10,5.4],"texture":"#3","rotation":180},"north":{"uv":[3,4,10,5.4],"texture":"#3","rotation":180},"south":{"uv":[3,4,10,5.4],"texture":"#3"},"west":{"uv":[3,4,10,5.4],"texture":"#3","rotation":90},"east":{"uv":[3,4,10,5.4],"texture":"#3","rotation":270}}},{"__comment":"element","from":[10.5024,11.2038,8.543799],"to":[13.5024,11.9038,8.843799],"faces":{"down":{"uv":[3,4,10,5.4],"texture":"#3"},"up":{"uv":[3,4,10,5.4],"texture":"#3","rotation":180},"north":{"uv":[3,4,10,5.4],"texture":"#3","rotation":180},"south":{"uv":[3,4,10,5.4],"texture":"#3"},"west":{"uv":[3,4,10,5.4],"texture":"#3","rotation":90},"east":{"uv":[3,4,10,5.4],"texture":"#3","rotation":270}}},{"__comment":"element","from":[10.5012,11.8956,8.1411],"to":[13.5012,12.1956,8.8411],"rotation":{"origin":[12.00121,12.04559,8.49106],"axis":"x","angle":45},"faces":{"down":{"uv":[3,4,10,5.4],"texture":"#3"},"up":{"uv":[3,4,10,5.4],"texture":"#3"},"north":{"uv":[3,4,10,5.4],"texture":"#3"},"south":{"uv":[3,4,10,5.4],"texture":"#3"},"west":{"uv":[3,4,10,5.4],"texture":"#3"},"east":{"uv":[3,4,10,5.4],"texture":"#3"}}},{"__comment":"element","from":[13.3,12.4049,7.8],"to":[13.5,12.6049,8.199999],"faces":{"down":{"uv":[3,4,10,5.4],"texture":"#3"},"up":{"uv":[3,4,10,5.4],"texture":"#3"},"north":{"uv":[3,4,10,5.4],"texture":"#3"},"south":{"uv":[3,4,10,5.4],"texture":"#3"},"west":{"uv":[3,4,10,5.4],"texture":"#3"},"east":{"uv":[3,4,10,5.4],"texture":"#3"}}},{"__comment":"element","from":[10.5,12.1,7.65],"to":[13.5,12.4,8.35],"faces":{"down":{"uv":[3,4,10,5.4],"texture":"#3"},"up":{"uv":[3,4,10,5.4],"texture":"#3"},"north":{"uv":[3,4,10,5.4],"texture":"#3"},"south":{"uv":[3,4,10,5.4],"texture":"#3"},"west":{"uv":[3,4,10,5.4],"texture":"#3"},"east":{"uv":[3,4,10,5.4],"texture":"#3"}}},{"__comment":"element","from":[5.2,12.2,7.9],"to":[5.4,12.5,8.1],"faces":{"down":{"uv":[3,4,10,5.4],"texture":"#3"},"up":{"uv":[3,4,10,5.4],"texture":"#3"},"north":{"uv":[3,4,10,5.4],"texture":"#3"},"south":{"uv":[3,4,10,5.4],"texture":"#3"},"west":{"uv":[3,4,10,5.4],"texture":"#3"},"east":{"uv":[3,4,10,5.4],"texture":"#3"}}},{"__comment":"element","from":[5.2,12,7.7],"to":[10.5,12.3,8.3],"faces":{"down":{"uv":[3,4,10,5.4],"texture":"#3"},"up":{"uv":[3,4,10,5.4],"texture":"#3"},"north":{"uv":[3,4,10,5.4],"texture":"#3"},"south":{"uv":[3,4,10,5.4],"texture":"#3"},"west":{"uv":[3,4,10,5.4],"texture":"#3"},"east":{"uv":[3,4,10,5.4],"texture":"#3"}}},{"__comment":"element","from":[-2.4019,8.2171,7.6019],"to":[5.5981,8.6171,8.0019],"rotation":{"origin":[-0.40191,8.41712,7.80194],"axis":"x","angle":-45},"faces":{"down":{"uv":[12,8.4,14,7],"texture":"#3","cullface":"west"},"up":{"uv":[12,8.4,14,7],"texture":"#3","cullface":"west"},"north":{"uv":[12,8.4,14,7],"texture":"#3","cullface":"west"},"south":{"uv":[12,8.4,14,7],"texture":"#3","cullface":"west"},"west":{"uv":[12,8.4,14,7],"texture":"#3","cullface":"west"},"east":{"uv":[12,8.4,14,7],"texture":"#3","cullface":"west"}}},{"__comment":"element","from":[-2.4031,8.4171,7.5203],"to":[5.5969,8.8171,7.9203],"faces":{"down":{"uv":[14,9,15,10.4],"texture":"#3","cullface":"west"},"up":{"uv":[14,9,15,10.4],"texture":"#3","cullface":"west","rotation":180},"north":{"uv":[14,9,15,10.4],"texture":"#3","cullface":"west"},"south":{"uv":[14,9,15,10.4],"texture":"#3","cullface":"west","rotation":180},"west":{"uv":[14,9,15,10.4],"texture":"#3","cullface":"west","rotation":90},"east":{"uv":[14,9,15,10.4],"texture":"#3","cullface":"west","rotation":270}}},{"__comment":"element","from":[-4.4038,8.7189,8.097899],"to":[-2.4038,9.1189,8.497899],"rotation":{"origin":[-6.40383,8.9189,8.2979],"axis":"x","angle":45},"faces":{"down":{"uv":[4,6.8,6,7.2],"texture":"#3","cullface":"west","rotation":180},"up":{"uv":[4,6.8,6,7.2],"texture":"#3","cullface":"west","rotation":180},"north":{"uv":[4,6.8,6,7.2],"texture":"#3","cullface":"west","rotation":180},"south":{"uv":[4,6.8,6,7.2],"texture":"#3","cullface":"west","rotation":180},"west":{"uv":[4,6.8,6,7.2],"texture":"#3","cullface":"west","rotation":180},"east":{"uv":[4,6.8,6,7.2],"texture":"#3","cullface":"west","rotation":180}}},{"__comment":"element","from":[-2.9032,8.281199,7.4185],"to":[-2.4032,8.931199,7.8185],"faces":{"down":{"uv":[4,6.4,4.5,6.8],"texture":"#3","cullface":"west","rotation":180},"up":{"uv":[4,6.4,4.5,6.8],"texture":"#3","cullface":"west","rotation":180},"north":{"uv":[4,6.4,4.5,6.8],"texture":"#3","cullface":"west","rotation":180},"south":{"uv":[4,6.4,4.5,6.8],"texture":"#3","cullface":"west","rotation":180},"west":{"uv":[4,6.4,4.5,6.8],"texture":"#3","cullface":"west","rotation":180},"east":{"uv":[4,6.4,4.5,6.8],"texture":"#3","cullface":"west","rotation":180}}},{"__comment":"element","from":[-4.4032,8.281199,7.4185],"to":[-3.903198,8.931199,7.8185],"faces":{"down":{"uv":[4,6.4,4.5,6.8],"texture":"#3","cullface":"west","rotation":180},"up":{"uv":[4,6.4,4.5,6.8],"texture":"#3","cullface":"west","rotation":180},"north":{"uv":[4,6.4,4.5,6.8],"texture":"#3","cullface":"west","rotation":180},"south":{"uv":[4,6.4,4.5,6.8],"texture":"#3","cullface":"west","rotation":180},"west":{"uv":[4,6.4,4.5,6.8],"texture":"#3","cullface":"west","rotation":180},"east":{"uv":[4,6.4,4.5,6.8],"texture":"#3","cullface":"west","rotation":180}}},{"__comment":"element","from":[-4.4038,8.7189,7.5021],"to":[-2.4038,9.1189,7.9021],"rotation":{"origin":[-6.40383,8.9189,7.7021],"axis":"x","angle":-45},"faces":{"down":{"uv":[4,6.4,6,6.8],"texture":"#3","cullface":"west","rotation":180},"up":{"uv":[4,6.4,6,6.8],"texture":"#3","cullface":"west","rotation":180},"north":{"uv":[4,6.4,6,6.8],"texture":"#3","cullface":"west","rotation":180},"south":{"uv":[4,6.4,6,6.8],"texture":"#3","cullface":"west","rotation":180},"west":{"uv":[4,6.4,6,6.8],"texture":"#3","cullface":"west","rotation":180},"east":{"uv":[4,6.4,6,6.8],"texture":"#3","cullface":"west","rotation":180}}},{"__comment":"element","from":[-2.4038,8.6171,7.6039],"to":[5.5962,9.017099,8.003901],"rotation":{"origin":[-0.40383,8.81711,7.80387],"axis":"x","angle":-45},"faces":{"down":{"uv":[4,6.4,6,5],"texture":"#3","cullface":"west","rotation":180},"up":{"uv":[4,6.4,6,5],"texture":"#3","cullface":"west","rotation":180},"north":{"uv":[4,6.4,6,5],"texture":"#3","cullface":"west","rotation":180},"south":{"uv":[4,6.4,6,5],"texture":"#3","cullface":"west","rotation":180},"west":{"uv":[4,6.4,6,5],"texture":"#3","cullface":"west","rotation":180},"east":{"uv":[4,6.4,6,5],"texture":"#3","cullface":"west","rotation":180}}},{"__comment":"element","from":[1.6012,8.0636,7.8238],"to":[5.6012,8.5136,8.223799],"faces":{"down":{"uv":[4,5,8,5.4],"texture":"#3","cullface":"west","rotation":180},"up":{"uv":[4,5,8,5.4],"texture":"#3","cullface":"west"},"north":{"uv":[4,5,8,5.4],"texture":"#3","cullface":"west","rotation":180},"south":{"uv":[4,5,8,5.4],"texture":"#3","cullface":"west"},"west":{"uv":[4,5,8,5.4],"texture":"#3","cullface":"west","rotation":270},"east":{"uv":[4,5,8,5.4],"texture":"#3","cullface":"west","rotation":90}}},{"__comment":"element","from":[1.6014,8.1387,8.0416],"to":[5.6014,8.5887,8.441601],"rotation":{"origin":[3.60145,8.3637,8.24165],"axis":"x","angle":45},"faces":{"down":{"uv":[4,11,8,11.4],"texture":"#3","cullface":"west","rotation":180},"up":{"uv":[4,11,8,11.4],"texture":"#3","cullface":"west","rotation":180},"north":{"uv":[4,11,8,11.4],"texture":"#3","cullface":"west","rotation":180},"south":{"uv":[4,11,8,11.4],"texture":"#3","cullface":"west","rotation":180},"west":{"uv":[4,11,8,11.4],"texture":"#3","cullface":"west","rotation":180},"east":{"uv":[4,11,8,11.4],"texture":"#3","cullface":"west","rotation":180}}},{"__comment":"element","from":[1.6012,8.3812,8.1426],"to":[9.6012,8.8312,8.5426],"faces":{"down":{"uv":[4,11,15,11.4],"texture":"#3","cullface":"west","rotation":180},"up":{"uv":[4,11,15,11.4],"texture":"#3","cullface":"west","rotation":180},"north":{"uv":[4,11,15,11.4],"texture":"#3","cullface":"west","rotation":180},"south":{"uv":[4,11,15,11.4],"texture":"#3","cullface":"west","rotation":180},"west":{"uv":[4,11,15,11.4],"texture":"#3","cullface":"west","rotation":180},"east":{"uv":[4,11,15,11.4],"texture":"#3","cullface":"west","rotation":180}}},{"__comment":"element","from":[6.6017,8.330299,8.3351],"to":[7.6017,8.730299,8.7851],"rotation":{"origin":[4.60171,8.5303,8.56014],"axis":"x","angle":45},"faces":{"down":{"uv":[6,15,10.5,15.95],"texture":"#0","cullface":"west"},"up":{"uv":[6,15,10.5,15.95],"texture":"#0","cullface":"west"},"north":{"uv":[6,15,10.5,15.95],"texture":"#0","cullface":"west"},"south":{"uv":[6,15,10.5,15.95],"texture":"#0","cullface":"west"},"west":{"uv":[6,15,10.5,15.95],"texture":"#0","cullface":"west"},"east":{"uv":[6,15,10.5,15.95],"texture":"#0","cullface":"west"}}},{"__comment":"element","from":[5.1017,8.330299,8.3351],"to":[6.1017,8.730299,8.7851],"rotation":{"origin":[3.1017,8.5303,8.56014],"axis":"x","angle":45},"faces":{"down":{"uv":[7,15,11,15.95],"texture":"#0","cullface":"west"},"up":{"uv":[7,15,11,15.95],"texture":"#0","cullface":"west"},"north":{"uv":[7,15,11,15.95],"texture":"#0","cullface":"west"},"south":{"uv":[7,15,11,15.95],"texture":"#0","cullface":"west"},"west":{"uv":[7,15,11,15.95],"texture":"#0","cullface":"west"},"east":{"uv":[7,15,11,15.95],"texture":"#0","cullface":"west"}}},{"__comment":"element","from":[1.6006,8.649099,8.0175],"to":[9.6006,9.049099,8.4675],"rotation":{"origin":[3.6006,8.84906,8.2425],"axis":"x","angle":45},"faces":{"down":{"uv":[3,7.5,14,7.95],"texture":"#3","cullface":"west"},"up":{"uv":[3,7.5,14,7.95],"texture":"#3","cullface":"west"},"north":{"uv":[3,7.5,14,7.95],"texture":"#3","cullface":"west"},"south":{"uv":[3,7.5,14,7.95],"texture":"#3","cullface":"west"},"west":{"uv":[3,7.5,14,7.95],"texture":"#3","cullface":"west"},"east":{"uv":[3,7.5,14,7.95],"texture":"#3","cullface":"west"}}},{"__comment":"element","from":[1.6,8.75,7.775],"to":[5.6,9.15,8.225],"faces":{"down":{"uv":[3,7.5,7,7.95],"texture":"#3","cullface":"west"},"up":{"uv":[3,7.5,7,7.95],"texture":"#3","cullface":"west"},"north":{"uv":[3,7.5,7,7.95],"texture":"#3","cullface":"west"},"south":{"uv":[3,7.5,7,7.95],"texture":"#3","cullface":"west"},"west":{"uv":[3,7.5,7,7.95],"texture":"#3","cullface":"west"},"east":{"uv":[3,7.5,7,7.95],"texture":"#3","cullface":"west"}}},{"__comment":"element","from":[1.6014,8.1387,7.5584],"to":[5.6014,8.5887,7.958399],"rotation":{"origin":[3.60145,8.3637,7.75835],"axis":"x","angle":-45},"faces":{"down":{"uv":[4,11.4,8,11],"texture":"#3","cullface":"west","rotation":180},"up":{"uv":[4,11.4,8,11],"texture":"#3","cullface":"west","rotation":180},"north":{"uv":[4,11.4,8,11],"texture":"#3","cullface":"west","rotation":180},"south":{"uv":[4,11.4,8,11],"texture":"#3","cullface":"west","rotation":180},"west":{"uv":[4,11.4,8,11],"texture":"#3","cullface":"west","rotation":180},"east":{"uv":[4,11.4,8,11],"texture":"#3","cullface":"west","rotation":180}}},{"__comment":"element","from":[1.6012,8.3812,7.4574],"to":[5.6012,8.8312,7.8574],"faces":{"down":{"uv":[4,11.4,8,11],"texture":"#3","cullface":"west","rotation":180},"up":{"uv":[4,11.4,8,11],"texture":"#3","cullface":"west","rotation":180},"north":{"uv":[4,11.4,8,11],"texture":"#3","cullface":"west","rotation":180},"south":{"uv":[4,11.4,8,11],"texture":"#3","cullface":"west","rotation":180},"west":{"uv":[4,11.4,8,11],"texture":"#3","cullface":"west","rotation":180},"east":{"uv":[4,11.4,8,11],"texture":"#3","cullface":"west","rotation":180}}},{"__comment":"element","from":[1.6006,8.649099,7.5325],"to":[5.6006,9.049099,7.9825],"rotation":{"origin":[3.6006,8.84906,7.7575],"axis":"x","angle":-45},"faces":{"down":{"uv":[3,7.95,7,7.5],"texture":"#3","cullface":"west"},"up":{"uv":[3,7.95,7,7.5],"texture":"#3","cullface":"west"},"north":{"uv":[3,7.95,7,7.5],"texture":"#3","cullface":"west"},"south":{"uv":[3,7.95,7,7.5],"texture":"#3","cullface":"west"},"west":{"uv":[3,7.95,7,7.5],"texture":"#3","cullface":"west"},"east":{"uv":[3,7.95,7,7.5],"texture":"#3","cullface":"west"}}},{"__comment":"element","from":[-4.4038,8.0811,8.097899],"to":[-2.4038,8.481098,8.497899],"rotation":{"origin":[-6.40383,8.2811,8.2979],"axis":"x","angle":-45},"faces":{"down":{"uv":[8,12.4,10,12.8],"texture":"#3","cullface":"west","rotation":180},"up":{"uv":[8,12.4,10,12.8],"texture":"#3","cullface":"west"},"north":{"uv":[8,12.4,10,12.8],"texture":"#3","cullface":"west","rotation":180},"south":{"uv":[8,12.4,10,12.8],"texture":"#3","cullface":"west"},"west":{"uv":[8,12.4,10,12.8],"texture":"#3","cullface":"west","rotation":90},"east":{"uv":[8,12.4,10,12.8],"texture":"#3","cullface":"west","rotation":270}}},{"__comment":"element","from":[-4.4038,8.0811,7.5021],"to":[-2.4038,8.481098,7.9021],"rotation":{"origin":[-6.40383,8.2811,7.7021],"axis":"x","angle":45},"faces":{"down":{"uv":[8,12.8,10,13.2],"texture":"#3","cullface":"west","rotation":180},"up":{"uv":[8,12.8,10,13.2],"texture":"#3","cullface":"west"},"north":{"uv":[8,12.8,10,13.2],"texture":"#3","cullface":"west"},"south":{"uv":[8,12.8,10,13.2],"texture":"#3","cullface":"west","rotation":180},"west":{"uv":[8,12.8,10,13.2],"texture":"#3","cullface":"west","rotation":90},"east":{"uv":[8,12.8,10,13.2],"texture":"#3","cullface":"west","rotation":270}}},{"__comment":"element","from":[-4.4059,7.9983,7.7042],"to":[-3.9059,8.3983,8.2942],"faces":{"down":{"uv":[8,13.39,8.5,13.98],"texture":"#3","cullface":"west","rotation":180},"up":{"uv":[8,13.39,8.5,13.98],"texture":"#3","cullface":"west"},"north":{"uv":[8,13.39,8.5,13.98],"texture":"#3","cullface":"west","rotation":180},"south":{"uv":[8,13.39,8.5,13.98],"texture":"#3","cullface":"west"},"west":{"uv":[8,13.39,8.5,13.98],"texture":"#3","cullface":"west","rotation":90},"east":{"uv":[8,13.39,8.5,13.98],"texture":"#3","cullface":"west","rotation":270}}},{"__comment":"element","from":[-2.9059,7.9982,7.7042],"to":[-2.4059,8.398199,8.2942],"faces":{"down":{"uv":[8,13.39,8.5,13.98],"texture":"#3","cullface":"west","rotation":180},"up":{"uv":[8,13.39,8.5,13.98],"texture":"#3","cullface":"west"},"north":{"uv":[8,13.39,8.5,13.98],"texture":"#3","cullface":"west","rotation":180},"south":{"uv":[8,13.39,8.5,13.98],"texture":"#3","cullface":"west"},"west":{"uv":[8,13.39,8.5,13.98],"texture":"#3","cullface":"west","rotation":90},"east":{"uv":[8,13.39,8.5,13.98],"texture":"#3","cullface":"west","rotation":270}}},{"__comment":"element","from":[-2.9038,8.8026,7.7012],"to":[-2.4038,9.2026,8.291201],"faces":{"down":{"uv":[4,6.8,4.5,7.389999],"texture":"#3","cullface":"west","rotation":180},"up":{"uv":[4,6.8,4.5,7.389999],"texture":"#3","cullface":"west","rotation":180},"north":{"uv":[4,6.8,4.5,7.389999],"texture":"#3","cullface":"west","rotation":180},"south":{"uv":[4,6.8,4.5,7.389999],"texture":"#3","cullface":"west","rotation":180},"west":{"uv":[4,6.8,4.5,7.389999],"texture":"#3","cullface":"west","rotation":180},"east":{"uv":[4,6.8,4.5,7.389999],"texture":"#3","cullface":"west","rotation":180}}},{"__comment":"element","from":[-4.4091,8.8061,7.703],"to":[-3.9091,9.2061,8.292999],"faces":{"down":{"uv":[4,6.8,4.5,7.389999],"texture":"#3","cullface":"west","rotation":180},"up":{"uv":[4,6.8,4.5,7.389999],"texture":"#3","cullface":"west","rotation":180},"north":{"uv":[4,6.8,4.5,7.389999],"texture":"#3","cullface":"west","rotation":180},"south":{"uv":[4,6.8,4.5,7.389999],"texture":"#3","cullface":"west","rotation":180},"west":{"uv":[4,6.8,4.5,7.389999],"texture":"#3","cullface":"west","rotation":180},"east":{"uv":[4,6.8,4.5,7.389999],"texture":"#3","cullface":"west","rotation":180}}},{"__comment":"element","from":[-4.4032,8.281199,8.181499],"to":[-3.903198,8.931199,8.5815],"faces":{"down":{"uv":[4,6.8,4.5,7.2],"texture":"#3","cullface":"west","rotation":180},"up":{"uv":[4,6.8,4.5,7.2],"texture":"#3","cullface":"west","rotation":180},"north":{"uv":[4,6.8,4.5,7.2],"texture":"#3","cullface":"west","rotation":180},"south":{"uv":[4,6.8,4.5,7.2],"texture":"#3","cullface":"west","rotation":180},"west":{"uv":[4,6.8,4.5,7.2],"texture":"#3","cullface":"west","rotation":180},"east":{"uv":[4,6.8,4.5,7.2],"texture":"#3","cullface":"west","rotation":180}}},{"__comment":"element","from":[-2.9032,8.281199,8.181499],"to":[-2.4032,8.931199,8.5815],"faces":{"down":{"uv":[4,6.8,4.5,7.2],"texture":"#3","cullface":"west","rotation":180},"up":{"uv":[4,6.8,4.5,7.2],"texture":"#3","cullface":"west","rotation":180},"north":{"uv":[4,6.8,4.5,7.2],"texture":"#3","cullface":"west","rotation":180},"south":{"uv":[4,6.8,4.5,7.2],"texture":"#3","cullface":"west","rotation":180},"west":{"uv":[4,6.8,4.5,7.2],"texture":"#3","cullface":"west","rotation":180},"east":{"uv":[4,6.8,4.5,7.2],"texture":"#3","cullface":"west","rotation":180}}},{"__comment":"element","from":[5.2,11.8318,7.2929],"to":[10.5,12.1318,7.8929],"rotation":{"origin":[8.7,11.9818,7.59288],"axis":"x","angle":-45},"faces":{"down":{"uv":[3,5.4,10,4],"texture":"#3"},"up":{"uv":[3,5.4,10,4],"texture":"#3"},"north":{"uv":[10,4,3,5.4],"texture":"#3"},"south":{"uv":[10,4,3,5.4],"texture":"#3"},"west":{"uv":[10,4,3,5.4],"texture":"#3"},"east":{"uv":[10,4,3,5.4],"texture":"#3"}}},{"__comment":"element","from":[7.2,11.2757,7.1],"to":[7.8,11.8757,7.4],"rotation":{"origin":[7.5,11.57572,8],"axis":"z","angle":-22.5},"faces":{"down":{"uv":[9.5,14.5,7.5,16],"texture":"#0","rotation":90},"up":{"uv":[9.5,14.5,7.5,16],"texture":"#0","rotation":90},"north":{"uv":[9.5,14.5,7.5,16],"texture":"#0","rotation":90},"south":{"uv":[9.5,14.5,7.5,16],"texture":"#0","rotation":90},"west":{"uv":[9.5,14.5,7.5,16],"texture":"#0","rotation":90},"east":{"uv":[9.5,14.5,7.5,16],"texture":"#0","rotation":90}}},{"__comment":"element","from":[7.2,11.2757,7.1],"to":[7.8,11.8757,7.4],"rotation":{"origin":[7.5,11.57572,8],"axis":"z","angle":45},"faces":{"down":{"uv":[9.5,14.5,7.5,16],"texture":"#0"},"up":{"uv":[9.5,14.5,7.5,16],"texture":"#0","rotation":180},"north":{"uv":[9.5,14.5,7.5,16],"texture":"#0"},"south":{"uv":[9.5,14.5,7.5,16],"texture":"#0","rotation":180},"west":{"uv":[9.5,14.5,7.5,16],"texture":"#0","rotation":90},"east":{"uv":[9.5,14.5,7.5,16],"texture":"#0","rotation":270}}},{"__comment":"element","from":[7.2,11.2757,7.1],"to":[7.8,11.8757,7.4],"rotation":{"origin":[7.5,11.57572,8],"axis":"z","angle":22.5},"faces":{"down":{"uv":[9.5,14.5,7.5,16],"texture":"#0"},"up":{"uv":[9.5,14.5,7.5,16],"texture":"#0","rotation":180},"north":{"uv":[9.5,14.5,7.5,16],"texture":"#0"},"south":{"uv":[9.5,14.5,7.5,16],"texture":"#0","rotation":180},"west":{"uv":[9.5,14.5,7.5,16],"texture":"#0","rotation":90},"east":{"uv":[9.5,14.5,7.5,16],"texture":"#0","rotation":270}}},{"__comment":"element","from":[7.2,11.2757,7.1],"to":[7.8,11.8757,7.4],"faces":{"down":{"uv":[9.5,14.5,7.5,16],"texture":"#0"},"up":{"uv":[9.5,14.5,7.5,16],"texture":"#0","rotation":180},"north":{"uv":[9.5,14.5,7.5,16],"texture":"#0"},"south":{"uv":[9.5,14.5,7.5,16],"texture":"#0","rotation":180},"west":{"uv":[9.5,14.5,7.5,16],"texture":"#0","rotation":90},"east":{"uv":[9.5,14.5,7.5,16],"texture":"#0","rotation":270}}},{"__comment":"element","from":[5.2,11.2757,7.2736],"to":[10.5,11.8757,7.573598],"faces":{"down":{"uv":[3,5.4,10,4],"texture":"#3"},"up":{"uv":[3,5.4,10,4],"texture":"#3","rotation":180},"north":{"uv":[10,4,3,5.4],"texture":"#3"},"south":{"uv":[10,4,3,5.4],"texture":"#3","rotation":180},"west":{"uv":[10,4,3,5.4],"texture":"#3","rotation":90},"east":{"uv":[10,4,3,5.4],"texture":"#3","rotation":270}}},{"__comment":"element","from":[5.2,10.87,7.4425],"to":[10.5,11.47,7.742498],"rotation":{"origin":[8.7,11.16995,7.59253],"axis":"x","angle":-45},"faces":{"down":{"uv":[3,5.4,10,4],"texture":"#3"},"up":{"uv":[3,5.4,10,4],"texture":"#3","rotation":180},"north":{"uv":[10,4,3,5.4],"texture":"#3"},"south":{"uv":[10,4,3,5.4],"texture":"#3","rotation":180},"west":{"uv":[10,4,3,5.4],"texture":"#3","rotation":90},"east":{"uv":[10,4,3,5.4],"texture":"#3","rotation":270}}},{"__comment":"element","from":[8.2995,11.9071,7.1535],"to":[8.499498,12.3571,8.8535],"faces":{"down":{"uv":[3,4,10,5.4],"texture":"#3"},"up":{"uv":[3,4,10,5.4],"texture":"#3"},"north":{"uv":[3,4,10,5.4],"texture":"#3"},"south":{"uv":[3,4,10,5.4],"texture":"#3"},"west":{"uv":[3,4,10,5.4],"texture":"#3"},"east":{"uv":[3,4,10,5.4],"texture":"#3"}}},{"__comment":"element","from":[8.3,11.2038,8.543799],"to":[8.5,11.9038,8.843799],"faces":{"down":{"uv":[3,4,10,5.4],"texture":"#3"},"up":{"uv":[3,4,10,5.4],"texture":"#3","rotation":180},"north":{"uv":[3,4,10,5.4],"texture":"#3","rotation":180},"south":{"uv":[3,4,10,5.4],"texture":"#3"},"west":{"uv":[3,4,10,5.4],"texture":"#3","rotation":90},"east":{"uv":[3,4,10,5.4],"texture":"#3","rotation":270}}},{"__comment":"element","from":[8.3,10.7128,8.339399],"to":[8.5,11.4128,8.6394],"rotation":{"origin":[9.8,11.06275,8.48935],"axis":"x","angle":45},"faces":{"down":{"uv":[3,4,10,5.4],"texture":"#3"},"up":{"uv":[3,4,10,5.4],"texture":"#3","rotation":180},"north":{"uv":[3,4,10,5.4],"texture":"#3","rotation":180},"south":{"uv":[3,4,10,5.4],"texture":"#3"},"west":{"uv":[3,4,10,5.4],"texture":"#3","rotation":90},"east":{"uv":[3,4,10,5.4],"texture":"#3","rotation":270}}},{"__comment":"element","from":[8.3,10.71,7.6476],"to":[8.5,11.01,8.347599],"faces":{"down":{"uv":[3,4,10,5.4],"texture":"#3"},"up":{"uv":[3,4,10,5.4],"texture":"#3"},"north":{"uv":[3,4,10,5.4],"texture":"#3","rotation":180},"south":{"uv":[3,4,10,5.4],"texture":"#3","rotation":180},"west":{"uv":[3,4,10,5.4],"texture":"#3","rotation":180},"east":{"uv":[3,4,10,5.4],"texture":"#3","rotation":180}}},{"__comment":"element","from":[8.3,10.9145,7.1565],"to":[8.5,11.2145,7.8565],"rotation":{"origin":[9.8,11.06446,7.50651],"axis":"x","angle":45},"faces":{"down":{"uv":[3,4,10,5.4],"texture":"#3"},"up":{"uv":[3,4,10,5.4],"texture":"#3"},"north":{"uv":[3,4,10,5.4],"texture":"#3","rotation":180},"south":{"uv":[3,4,10,5.4],"texture":"#3","rotation":180},"west":{"uv":[3,4,10,5.4],"texture":"#3","rotation":180},"east":{"uv":[3,4,10,5.4],"texture":"#3","rotation":180}}},{"__comment":"element","from":[8.3,11.2062,7.1538],"to":[8.5,11.9062,7.4538],"faces":{"down":{"uv":[3,4,10,5.4],"texture":"#3","rotation":180},"up":{"uv":[3,4,10,5.4],"texture":"#3"},"north":{"uv":[3,4,10,5.4],"texture":"#3","rotation":180},"south":{"uv":[3,4,10,5.4],"texture":"#3"},"west":{"uv":[3,4,10,5.4],"texture":"#3","rotation":270},"east":{"uv":[3,4,10,5.4],"texture":"#3","rotation":90}}},{"__comment":"element","from":[8.3245,12.15,7.1],"to":[8.4745,12.3,8.9],"faces":{"down":{"uv":[11,15,13,16],"texture":"#0"},"up":{"uv":[11,15,13,16],"texture":"#0"},"north":{"uv":[11,15,13,16],"texture":"#0"},"south":{"uv":[11,15,13,16],"texture":"#0"},"west":{"uv":[11,15,13,16],"texture":"#0"},"east":{"uv":[11,15,13,16],"texture":"#0"}}},{"__comment":"element","from":[9.3245,12.15,7.1],"to":[9.4745,12.3,8.9],"faces":{"down":{"uv":[11,15,13,16],"texture":"#0"},"up":{"uv":[11,15,13,16],"texture":"#0"},"north":{"uv":[11,15,13,16],"texture":"#0"},"south":{"uv":[11,15,13,16],"texture":"#0"},"west":{"uv":[11,15,13,16],"texture":"#0"},"east":{"uv":[11,15,13,16],"texture":"#0"}}},{"__comment":"element","from":[9.2995,11.9071,7.1535],"to":[9.499498,12.3571,8.8535],"faces":{"down":{"uv":[3,4,10,5.4],"texture":"#3"},"up":{"uv":[3,4,10,5.4],"texture":"#3"},"north":{"uv":[3,4,10,5.4],"texture":"#3"},"south":{"uv":[3,4,10,5.4],"texture":"#3"},"west":{"uv":[3,4,10,5.4],"texture":"#3"},"east":{"uv":[3,4,10,5.4],"texture":"#3"}}},{"__comment":"element","from":[9.3,11.2038,8.543799],"to":[9.5,11.9038,8.843799],"faces":{"down":{"uv":[3,4,10,5.4],"texture":"#3"},"up":{"uv":[3,4,10,5.4],"texture":"#3","rotation":180},"north":{"uv":[3,4,10,5.4],"texture":"#3","rotation":180},"south":{"uv":[3,4,10,5.4],"texture":"#3"},"west":{"uv":[3,4,10,5.4],"texture":"#3","rotation":90},"east":{"uv":[3,4,10,5.4],"texture":"#3","rotation":270}}},{"__comment":"element","from":[9.3,10.7128,8.339399],"to":[9.5,11.4128,8.6394],"rotation":{"origin":[10.8,11.06275,8.48935],"axis":"x","angle":45},"faces":{"down":{"uv":[3,4,10,5.4],"texture":"#3"},"up":{"uv":[3,4,10,5.4],"texture":"#3","rotation":180},"north":{"uv":[3,4,10,5.4],"texture":"#3","rotation":180},"south":{"uv":[3,4,10,5.4],"texture":"#3"},"west":{"uv":[3,4,10,5.4],"texture":"#3","rotation":90},"east":{"uv":[3,4,10,5.4],"texture":"#3","rotation":270}}},{"__comment":"element","from":[9.3,10.71,7.6476],"to":[9.5,11.01,8.347599],"faces":{"down":{"uv":[3,4,10,5.4],"texture":"#3"},"up":{"uv":[3,4,10,5.4],"texture":"#3"},"north":{"uv":[3,4,10,5.4],"texture":"#3","rotation":180},"south":{"uv":[3,4,10,5.4],"texture":"#3","rotation":180},"west":{"uv":[3,4,10,5.4],"texture":"#3","rotation":180},"east":{"uv":[3,4,10,5.4],"texture":"#3","rotation":180}}},{"__comment":"element","from":[9.3,10.9145,7.1565],"to":[9.5,11.2145,7.8565],"rotation":{"origin":[10.8,11.06446,7.50651],"axis":"x","angle":45},"faces":{"down":{"uv":[3,4,10,5.4],"texture":"#3"},"up":{"uv":[3,4,10,5.4],"texture":"#3"},"north":{"uv":[3,4,10,5.4],"texture":"#3","rotation":180},"south":{"uv":[3,4,10,5.4],"texture":"#3","rotation":180},"west":{"uv":[3,4,10,5.4],"texture":"#3","rotation":180},"east":{"uv":[3,4,10,5.4],"texture":"#3","rotation":180}}},{"__comment":"element","from":[9.3,11.2062,7.1538],"to":[9.5,11.9062,7.4538],"faces":{"down":{"uv":[3,4,10,5.4],"texture":"#3","rotation":180},"up":{"uv":[3,4,10,5.4],"texture":"#3"},"north":{"uv":[3,4,10,5.4],"texture":"#3","rotation":180},"south":{"uv":[3,4,10,5.4],"texture":"#3"},"west":{"uv":[3,4,10,5.4],"texture":"#3","rotation":270},"east":{"uv":[3,4,10,5.4],"texture":"#3","rotation":90}}},{"__comment":"element","from":[7.2,11.2757,8.599999],"to":[7.8,11.8757,8.899999],"faces":{"down":{"uv":[9.5,16,7.5,14.5],"texture":"#0"},"up":{"uv":[9.5,16,7.5,14.5],"texture":"#0","rotation":180},"north":{"uv":[7.5,14.5,9.5,16],"texture":"#0","rotation":180},"south":{"uv":[7.5,14.5,9.5,16],"texture":"#0"},"west":{"uv":[7.5,14.5,9.5,16],"texture":"#0","rotation":90},"east":{"uv":[7.5,14.5,9.5,16],"texture":"#0","rotation":270}}},{"__comment":"element","from":[7.2,11.2757,8.599999],"to":[7.8,11.8757,8.899999],"rotation":{"origin":[7.5,11.57572,8],"axis":"z","angle":22.5},"faces":{"down":{"uv":[9.5,16,7.5,14.5],"texture":"#0"},"up":{"uv":[9.5,16,7.5,14.5],"texture":"#0","rotation":180},"north":{"uv":[7.5,14.5,9.5,16],"texture":"#0","rotation":180},"south":{"uv":[7.5,14.5,9.5,16],"texture":"#0"},"west":{"uv":[7.5,14.5,9.5,16],"texture":"#0","rotation":90},"east":{"uv":[7.5,14.5,9.5,16],"texture":"#0","rotation":270}}},{"__comment":"element","from":[7.2,11.2757,8.599999],"to":[7.8,11.8757,8.899999],"rotation":{"origin":[7.5,11.57572,8],"axis":"z","angle":45},"faces":{"down":{"uv":[9.5,16,7.5,14.5],"texture":"#0"},"up":{"uv":[9.5,16,7.5,14.5],"texture":"#0","rotation":180},"north":{"uv":[7.5,14.5,9.5,16],"texture":"#0","rotation":180},"south":{"uv":[7.5,14.5,9.5,16],"texture":"#0"},"west":{"uv":[7.5,14.5,9.5,16],"texture":"#0","rotation":90},"east":{"uv":[7.5,14.5,9.5,16],"texture":"#0","rotation":270}}},{"__comment":"element","from":[7.2,11.2757,8.599999],"to":[7.8,11.8757,8.899999],"rotation":{"origin":[7.5,11.57572,8],"axis":"z","angle":-22.5},"faces":{"down":{"uv":[9.5,16,7.5,14.5],"texture":"#0","rotation":90},"up":{"uv":[9.5,16,7.5,14.5],"texture":"#0","rotation":90},"north":{"uv":[7.5,14.5,9.5,16],"texture":"#0","rotation":90},"south":{"uv":[7.5,14.5,9.5,16],"texture":"#0","rotation":90},"west":{"uv":[7.5,14.5,9.5,16],"texture":"#0","rotation":90},"east":{"uv":[7.5,14.5,9.5,16],"texture":"#0","rotation":90}}}],"display":{"thirdperson_righthand":{"rotation":[0,-90,0],"translation":[0,0.3668,0.5],"scale":[0.75,0.75,0.75]},"thirdperson_lefthand":{"rotation":[0,90,0],"translation":[0,0.3668,0.5],"scale":[0.75,0.75,0.75]},"firstperson_righthand":{"rotation":[0,-90,0],"translation":[-1.5,3.47,-6.26],"scale":[0.9,0.9,0.9]},"firstperson_lefthand":{"rotation":[0,90,0],"translation":[-1.5,3.47,-6.26],"scale":[0.9,0.9,0.9]},"gui":{"rotation":[0,0,-45],"translation":[-1,1.5,0],"scale":[0.6,0.6,0.6]},"head":{"rotation":[0,-135,-20],"translation":[0,4,2],"scale":[0.85,0.85,0.85]},"ground":{"translation":[0,1.5,0],"scale":[0.65,0.65,0.65]},"fixed":{"rotation":[0,0,-45],"translation":[-1,1.5,0],"scale":[0.8,0.8,0.8]}}}
