{"textures":{"particle":"customblock/e_particle","1":"customblock/dark_oak_planks","3":"customblock/black_wool","missing":"customblock/e_texture"},"elements":[{"from":[6.9948,7.8984,-3.5],"to":[7.194799,8.0984,8.5],"faces":{"down":{"uv":[2.5,1,3.5,2.2],"texture":"#3","rotation":270},"up":{"uv":[2.5,1,3.5,2.2],"texture":"#3","rotation":270},"north":{"uv":[2.5,1,3.5,2.2],"texture":"#3","rotation":270},"south":{"uv":[2.5,1,3.5,2.2],"texture":"#3","rotation":270},"west":{"uv":[2.5,1,3.5,2.2],"texture":"#3","rotation":270},"east":{"uv":[2.5,1,3.5,2.2],"texture":"#3","rotation":270}}},{"from":[7.0254,8.0525,-3.5],"to":[7.225399,8.2525,8.5],"rotation":{"origin":[7.12545,8.15248,8],"axis":"z","angle":-22.5},"faces":{"down":{"uv":[2.5,1,3.5,2.2],"texture":"#3","rotation":270},"up":{"uv":[2.5,1,3.5,2.2],"texture":"#3","rotation":270},"north":{"uv":[2.5,1,3.5,2.2],"texture":"#3","rotation":270},"south":{"uv":[2.5,1,3.5,2.2],"texture":"#3","rotation":270},"west":{"uv":[2.5,1,3.5,2.2],"texture":"#3","rotation":270},"east":{"uv":[2.5,1,3.5,2.2],"texture":"#3","rotation":270}}},{"from":[7.1128,8.1831,-3.5],"to":[7.312799,8.3831,8.5],"rotation":{"origin":[7.21275,8.28314,8],"axis":"z","angle":45},"faces":{"down":{"uv":[2.5,1,3.5,2.2],"texture":"#3"},"up":{"uv":[2.5,1,3.5,2.2],"texture":"#3"},"north":{"uv":[2.5,1,3.5,2.2],"texture":"#3"},"south":{"uv":[2.5,1,3.5,2.2],"texture":"#3"},"west":{"uv":[2.5,1,3.5,2.2],"texture":"#3"},"east":{"uv":[2.5,1,3.5,2.2],"texture":"#3"}}},{"from":[7.2434,8.2704,-3.5],"to":[7.443399,8.4704,8.5],"rotation":{"origin":[7.3434,8.37044,8],"axis":"z","angle":22.5},"faces":{"down":{"uv":[2.5,1,3.5,2.2],"texture":"#3"},"up":{"uv":[2.5,1,3.5,2.2],"texture":"#3"},"north":{"uv":[2.5,1,3.5,2.2],"texture":"#3"},"south":{"uv":[2.5,1,3.5,2.2],"texture":"#3"},"west":{"uv":[2.5,1,3.5,2.2],"texture":"#3"},"east":{"uv":[2.5,1,3.5,2.2],"texture":"#3"}}},{"from":[8.3975,7.7442,8.6721],"to":[8.5975,7.9442,8.8721],"rotation":{"origin":[8.49752,7.84424,8.77208],"axis":"x","angle":22.5},"faces":{"down":{"uv":[2.7,1,3.7,2],"texture":"#3","rotation":90},"up":{"uv":[2.7,1,3.7,2],"texture":"#3","rotation":90},"north":{"uv":[2.7,1,3.7,2],"texture":"#3","rotation":90},"south":{"uv":[2.7,1,3.7,2],"texture":"#3","rotation":90},"west":{"uv":[2.7,1,3.7,2],"texture":"#3","rotation":90},"east":{"uv":[2.7,1,3.7,2],"texture":"#3","rotation":90}}},{"from":[8.3975,7.6136,8.5848],"to":[8.5975,7.8136,8.7848],"rotation":{"origin":[8.49752,7.71359,8.68478],"axis":"x","angle":-45},"faces":{"down":{"uv":[2.7,1,3.7,2],"texture":"#3","rotation":180},"up":{"uv":[2.7,1,3.7,2],"texture":"#3","rotation":180},"north":{"uv":[2.7,1,3.7,2],"texture":"#3","rotation":180},"south":{"uv":[2.7,1,3.7,2],"texture":"#3","rotation":180},"west":{"uv":[2.7,1,3.7,2],"texture":"#3","rotation":180},"east":{"uv":[2.7,1,3.7,2],"texture":"#3","rotation":180}}},{"from":[8.3975,7.5263,8.4541],"to":[8.5975,7.7263,8.6541],"rotation":{"origin":[8.49752,7.62629,8.55412],"axis":"x","angle":-22.5},"faces":{"down":{"uv":[2.7,1,3.7,2],"texture":"#3","rotation":180},"up":{"uv":[2.7,1,3.7,2],"texture":"#3","rotation":180},"north":{"uv":[2.7,1,3.7,2],"texture":"#3","rotation":180},"south":{"uv":[2.7,1,3.7,2],"texture":"#3","rotation":180},"west":{"uv":[2.7,1,3.7,2],"texture":"#3","rotation":180},"east":{"uv":[2.7,1,3.7,2],"texture":"#3","rotation":180}}},{"from":[8.3975,7.8984,8.7027],"to":[8.5975,8.0984,8.902699],"faces":{"down":{"uv":[2.7,1,3.7,2],"texture":"#3","rotation":90},"up":{"uv":[2.7,1,3.7,2],"texture":"#3","rotation":90},"north":{"uv":[2.7,1,3.7,2],"texture":"#3","rotation":90},"south":{"uv":[2.7,1,3.7,2],"texture":"#3","rotation":90},"west":{"uv":[2.7,1,3.7,2],"texture":"#3","rotation":90},"east":{"uv":[2.7,1,3.7,2],"texture":"#3","rotation":90}}},{"from":[8.3975,8.0525,8.6721],"to":[8.5975,8.2525,8.8721],"rotation":{"origin":[8.49752,8.15248,8.77208],"axis":"x","angle":-22.5},"faces":{"down":{"uv":[2.7,1,3.7,2],"texture":"#3","rotation":90},"up":{"uv":[2.7,1,3.7,2],"texture":"#3","rotation":90},"north":{"uv":[2.7,1,3.7,2],"texture":"#3","rotation":90},"south":{"uv":[2.7,1,3.7,2],"texture":"#3","rotation":90},"west":{"uv":[2.7,1,3.7,2],"texture":"#3","rotation":90},"east":{"uv":[2.7,1,3.7,2],"texture":"#3","rotation":90}}},{"from":[7.3975,8.1831,8.5848],"to":[7.5975,8.3831,8.7848],"rotation":{"origin":[7.49752,8.28314,8.68478],"axis":"x","angle":-45},"faces":{"down":{"uv":[2.5,1,3.5,2.2],"texture":"#3","rotation":90},"up":{"uv":[2.5,1,3.5,2.2],"texture":"#3","rotation":90},"north":{"uv":[2.5,1,3.5,2.2],"texture":"#3","rotation":90},"south":{"uv":[2.5,1,3.5,2.2],"texture":"#3","rotation":90},"west":{"uv":[2.5,1,3.5,2.2],"texture":"#3","rotation":90},"east":{"uv":[2.5,1,3.5,2.2],"texture":"#3","rotation":90}}},{"from":[8.3975,8.2704,8.4541],"to":[8.5975,8.4704,8.6541],"rotation":{"origin":[8.49752,8.37044,8.55412],"axis":"x","angle":22.5},"faces":{"down":{"uv":[2.7,1,3.7,2],"texture":"#3"},"up":{"uv":[2.7,1,3.7,2],"texture":"#3"},"north":{"uv":[2.7,1,3.7,2],"texture":"#3"},"south":{"uv":[2.7,1,3.7,2],"texture":"#3"},"west":{"uv":[2.7,1,3.7,2],"texture":"#3"},"east":{"uv":[2.7,1,3.7,2],"texture":"#3"}}},{"from":[7.3975,8.3011,-3.5],"to":[7.5975,8.5011,8.5],"faces":{"down":{"uv":[2.5,1,3.5,2.2],"texture":"#3"},"up":{"uv":[2.5,1,3.5,2.2],"texture":"#3"},"north":{"uv":[2.5,1,3.5,2.2],"texture":"#3"},"south":{"uv":[2.5,1,3.5,2.2],"texture":"#3"},"west":{"uv":[2.5,1,3.5,2.2],"texture":"#3"},"east":{"uv":[2.5,1,3.5,2.2],"texture":"#3"}}},{"from":[7.5516,8.2704,-3.5],"to":[7.7516,8.4704,8.5],"rotation":{"origin":[7.65164,8.37044,8],"axis":"z","angle":-22.5},"faces":{"down":{"uv":[2.5,1,3.5,2.2],"texture":"#3"},"up":{"uv":[2.5,1,3.5,2.2],"texture":"#3"},"north":{"uv":[2.5,1,3.5,2.2],"texture":"#3"},"south":{"uv":[2.5,1,3.5,2.2],"texture":"#3"},"west":{"uv":[2.5,1,3.5,2.2],"texture":"#3"},"east":{"uv":[2.5,1,3.5,2.2],"texture":"#3"}}},{"from":[7.6823,8.1831,-3.5],"to":[7.882299,8.3831,8.5],"rotation":{"origin":[7.7823,8.28314,8],"axis":"z","angle":-45},"faces":{"down":{"uv":[2.5,1,3.5,2.2],"texture":"#3"},"up":{"uv":[2.5,1,3.5,2.2],"texture":"#3"},"north":{"uv":[2.5,1,3.5,2.2],"texture":"#3"},"south":{"uv":[2.5,1,3.5,2.2],"texture":"#3"},"west":{"uv":[2.5,1,3.5,2.2],"texture":"#3"},"east":{"uv":[2.5,1,3.5,2.2],"texture":"#3"}}},{"from":[7.7696,8.0525,-3.5],"to":[7.9696,8.2525,8.5],"rotation":{"origin":[7.8696,8.15248,8],"axis":"z","angle":22.5},"faces":{"down":{"uv":[2.5,1,3.5,2.2],"texture":"#3","rotation":270},"up":{"uv":[2.5,1,3.5,2.2],"texture":"#3","rotation":270},"north":{"uv":[2.5,1,3.5,2.2],"texture":"#3","rotation":270},"south":{"uv":[2.5,1,3.5,2.2],"texture":"#3","rotation":270},"west":{"uv":[2.5,1,3.5,2.2],"texture":"#3","rotation":270},"east":{"uv":[2.5,1,3.5,2.2],"texture":"#3","rotation":270}}},{"from":[7.2505,4.7105,-3.6312],"to":[8.7495,5.2105,-3.0312],"rotation":{"origin":[7.6505,4.66048,0.36881],"axis":"x","angle":45},"faces":{"down":{"uv":[0.2,0,1.85,1.7],"texture":"#1","rotation":270},"up":{"uv":[0.2,0,1.85,1.7],"texture":"#1","rotation":270},"north":{"uv":[0.2,0,1.85,1.7],"texture":"#1","rotation":270},"south":{"uv":[0.2,0,1.85,1.7],"texture":"#1","rotation":270},"west":{"uv":[0.2,0,1.85,1.7],"texture":"#1","rotation":270},"east":{"uv":[0.2,0,1.85,1.7],"texture":"#1","rotation":270}}},{"from":[7.25,7.1,-2],"to":[8.75,7.6,-1],"faces":{"down":{"uv":[0.2,0,1.85,1.7],"texture":"#1","rotation":270},"up":{"uv":[0.2,0,1.85,1.7],"texture":"#1","rotation":270},"north":{"uv":[0.2,0,1.85,1.7],"texture":"#1","rotation":270},"south":{"uv":[0.2,0,1.85,1.7],"texture":"#1","rotation":270},"west":{"uv":[0.2,0,1.85,1.7],"texture":"#1","rotation":270},"east":{"uv":[0.2,0,1.85,1.7],"texture":"#1","rotation":270}}},{"from":[7.05,6.65,2],"to":[8.949999,7.599999,3],"faces":{"down":{"uv":[0.2,0,1.85,1.7],"texture":"#1","rotation":270},"up":{"uv":[0.2,0,1.85,1.7],"texture":"#1","rotation":270},"north":{"uv":[0.2,0,1.85,1.7],"texture":"#1","rotation":270},"south":{"uv":[0.2,0,1.85,1.7],"texture":"#1","rotation":270},"west":{"uv":[0.2,0,1.85,1.7],"texture":"#1","rotation":270},"east":{"uv":[0.2,0,1.85,1.7],"texture":"#1","rotation":270}}},{"from":[7,6.55,3],"to":[9,7.599999,4],"faces":{"down":{"uv":[0.2,0,1.85,1.7],"texture":"#1","rotation":270},"up":{"uv":[0.2,0,1.85,1.7],"texture":"#1","rotation":270},"north":{"uv":[0.2,0,1.85,1.7],"texture":"#1","rotation":270},"south":{"uv":[0.2,0,1.85,1.7],"texture":"#1","rotation":270},"west":{"uv":[0.2,0,1.85,1.7],"texture":"#1","rotation":270},"east":{"uv":[0.2,0,1.85,1.7],"texture":"#1","rotation":270}}},{"from":[7.4,6.45,4.8],"to":[8.6,7.6,5],"faces":{"down":{"uv":[0.2,0,1.85,1.7],"texture":"#1","rotation":270},"up":{"uv":[0.2,0,1.85,1.7],"texture":"#1","rotation":270},"north":{"uv":[0.2,0,1.85,1.7],"texture":"#1","rotation":270},"south":{"uv":[0.2,0,1.85,1.7],"texture":"#1","rotation":270},"west":{"uv":[0.2,0,1.85,1.7],"texture":"#1","rotation":270},"east":{"uv":[0.2,0,1.85,1.7],"texture":"#1","rotation":270}}},{"from":[7.25,6.45,4.4],"to":[8.75,7.6,4.8],"faces":{"down":{"uv":[0.2,0,1.85,1.7],"texture":"#1","rotation":270},"up":{"uv":[0.2,0,1.85,1.7],"texture":"#1","rotation":270},"north":{"uv":[0.2,0,1.85,1.7],"texture":"#1","rotation":270},"south":{"uv":[0.2,0,1.85,1.7],"texture":"#1","rotation":270},"west":{"uv":[0.2,0,1.85,1.7],"texture":"#1","rotation":270},"east":{"uv":[0.2,0,1.85,1.7],"texture":"#1","rotation":270}}},{"from":[7.1,6.45,4],"to":[8.9,7.6,4.4],"faces":{"down":{"uv":[0.2,0,1.85,1.7],"texture":"#1","rotation":270},"up":{"uv":[0.2,0,1.85,1.7],"texture":"#1","rotation":270},"north":{"uv":[0.2,0,1.85,1.7],"texture":"#1","rotation":270},"south":{"uv":[0.2,0,1.85,1.7],"texture":"#1","rotation":270},"west":{"uv":[0.2,0,1.85,1.7],"texture":"#1","rotation":270},"east":{"uv":[0.2,0,1.85,1.7],"texture":"#1","rotation":270}}},{"from":[7.1,6.75,1],"to":[8.9,7.6,2],"faces":{"down":{"uv":[0.2,0,1.85,1.7],"texture":"#1","rotation":270},"up":{"uv":[0.2,0,1.85,1.7],"texture":"#1","rotation":270},"north":{"uv":[0.2,0,1.85,1.7],"texture":"#1","rotation":270},"south":{"uv":[0.2,0,1.85,1.7],"texture":"#1","rotation":270},"west":{"uv":[0.2,0,1.85,1.7],"texture":"#1","rotation":270},"east":{"uv":[0.2,0,1.85,1.7],"texture":"#1","rotation":270}}},{"from":[7.15,6.85,0],"to":[8.85,7.6,1],"faces":{"down":{"uv":[0.2,0,1.85,1.7],"texture":"#1","rotation":270},"up":{"uv":[0.2,0,1.85,1.7],"texture":"#1","rotation":270},"north":{"uv":[0.2,0,1.85,1.7],"texture":"#1","rotation":270},"south":{"uv":[0.2,0,1.85,1.7],"texture":"#1","rotation":270},"west":{"uv":[0.2,0,1.85,1.7],"texture":"#1","rotation":270},"east":{"uv":[0.2,0,1.85,1.7],"texture":"#1","rotation":270}}},{"from":[7.2,7,-1],"to":[8.8,7.6,0],"faces":{"down":{"uv":[0.2,0,1.85,1.7],"texture":"#1","rotation":270},"up":{"uv":[0.2,0,1.85,1.7],"texture":"#1","rotation":270},"north":{"uv":[0.2,0,1.85,1.7],"texture":"#1","rotation":270},"south":{"uv":[0.2,0,1.85,1.7],"texture":"#1","rotation":270},"west":{"uv":[0.2,0,1.85,1.7],"texture":"#1","rotation":270},"east":{"uv":[0.2,0,1.85,1.7],"texture":"#1","rotation":270}}},{"from":[7.5,6.5,5],"to":[8.5,7.6,8.5],"faces":{"down":{"uv":[2.2,1,3.2,2],"texture":"#3","rotation":270},"up":{"uv":[2.2,1,3.2,2],"texture":"#3","rotation":270},"north":{"uv":[2.2,1,3.2,2],"texture":"#3","rotation":270},"south":{"uv":[2.2,1,3.2,2],"texture":"#3","rotation":270},"west":{"uv":[2.2,1,3.2,2],"texture":"#3","rotation":270},"east":{"uv":[2.2,1,3.2,2],"texture":"#3","rotation":270}}},{"from":[7.513,6.1616,11.9852],"to":[8.487,7.6616,14.7852],"rotation":{"origin":[7.903,6.44937,11.48517],"axis":"x","angle":45},"faces":{"down":{"uv":[0.2,0,1.7,2.8],"texture":"#1","rotation":270},"up":{"uv":[0.2,0,1.7,2.8],"texture":"#1","rotation":270},"north":{"uv":[0.2,0,1.7,2.8],"texture":"#1","rotation":270},"south":{"uv":[0.2,0,1.7,2.8],"texture":"#1","rotation":270},"west":{"uv":[0.2,0,1.7,2.8],"texture":"#1","rotation":270},"east":{"uv":[0.2,0,1.7,2.8],"texture":"#1","rotation":270}}},{"from":[7.5105,6.47,11.2805],"to":[8.4895,8.07,12.4805],"rotation":{"origin":[7.9055,6.97001,9.78051],"axis":"x","angle":22.5},"faces":{"down":{"uv":[0.2,0,1.8,1.2],"texture":"#1","rotation":270},"up":{"uv":[0.2,0,1.8,1.2],"texture":"#1","rotation":270},"north":{"uv":[0.2,0,1.8,1.2],"texture":"#1","rotation":270},"south":{"uv":[0.2,0,1.8,1.2],"texture":"#1","rotation":270},"west":{"uv":[0.2,0,1.8,1.2],"texture":"#1","rotation":270},"east":{"uv":[0.2,0,1.8,1.2],"texture":"#1","rotation":270}}},{"from":[7.509,7.11,10.6175],"to":[8.491,8.809999,11.7175],"rotation":{"origin":[7.904,7.61001,8.11753],"axis":"x","angle":22.5},"faces":{"down":{"uv":[0.2,0,1.9,1.1],"texture":"#1","rotation":270},"up":{"uv":[0.2,0,1.9,1.1],"texture":"#1","rotation":270},"north":{"uv":[0.2,0,1.9,1.1],"texture":"#1","rotation":270},"south":{"uv":[0.2,0,1.9,1.1],"texture":"#1","rotation":270},"west":{"uv":[0.2,0,1.9,1.1],"texture":"#1","rotation":270},"east":{"uv":[0.2,0,1.9,1.1],"texture":"#1","rotation":270}}},{"from":[7.5065,6.98,8.802299],"to":[8.4935,8.78,10.6023],"rotation":{"origin":[7.9015,7.48001,8.3023],"axis":"x","angle":22.5},"faces":{"down":{"uv":[0.2,0,2,1.8],"texture":"#1","rotation":270},"up":{"uv":[0.2,0,2,1.8],"texture":"#1","rotation":270},"north":{"uv":[0.2,0,2,1.8],"texture":"#1","rotation":270},"south":{"uv":[0.2,0,2,1.8],"texture":"#1","rotation":270},"west":{"uv":[0.2,0,2,1.8],"texture":"#1","rotation":270},"east":{"uv":[0.2,0,2,1.8],"texture":"#1","rotation":270}}},{"from":[7.505,6.5636,8.205],"to":[8.494989,7.9636,9.605],"rotation":{"origin":[7.905,7.8636,8.80503],"axis":"x","angle":-45},"faces":{"down":{"uv":[2.5,1,3.5,2.2],"texture":"#3","rotation":270},"up":{"uv":[2.5,1,3.5,2.2],"texture":"#3","rotation":270},"north":{"uv":[2.5,1,3.5,2.2],"texture":"#3","rotation":90},"south":{"uv":[2.5,1,3.5,2.2],"texture":"#3","rotation":270},"west":{"uv":[2.5,1,3.5,2.2],"texture":"#3"},"east":{"uv":[2.5,1,3.5,2.2],"texture":"#3","rotation":180}}},{"from":[7.85,5.522,9.2101],"to":[8.15,5.622,10.3101],"rotation":{"origin":[8,5.57205,9.56011],"axis":"x","angle":22.5},"faces":{"down":{"uv":[2.7,1,3.7,2],"texture":"#3","rotation":180},"up":{"uv":[2.7,1,3.7,2],"texture":"#3","rotation":180},"north":{"uv":[2.7,1,3.7,2],"texture":"#3","rotation":180},"south":{"uv":[2.7,1,3.7,2],"texture":"#3","rotation":180},"west":{"uv":[2.7,1,3.7,2],"texture":"#3","rotation":180},"east":{"uv":[2.7,1,3.7,2],"texture":"#3","rotation":180}}},{"from":[7.85,5.3307,10.1957],"to":[8.15,5.4307,10.5957],"rotation":{"origin":[8,5.38071,10.44572],"axis":"x","angle":-22.5},"faces":{"down":{"uv":[2.7,1,3.7,2],"texture":"#3","rotation":180},"up":{"uv":[2.7,1,3.7,2],"texture":"#3","rotation":180},"north":{"uv":[2.7,1,3.7,2],"texture":"#3","rotation":180},"south":{"uv":[2.7,1,3.7,2],"texture":"#3","rotation":180},"west":{"uv":[2.7,1,3.7,2],"texture":"#3","rotation":180},"east":{"uv":[2.7,1,3.7,2],"texture":"#3","rotation":180}}},{"from":[7.85,5.6675,9.1564],"to":[8.15,6.0675,9.256399],"rotation":{"origin":[8,5.81751,9.20641],"axis":"x","angle":-22.5},"faces":{"down":{"uv":[2.7,1,3.7,2],"texture":"#3","rotation":270},"up":{"uv":[2.7,1,3.7,2],"texture":"#3","rotation":270},"north":{"uv":[2.7,1,3.7,2],"texture":"#3","rotation":270},"south":{"uv":[2.7,1,3.7,2],"texture":"#3","rotation":270},"west":{"uv":[2.7,1,3.7,2],"texture":"#3","rotation":270},"east":{"uv":[2.7,1,3.7,2],"texture":"#3","rotation":270}}},{"from":[7.85,5.7609,10.6718],"to":[8.15,5.8609,11.0718],"rotation":{"origin":[8,5.81094,10.82183],"axis":"x","angle":-22.5},"faces":{"down":{"uv":[2.7,1,3.7,2],"texture":"#3","rotation":180},"up":{"uv":[2.7,1,3.7,2],"texture":"#3","rotation":180},"north":{"uv":[2.7,1,3.7,2],"texture":"#3","rotation":180},"south":{"uv":[2.7,1,3.7,2],"texture":"#3","rotation":180},"west":{"uv":[2.7,1,3.7,2],"texture":"#3","rotation":180},"east":{"uv":[2.7,1,3.7,2],"texture":"#3","rotation":180}}},{"from":[7.9,5.7086,9.637899],"to":[8.1,6.1086,9.7379],"rotation":{"origin":[8.05,5.85858,9.68787],"axis":"x","angle":45},"faces":{"down":{"uv":[2.7,1,3.7,2],"texture":"#3","rotation":90},"up":{"uv":[2.7,1,3.7,2],"texture":"#3","rotation":90},"north":{"uv":[2.7,1,3.7,2],"texture":"#3","rotation":90},"south":{"uv":[2.7,1,3.7,2],"texture":"#3","rotation":90},"west":{"uv":[2.7,1,3.7,2],"texture":"#3","rotation":90},"east":{"uv":[2.7,1,3.7,2],"texture":"#3","rotation":90}}},{"from":[7.9,5.7268,10.0655],"to":[8.1,6.0268,10.1655],"rotation":{"origin":[8.05,5.87675,9.81554],"axis":"x","angle":22.5},"faces":{"down":{"uv":[2.7,1,3.7,2],"texture":"#3","rotation":90},"up":{"uv":[2.7,1,3.7,2],"texture":"#3","rotation":90},"north":{"uv":[2.7,1,3.7,2],"texture":"#3","rotation":90},"south":{"uv":[2.7,1,3.7,2],"texture":"#3","rotation":90},"west":{"uv":[2.7,1,3.7,2],"texture":"#3","rotation":90},"east":{"uv":[2.7,1,3.7,2],"texture":"#3","rotation":90}}},{"from":[7.9,5.8814,10.0963],"to":[8.1,6.2814,10.1963],"faces":{"down":{"uv":[2.7,1,3.7,2],"texture":"#3","rotation":90},"up":{"uv":[2.7,1,3.7,2],"texture":"#3","rotation":90},"north":{"uv":[2.7,1,3.7,2],"texture":"#3","rotation":90},"south":{"uv":[2.7,1,3.7,2],"texture":"#3","rotation":90},"west":{"uv":[2.7,1,3.7,2],"texture":"#3","rotation":90},"east":{"uv":[2.7,1,3.7,2],"texture":"#3","rotation":90}}},{"from":[7.9005,6.1,9.9],"to":[8.0995,6.4,10],"faces":{"down":{"uv":[2.7,1,3.7,2],"texture":"#3","rotation":90},"up":{"uv":[2.7,1,3.7,2],"texture":"#3","rotation":90},"north":{"uv":[2.7,1,3.7,2],"texture":"#3","rotation":90},"south":{"uv":[2.7,1,3.7,2],"texture":"#3","rotation":90},"west":{"uv":[2.7,1,3.7,2],"texture":"#3","rotation":90},"east":{"uv":[2.7,1,3.7,2],"texture":"#3","rotation":90}}},{"from":[7.9005,6,10],"to":[8.0995,6.3,10.1],"faces":{"down":{"uv":[2.7,1,3.7,2],"texture":"#3","rotation":90},"up":{"uv":[2.7,1,3.7,2],"texture":"#3","rotation":90},"north":{"uv":[2.7,1,3.7,2],"texture":"#3","rotation":90},"south":{"uv":[2.7,1,3.7,2],"texture":"#3","rotation":90},"west":{"uv":[2.7,1,3.7,2],"texture":"#3","rotation":90},"east":{"uv":[2.7,1,3.7,2],"texture":"#3","rotation":90}}},{"from":[7.9005,5.8728,9.975599],"to":[8.0995,6.1728,10.0756],"rotation":{"origin":[8.0505,6.02281,10.02559],"axis":"x","angle":-45},"faces":{"down":{"uv":[2.7,1,3.7,2],"texture":"#3","rotation":90},"up":{"uv":[2.7,1,3.7,2],"texture":"#3","rotation":90},"north":{"uv":[2.7,1,3.7,2],"texture":"#3","rotation":90},"south":{"uv":[2.7,1,3.7,2],"texture":"#3","rotation":90},"west":{"uv":[2.7,1,3.7,2],"texture":"#3","rotation":90},"east":{"uv":[2.7,1,3.7,2],"texture":"#3","rotation":90}}},{"from":[7.9005,5.9914,9.9207],"to":[8.0995,6.2914,10.0207],"rotation":{"origin":[8.0505,6.14142,9.97071],"axis":"x","angle":45},"faces":{"down":{"uv":[2.7,1,3.7,2],"texture":"#3","rotation":90},"up":{"uv":[2.7,1,3.7,2],"texture":"#3","rotation":90},"north":{"uv":[2.7,1,3.7,2],"texture":"#3","rotation":90},"south":{"uv":[2.7,1,3.7,2],"texture":"#3","rotation":90},"west":{"uv":[2.7,1,3.7,2],"texture":"#3","rotation":90},"east":{"uv":[2.7,1,3.7,2],"texture":"#3","rotation":90}}},{"from":[7.9,6,9.8],"to":[8.1,6.4,9.9],"faces":{"down":{"uv":[2.7,1,3.7,2],"texture":"#3","rotation":90},"up":{"uv":[2.7,1,3.7,2],"texture":"#3","rotation":90},"north":{"uv":[2.7,1,3.7,2],"texture":"#3","rotation":90},"south":{"uv":[2.7,1,3.7,2],"texture":"#3","rotation":90},"west":{"uv":[2.7,1,3.7,2],"texture":"#3","rotation":90},"east":{"uv":[2.7,1,3.7,2],"texture":"#3","rotation":90}}},{"from":[7.85,5.7309,10.6029],"to":[8.15,6.1309,10.7029],"rotation":{"origin":[8,5.88092,10.65291],"axis":"x","angle":-22.5},"faces":{"down":{"uv":[2.7,1,3.7,2],"texture":"#3","rotation":90},"up":{"uv":[2.7,1,3.7,2],"texture":"#3","rotation":90},"north":{"uv":[2.7,1,3.7,2],"texture":"#3","rotation":90},"south":{"uv":[2.7,1,3.7,2],"texture":"#3","rotation":90},"west":{"uv":[2.7,1,3.7,2],"texture":"#3","rotation":90},"east":{"uv":[2.7,1,3.7,2],"texture":"#3","rotation":90}}},{"from":[7.85,6.3601,9.2253],"to":[8.15,6.4601,9.525299],"rotation":{"origin":[8,6.41011,9.37533],"axis":"x","angle":-22.5},"faces":{"down":{"uv":[2.7,1,3.7,2],"texture":"#3","rotation":270},"up":{"uv":[2.7,1,3.7,2],"texture":"#3","rotation":270},"north":{"uv":[2.7,1,3.7,2],"texture":"#3","rotation":90},"south":{"uv":[2.7,1,3.7,2],"texture":"#3","rotation":270},"west":{"uv":[2.7,1,3.7,2],"texture":"#3"},"east":{"uv":[2.7,1,3.7,2],"texture":"#3","rotation":180}}},{"from":[7.85,5.3467,10.5541],"to":[8.15,5.746699,10.6541],"rotation":{"origin":[8,5.49672,10.74239],"axis":"x","angle":22.5},"faces":{"down":{"uv":[2.7,1,3.7,2],"texture":"#3","rotation":270},"up":{"uv":[2.7,1,3.7,2],"texture":"#3","rotation":270},"north":{"uv":[2.7,1,3.7,2],"texture":"#3","rotation":270},"south":{"uv":[2.7,1,3.7,2],"texture":"#3","rotation":270},"west":{"uv":[2.7,1,3.7,2],"texture":"#3","rotation":270},"east":{"uv":[2.7,1,3.7,2],"texture":"#3","rotation":270}}},{"from":[7.85,5.9459,9.1076],"to":[8.15,6.3459,9.207601],"rotation":{"origin":[8,6.09588,9.29588],"axis":"x","angle":22.5},"faces":{"down":{"uv":[2.7,1,3.7,2],"texture":"#3","rotation":270},"up":{"uv":[2.7,1,3.7,2],"texture":"#3","rotation":270},"north":{"uv":[2.7,1,3.7,2],"texture":"#3","rotation":270},"south":{"uv":[2.7,1,3.7,2],"texture":"#3","rotation":270},"west":{"uv":[2.7,1,3.7,2],"texture":"#3","rotation":270},"east":{"uv":[2.7,1,3.7,2],"texture":"#3","rotation":270}}},{"from":[7.8,8.349999,9.014999],"to":[8.199999,8.549999,9.184999],"faces":{"down":{"uv":[1.2,0.5,2.4,1.66953],"texture":"#3","rotation":270},"up":{"uv":[1.2,0.5,2.4,1.66953],"texture":"#3","rotation":270},"north":{"uv":[1.2,0.5,2.4,1.66953],"texture":"#3","rotation":270},"south":{"uv":[1.2,0.5,2.4,1.66953],"texture":"#3","rotation":270},"west":{"uv":[1.2,0.5,2.4,1.66953],"texture":"#3","rotation":270},"east":{"uv":[1.2,0.5,2.4,1.66953],"texture":"#3","rotation":270}}},{"from":[7.915,8.349999,8.9],"to":[8.085,8.549999,9.3],"rotation":{"origin":[8,8.45,9.1],"axis":"y","angle":-45},"faces":{"down":{"uv":[1.2,0.5,2.4,1.66953],"texture":"#3","rotation":270},"up":{"uv":[1.2,0.5,2.4,1.66953],"texture":"#3","rotation":270},"north":{"uv":[1.2,0.5,2.4,1.66953],"texture":"#3","rotation":270},"south":{"uv":[1.2,0.5,2.4,1.66953],"texture":"#3","rotation":270},"west":{"uv":[1.2,0.5,2.4,1.66953],"texture":"#3","rotation":270},"east":{"uv":[1.2,0.5,2.4,1.66953],"texture":"#3","rotation":270}}},{"from":[7.915,8.349999,8.9],"to":[8.085,8.549999,9.3],"rotation":{"origin":[8,8.45,9.1],"axis":"y","angle":45},"faces":{"down":{"uv":[1.2,0.5,2.4,1.66953],"texture":"#3","rotation":270},"up":{"uv":[1.2,0.5,2.4,1.66953],"texture":"#3","rotation":270},"north":{"uv":[1.2,0.5,2.4,1.66953],"texture":"#3","rotation":270},"south":{"uv":[1.2,0.5,2.4,1.66953],"texture":"#3","rotation":270},"west":{"uv":[1.2,0.5,2.4,1.66953],"texture":"#3","rotation":270},"east":{"uv":[1.2,0.5,2.4,1.66953],"texture":"#3","rotation":270}}},{"from":[7.94,7.9438,10.0391],"to":[8.059999,8.243799,10.3391],"faces":{"down":{"uv":[1.2,0.5,2.4,1.66953],"texture":"#3","rotation":270},"up":{"uv":[1.2,0.5,2.4,1.66953],"texture":"#3","rotation":270},"north":{"uv":[1.2,0.5,2.4,1.66953],"texture":"#3","rotation":270},"south":{"uv":[1.2,0.5,2.4,1.66953],"texture":"#3","rotation":270},"west":{"uv":[1.2,0.5,2.4,1.66953],"texture":"#3","rotation":270},"east":{"uv":[1.2,0.5,2.4,1.66953],"texture":"#3","rotation":270}}},{"from":[7.94,8.0412,10.4978],"to":[8.059999,8.1612,10.6178],"rotation":{"origin":[8.025,8.14119,10.69783],"axis":"x","angle":-22.5},"faces":{"down":{"uv":[1.2,0.5,2.4,1.66953],"texture":"#3","rotation":270},"up":{"uv":[1.2,0.5,2.4,1.66953],"texture":"#3","rotation":270},"north":{"uv":[1.2,0.5,2.4,1.66953],"texture":"#3","rotation":270},"south":{"uv":[1.2,0.5,2.4,1.66953],"texture":"#3","rotation":270},"west":{"uv":[1.2,0.5,2.4,1.66953],"texture":"#3","rotation":270},"east":{"uv":[1.2,0.5,2.4,1.66953],"texture":"#3","rotation":270}}},{"from":[7.94,7.8825,10.2473],"to":[8.059999,8.182499,10.5473],"rotation":{"origin":[8.025,7.98254,10.44734],"axis":"x","angle":22.5},"faces":{"down":{"uv":[1.2,0.5,2.4,1.66953],"texture":"#3","rotation":270},"up":{"uv":[1.2,0.5,2.4,1.66953],"texture":"#3","rotation":270},"north":{"uv":[1.2,0.5,2.4,1.66953],"texture":"#3","rotation":270},"south":{"uv":[1.2,0.5,2.4,1.66953],"texture":"#3","rotation":270},"west":{"uv":[1.2,0.5,2.4,1.66953],"texture":"#3","rotation":270},"east":{"uv":[1.2,0.5,2.4,1.66953],"texture":"#3","rotation":270}}},{"from":[7.94,8.281099,9.2465],"to":[8.059999,8.481099,10.1465],"rotation":{"origin":[8.025,8.38108,9.44651],"axis":"x","angle":22.5},"faces":{"down":{"uv":[1.2,0.5,2.4,1.66953],"texture":"#3","rotation":270},"up":{"uv":[1.2,0.5,2.4,1.66953],"texture":"#3","rotation":270},"north":{"uv":[1.2,0.5,2.4,1.66953],"texture":"#3","rotation":270},"south":{"uv":[1.2,0.5,2.4,1.66953],"texture":"#3","rotation":270},"west":{"uv":[1.2,0.5,2.4,1.66953],"texture":"#3","rotation":270},"east":{"uv":[1.2,0.5,2.4,1.66953],"texture":"#3","rotation":270}}},{"from":[7.915,8.349999,8.9],"to":[8.085,8.549999,9.3],"faces":{"down":{"uv":[1.2,0.5,2.4,1.66953],"texture":"#3","rotation":270},"up":{"uv":[1.2,0.5,2.4,1.66953],"texture":"#3","rotation":270},"north":{"uv":[1.2,0.5,2.4,1.66953],"texture":"#3","rotation":270},"south":{"uv":[1.2,0.5,2.4,1.66953],"texture":"#3","rotation":270},"west":{"uv":[1.2,0.5,2.4,1.66953],"texture":"#3","rotation":270},"east":{"uv":[1.2,0.5,2.4,1.66953],"texture":"#3","rotation":270}}},{"from":[7.5,6.5,8.5],"to":[8.5,8.5,9.3],"faces":{"down":{"uv":[2.5,1,3.5,2.2],"texture":"#3","rotation":270},"up":{"uv":[2.5,1,3.5,2.2],"texture":"#3","rotation":270},"north":{"uv":[2.5,1,3.5,2.2],"texture":"#3","rotation":270},"south":{"uv":[2.5,1,3.5,2.2],"texture":"#3","rotation":270},"west":{"uv":[2.5,1,3.5,2.2],"texture":"#3","rotation":270},"east":{"uv":[2.5,1,3.5,2.2],"texture":"#3","rotation":270}}},{"from":[7.95,8.5,-3.5],"to":[8.05,8.6,-3.2],"faces":{"down":{"uv":[3.5,1,4.5,2.2],"texture":"#3","rotation":270},"up":{"uv":[3.5,1,4.5,2.2],"texture":"#3","rotation":270},"north":{"uv":[3.5,1,4.5,2.2],"texture":"#3","rotation":270},"south":{"uv":[3.5,1,4.5,2.2],"texture":"#3","rotation":270},"west":{"uv":[3.5,1,4.5,2.2],"texture":"#3","rotation":270},"east":{"uv":[3.5,1,4.5,2.2],"texture":"#3","rotation":270}}},{"from":[8.099999,8.5,8.2],"to":[8.199999,8.7,8.5],"faces":{"down":{"uv":[3.5,1,4.5,2.2],"texture":"#3","rotation":270},"up":{"uv":[3.5,1,4.5,2.2],"texture":"#3","rotation":270},"north":{"uv":[3.5,1,4.5,2.2],"texture":"#3","rotation":270},"south":{"uv":[3.5,1,4.5,2.2],"texture":"#3","rotation":270},"west":{"uv":[3.5,1,4.5,2.2],"texture":"#3","rotation":270},"east":{"uv":[3.5,1,4.5,2.2],"texture":"#3","rotation":270}}},{"from":[7.8,8.5,8.2],"to":[7.9,8.7,8.5],"faces":{"down":{"uv":[3.5,1,4.5,2.2],"texture":"#3","rotation":270},"up":{"uv":[3.5,1,4.5,2.2],"texture":"#3","rotation":270},"north":{"uv":[3.5,1,4.5,2.2],"texture":"#3","rotation":270},"south":{"uv":[3.5,1,4.5,2.2],"texture":"#3","rotation":270},"west":{"uv":[3.5,1,4.5,2.2],"texture":"#3","rotation":270},"east":{"uv":[3.5,1,4.5,2.2],"texture":"#3","rotation":270}}},{"from":[7.8,7.5,-3.5],"to":[8.199999,8.5,8.5],"faces":{"down":{"uv":[2.5,1,3.5,2.2],"texture":"#3","rotation":270},"up":{"uv":[2.5,1,3.5,2.2],"texture":"#3","rotation":270},"north":{"uv":[2.5,1,3.5,2.2],"texture":"#3","rotation":270},"south":{"uv":[2.5,1,3.5,2.2],"texture":"#3","rotation":270},"west":{"uv":[2.5,1,3.5,2.2],"texture":"#3","rotation":270},"east":{"uv":[2.5,1,3.5,2.2],"texture":"#3","rotation":270}}},{"from":[7.5516,7.5263,-3.5],"to":[7.7516,7.7263,8.5],"rotation":{"origin":[7.65164,7.62629,8],"axis":"z","angle":22.5},"faces":{"down":{"uv":[2.5,1,3.5,2.2],"texture":"#3"},"up":{"uv":[2.5,1,3.5,2.2],"texture":"#3"},"north":{"uv":[2.5,1,3.5,2.2],"texture":"#3"},"south":{"uv":[2.5,1,3.5,2.2],"texture":"#3"},"west":{"uv":[2.5,1,3.5,2.2],"texture":"#3"},"east":{"uv":[2.5,1,3.5,2.2],"texture":"#3"}}},{"from":[7.6823,7.6136,-3.5],"to":[7.882299,7.8136,8.5],"rotation":{"origin":[7.7823,7.71359,8],"axis":"z","angle":45},"faces":{"down":{"uv":[2.5,1,3.5,2.2],"texture":"#3"},"up":{"uv":[2.5,1,3.5,2.2],"texture":"#3"},"north":{"uv":[2.5,1,3.5,2.2],"texture":"#3"},"south":{"uv":[2.5,1,3.5,2.2],"texture":"#3"},"west":{"uv":[2.5,1,3.5,2.2],"texture":"#3"},"east":{"uv":[2.5,1,3.5,2.2],"texture":"#3"}}},{"from":[7.7696,7.7442,-3.5],"to":[7.9696,7.9442,8.5],"rotation":{"origin":[7.8696,7.84425,8],"axis":"z","angle":-22.5},"faces":{"down":{"uv":[2.5,1,3.5,2.2],"texture":"#3","rotation":270},"up":{"uv":[2.5,1,3.5,2.2],"texture":"#3","rotation":270},"north":{"uv":[2.5,1,3.5,2.2],"texture":"#3","rotation":270},"south":{"uv":[2.5,1,3.5,2.2],"texture":"#3","rotation":270},"west":{"uv":[2.5,1,3.5,2.2],"texture":"#3","rotation":270},"east":{"uv":[2.5,1,3.5,2.2],"texture":"#3","rotation":270}}},{"from":[7.0254,7.7442,-3.5],"to":[7.225399,7.9442,8.5],"rotation":{"origin":[7.12545,7.84425,8],"axis":"z","angle":22.5},"faces":{"down":{"uv":[2.5,1,3.5,2.2],"texture":"#3","rotation":270},"up":{"uv":[2.5,1,3.5,2.2],"texture":"#3","rotation":270},"north":{"uv":[2.5,1,3.5,2.2],"texture":"#3","rotation":270},"south":{"uv":[2.5,1,3.5,2.2],"texture":"#3","rotation":270},"west":{"uv":[2.5,1,3.5,2.2],"texture":"#3","rotation":270},"east":{"uv":[2.5,1,3.5,2.2],"texture":"#3","rotation":270}}},{"from":[7.1128,7.6136,-3.5],"to":[7.312799,7.8136,8.5],"rotation":{"origin":[7.21275,7.71359,8],"axis":"z","angle":-45},"faces":{"down":{"uv":[2.5,1,3.5,2.2],"texture":"#3"},"up":{"uv":[2.5,1,3.5,2.2],"texture":"#3"},"north":{"uv":[2.5,1,3.5,2.2],"texture":"#3"},"south":{"uv":[2.5,1,3.5,2.2],"texture":"#3"},"west":{"uv":[2.5,1,3.5,2.2],"texture":"#3"},"east":{"uv":[2.5,1,3.5,2.2],"texture":"#3"}}},{"from":[7.3975,7.4956,-3.5],"to":[7.5975,7.6956,8.5],"faces":{"down":{"uv":[2.5,1,3.5,2.2],"texture":"#3"},"up":{"uv":[2.5,1,3.5,2.2],"texture":"#3"},"north":{"uv":[2.5,1,3.5,2.2],"texture":"#3"},"south":{"uv":[2.5,1,3.5,2.2],"texture":"#3"},"west":{"uv":[2.5,1,3.5,2.2],"texture":"#3"},"east":{"uv":[2.5,1,3.5,2.2],"texture":"#3"}}},{"from":[7.2434,7.5263,-3.5],"to":[7.443399,7.7263,8.5],"rotation":{"origin":[7.3434,7.62629,8],"axis":"z","angle":-22.5},"faces":{"down":{"uv":[2.5,1,3.5,2.2],"texture":"#3"},"up":{"uv":[2.5,1,3.5,2.2],"texture":"#3"},"north":{"uv":[2.5,1,3.5,2.2],"texture":"#3"},"south":{"uv":[2.5,1,3.5,2.2],"texture":"#3"},"west":{"uv":[2.5,1,3.5,2.2],"texture":"#3"},"east":{"uv":[2.5,1,3.5,2.2],"texture":"#3"}}},{"from":[8.3975,8.3011,-3.5],"to":[8.5975,8.5011,8.5],"faces":{"down":{"uv":[2.5,1,3.5,2.2],"texture":"#3"},"up":{"uv":[2.5,1,3.5,2.2],"texture":"#3"},"north":{"uv":[2.5,1,3.5,2.2],"texture":"#3"},"south":{"uv":[2.5,1,3.5,2.2],"texture":"#3"},"west":{"uv":[2.5,1,3.5,2.2],"texture":"#3"},"east":{"uv":[2.5,1,3.5,2.2],"texture":"#3"}}},{"from":[8.5516,8.2704,-3.5],"to":[8.7516,8.4704,8.5],"rotation":{"origin":[8.65164,8.37044,8],"axis":"z","angle":-22.5},"faces":{"down":{"uv":[2.5,1,3.5,2.2],"texture":"#3"},"up":{"uv":[2.5,1,3.5,2.2],"texture":"#3"},"north":{"uv":[2.5,1,3.5,2.2],"texture":"#3"},"south":{"uv":[2.5,1,3.5,2.2],"texture":"#3"},"west":{"uv":[2.5,1,3.5,2.2],"texture":"#3"},"east":{"uv":[2.5,1,3.5,2.2],"texture":"#3"}}},{"from":[8.6823,8.1831,-3.5],"to":[8.8823,8.3831,8.5],"rotation":{"origin":[8.7823,8.28314,8],"axis":"z","angle":-45},"faces":{"down":{"uv":[2.5,1,3.5,2.2],"texture":"#3"},"up":{"uv":[2.5,1,3.5,2.2],"texture":"#3"},"north":{"uv":[2.5,1,3.5,2.2],"texture":"#3"},"south":{"uv":[2.5,1,3.5,2.2],"texture":"#3"},"west":{"uv":[2.5,1,3.5,2.2],"texture":"#3"},"east":{"uv":[2.5,1,3.5,2.2],"texture":"#3"}}},{"from":[8.7696,8.0525,-3.5],"to":[8.9696,8.2525,8.5],"rotation":{"origin":[8.8696,8.15248,8],"axis":"z","angle":22.5},"faces":{"down":{"uv":[2.5,1,3.5,2.2],"texture":"#3","rotation":270},"up":{"uv":[2.5,1,3.5,2.2],"texture":"#3","rotation":270},"north":{"uv":[2.5,1,3.5,2.2],"texture":"#3","rotation":270},"south":{"uv":[2.5,1,3.5,2.2],"texture":"#3","rotation":270},"west":{"uv":[2.5,1,3.5,2.2],"texture":"#3","rotation":270},"east":{"uv":[2.5,1,3.5,2.2],"texture":"#3","rotation":270}}},{"from":[8.8003,7.8984,-3.5],"to":[9.0003,8.0984,8.5],"faces":{"down":{"uv":[2.5,1,3.5,2.2],"texture":"#3","rotation":270},"up":{"uv":[2.5,1,3.5,2.2],"texture":"#3","rotation":270},"north":{"uv":[2.5,1,3.5,2.2],"texture":"#3","rotation":270},"south":{"uv":[2.5,1,3.5,2.2],"texture":"#3","rotation":270},"west":{"uv":[2.5,1,3.5,2.2],"texture":"#3","rotation":270},"east":{"uv":[2.5,1,3.5,2.2],"texture":"#3","rotation":270}}},{"from":[8.7696,7.7442,-3.5],"to":[8.9696,7.9442,8.5],"rotation":{"origin":[8.8696,7.84425,8],"axis":"z","angle":-22.5},"faces":{"down":{"uv":[2.5,1,3.5,2.2],"texture":"#3","rotation":270},"up":{"uv":[2.5,1,3.5,2.2],"texture":"#3","rotation":270},"north":{"uv":[2.5,1,3.5,2.2],"texture":"#3","rotation":270},"south":{"uv":[2.5,1,3.5,2.2],"texture":"#3","rotation":270},"west":{"uv":[2.5,1,3.5,2.2],"texture":"#3","rotation":270},"east":{"uv":[2.5,1,3.5,2.2],"texture":"#3","rotation":270}}},{"from":[8.6823,7.6136,-3.5],"to":[8.8823,7.8136,8.5],"rotation":{"origin":[8.7823,7.71359,8],"axis":"z","angle":45},"faces":{"down":{"uv":[2.5,1,3.5,2.2],"texture":"#3"},"up":{"uv":[2.5,1,3.5,2.2],"texture":"#3"},"north":{"uv":[2.5,1,3.5,2.2],"texture":"#3"},"south":{"uv":[2.5,1,3.5,2.2],"texture":"#3"},"west":{"uv":[2.5,1,3.5,2.2],"texture":"#3"},"east":{"uv":[2.5,1,3.5,2.2],"texture":"#3"}}},{"from":[8.5516,7.5263,-3.5],"to":[8.7516,7.7263,8.5],"rotation":{"origin":[8.65164,7.62629,8],"axis":"z","angle":22.5},"faces":{"down":{"uv":[2.5,1,3.5,2.2],"texture":"#3"},"up":{"uv":[2.5,1,3.5,2.2],"texture":"#3"},"north":{"uv":[2.5,1,3.5,2.2],"texture":"#3"},"south":{"uv":[2.5,1,3.5,2.2],"texture":"#3"},"west":{"uv":[2.5,1,3.5,2.2],"texture":"#3"},"east":{"uv":[2.5,1,3.5,2.2],"texture":"#3"}}},{"from":[8.3975,7.4956,-3.5],"to":[8.5975,7.6956,8.5],"faces":{"down":{"uv":[2.5,1,3.5,2.2],"texture":"#3"},"up":{"uv":[2.5,1,3.5,2.2],"texture":"#3"},"north":{"uv":[2.5,1,3.5,2.2],"texture":"#3"},"south":{"uv":[2.5,1,3.5,2.2],"texture":"#3"},"west":{"uv":[2.5,1,3.5,2.2],"texture":"#3"},"east":{"uv":[2.5,1,3.5,2.2],"texture":"#3"}}},{"from":[8.2434,7.5263,-3.5],"to":[8.4434,7.7263,8.5],"rotation":{"origin":[8.3434,7.62629,8],"axis":"z","angle":-22.5},"faces":{"down":{"uv":[2.5,1,3.5,2.2],"texture":"#3"},"up":{"uv":[2.5,1,3.5,2.2],"texture":"#3"},"north":{"uv":[2.5,1,3.5,2.2],"texture":"#3"},"south":{"uv":[2.5,1,3.5,2.2],"texture":"#3"},"west":{"uv":[2.5,1,3.5,2.2],"texture":"#3"},"east":{"uv":[2.5,1,3.5,2.2],"texture":"#3"}}},{"from":[8.1128,7.6136,-3.5],"to":[8.312799,7.8136,8.5],"rotation":{"origin":[8.21275,7.71359,8],"axis":"z","angle":-45},"faces":{"down":{"uv":[2.5,1,3.5,2.2],"texture":"#3"},"up":{"uv":[2.5,1,3.5,2.2],"texture":"#3"},"north":{"uv":[2.5,1,3.5,2.2],"texture":"#3"},"south":{"uv":[2.5,1,3.5,2.2],"texture":"#3"},"west":{"uv":[2.5,1,3.5,2.2],"texture":"#3"},"east":{"uv":[2.5,1,3.5,2.2],"texture":"#3"}}},{"from":[8.0254,7.7442,-3.5],"to":[8.2254,7.9442,8.5],"rotation":{"origin":[8.12545,7.84425,8],"axis":"z","angle":22.5},"faces":{"down":{"uv":[2.5,1,3.5,2.2],"texture":"#3","rotation":270},"up":{"uv":[2.5,1,3.5,2.2],"texture":"#3","rotation":270},"north":{"uv":[2.5,1,3.5,2.2],"texture":"#3","rotation":270},"south":{"uv":[2.5,1,3.5,2.2],"texture":"#3","rotation":270},"west":{"uv":[2.5,1,3.5,2.2],"texture":"#3","rotation":270},"east":{"uv":[2.5,1,3.5,2.2],"texture":"#3","rotation":270}}},{"from":[8.0254,8.0525,-3.5],"to":[8.2254,8.2525,8.5],"rotation":{"origin":[8.12545,8.15248,8],"axis":"z","angle":-22.5},"faces":{"down":{"uv":[2.5,1,3.5,2.2],"texture":"#3","rotation":270},"up":{"uv":[2.5,1,3.5,2.2],"texture":"#3","rotation":270},"north":{"uv":[2.5,1,3.5,2.2],"texture":"#3","rotation":270},"south":{"uv":[2.5,1,3.5,2.2],"texture":"#3","rotation":270},"west":{"uv":[2.5,1,3.5,2.2],"texture":"#3","rotation":270},"east":{"uv":[2.5,1,3.5,2.2],"texture":"#3","rotation":270}}},{"from":[8.1128,8.1831,-3.5],"to":[8.312799,8.3831,8.5],"rotation":{"origin":[8.21275,8.28314,8],"axis":"z","angle":45},"faces":{"down":{"uv":[2.5,1,3.5,2.2],"texture":"#3"},"up":{"uv":[2.5,1,3.5,2.2],"texture":"#3"},"north":{"uv":[2.5,1,3.5,2.2],"texture":"#3"},"south":{"uv":[2.5,1,3.5,2.2],"texture":"#3"},"west":{"uv":[2.5,1,3.5,2.2],"texture":"#3"},"east":{"uv":[2.5,1,3.5,2.2],"texture":"#3"}}},{"from":[8.2434,8.2704,-3.5],"to":[8.4434,8.4704,8.5],"rotation":{"origin":[8.3434,8.37044,8],"axis":"z","angle":22.5},"faces":{"down":{"uv":[2.5,1,3.5,2.2],"texture":"#3"},"up":{"uv":[2.5,1,3.5,2.2],"texture":"#3"},"north":{"uv":[2.5,1,3.5,2.2],"texture":"#3"},"south":{"uv":[2.5,1,3.5,2.2],"texture":"#3"},"west":{"uv":[2.5,1,3.5,2.2],"texture":"#3"},"east":{"uv":[2.5,1,3.5,2.2],"texture":"#3"}}},{"from":[7.2128,7.9145,8.6423],"to":[7.4128,8.084499,8.8423],"faces":{"down":{"uv":[2.5,1,3.5,2.2],"texture":"#3","rotation":90},"up":{"uv":[2.5,1,3.5,2.2],"texture":"#3","rotation":90},"north":{"uv":[2.5,1,3.5,2.2],"texture":"#3","rotation":90},"south":{"uv":[2.5,1,3.5,2.2],"texture":"#3","rotation":90},"west":{"uv":[2.5,1,3.5,2.2],"texture":"#3","rotation":90},"east":{"uv":[2.5,1,3.5,2.2],"texture":"#3","rotation":90}}},{"from":[7.2128,7.7904,8.6117],"to":[7.4128,7.9604,8.811701],"rotation":{"origin":[7.31275,7.86037,8.71167],"axis":"x","angle":22.5},"faces":{"down":{"uv":[2.5,1,3.5,2.2],"texture":"#3","rotation":90},"up":{"uv":[2.5,1,3.5,2.2],"texture":"#3","rotation":90},"north":{"uv":[2.5,1,3.5,2.2],"texture":"#3","rotation":90},"south":{"uv":[2.5,1,3.5,2.2],"texture":"#3","rotation":90},"west":{"uv":[2.5,1,3.5,2.2],"texture":"#3","rotation":90},"east":{"uv":[2.5,1,3.5,2.2],"texture":"#3","rotation":90}}},{"from":[7.2128,7.6874,8.5358],"to":[7.4128,7.8574,8.735801],"rotation":{"origin":[7.31275,7.75743,8.63585],"axis":"x","angle":45},"faces":{"down":{"uv":[2.5,1,3.5,2.2],"texture":"#3","rotation":90},"up":{"uv":[2.5,1,3.5,2.2],"texture":"#3","rotation":90},"north":{"uv":[2.5,1,3.5,2.2],"texture":"#3","rotation":90},"south":{"uv":[2.5,1,3.5,2.2],"texture":"#3","rotation":90},"west":{"uv":[2.5,1,3.5,2.2],"texture":"#3","rotation":90},"east":{"uv":[2.5,1,3.5,2.2],"texture":"#3","rotation":90}}},{"from":[7.2128,7.5913,8.4564],"to":[7.4128,7.7913,8.6264],"rotation":{"origin":[7.31275,7.69134,8.5264],"axis":"x","angle":-22.5},"faces":{"down":{"uv":[2.5,1,3.5,2.2],"texture":"#3","rotation":180},"up":{"uv":[2.5,1,3.5,2.2],"texture":"#3","rotation":180},"north":{"uv":[2.5,1,3.5,2.2],"texture":"#3","rotation":180},"south":{"uv":[2.5,1,3.5,2.2],"texture":"#3","rotation":180},"west":{"uv":[2.5,1,3.5,2.2],"texture":"#3","rotation":180},"east":{"uv":[2.5,1,3.5,2.2],"texture":"#3","rotation":180}}},{"from":[7.2128,8.0386,8.623199],"to":[7.4128,8.2086,8.823199],"rotation":{"origin":[7.31275,8.10864,8.72315],"axis":"x","angle":-22.5},"faces":{"down":{"uv":[2.5,1,3.5,2.2],"texture":"#3","rotation":90},"up":{"uv":[2.5,1,3.5,2.2],"texture":"#3","rotation":90},"north":{"uv":[2.5,1,3.5,2.2],"texture":"#3","rotation":90},"south":{"uv":[2.5,1,3.5,2.2],"texture":"#3","rotation":90},"west":{"uv":[2.5,1,3.5,2.2],"texture":"#3","rotation":90},"east":{"uv":[2.5,1,3.5,2.2],"texture":"#3","rotation":90}}},{"from":[7.2128,8.1181,8.557099],"to":[7.4128,8.3181,8.727099],"rotation":{"origin":[7.31275,8.21808,8.65706],"axis":"x","angle":45},"faces":{"down":{"uv":[2.5,1,3.5,2.2],"texture":"#3"},"up":{"uv":[2.5,1,3.5,2.2],"texture":"#3"},"north":{"uv":[2.5,1,3.5,2.2],"texture":"#3"},"south":{"uv":[2.5,1,3.5,2.2],"texture":"#3"},"west":{"uv":[2.5,1,3.5,2.2],"texture":"#3"},"east":{"uv":[2.5,1,3.5,2.2],"texture":"#3"}}},{"from":[7.0713,7.7117,8.4606],"to":[7.2713,7.9117,8.5756],"rotation":{"origin":[7.17133,7.81172,8.47559],"axis":"x","angle":-22.5},"faces":{"down":{"uv":[2.5,1,3.5,2.2],"texture":"#3","rotation":180},"up":{"uv":[2.5,1,3.5,2.2],"texture":"#3","rotation":180},"north":{"uv":[2.5,1,3.5,2.2],"texture":"#3","rotation":180},"south":{"uv":[2.5,1,3.5,2.2],"texture":"#3","rotation":180},"west":{"uv":[2.5,1,3.5,2.2],"texture":"#3","rotation":180},"east":{"uv":[2.5,1,3.5,2.2],"texture":"#3","rotation":180}}},{"from":[7.0713,7.8239,8.4461],"to":[7.2713,7.9389,8.6461],"rotation":{"origin":[7.17133,7.83891,8.54614],"axis":"x","angle":45},"faces":{"down":{"uv":[2.5,1,3.5,2.2],"texture":"#3","rotation":90},"up":{"uv":[2.5,1,3.5,2.2],"texture":"#3","rotation":90},"north":{"uv":[2.5,1,3.5,2.2],"texture":"#3","rotation":90},"south":{"uv":[2.5,1,3.5,2.2],"texture":"#3","rotation":90},"west":{"uv":[2.5,1,3.5,2.2],"texture":"#3","rotation":90},"east":{"uv":[2.5,1,3.5,2.2],"texture":"#3","rotation":90}}},{"from":[7.0713,7.876,8.500899],"to":[7.2713,7.991,8.700899],"rotation":{"origin":[7.17133,7.89104,8.60092],"axis":"x","angle":22.5},"faces":{"down":{"uv":[2.5,1,3.5,2.2],"texture":"#3","rotation":90},"up":{"uv":[2.5,1,3.5,2.2],"texture":"#3","rotation":90},"north":{"uv":[2.5,1,3.5,2.2],"texture":"#3","rotation":90},"south":{"uv":[2.5,1,3.5,2.2],"texture":"#3","rotation":90},"west":{"uv":[2.5,1,3.5,2.2],"texture":"#3","rotation":90},"east":{"uv":[2.5,1,3.5,2.2],"texture":"#3","rotation":90}}},{"from":[7.0713,7.9452,8.5316],"to":[7.2713,8.0552,8.7316],"faces":{"down":{"uv":[2.5,1,3.5,2.2],"texture":"#3","rotation":90},"up":{"uv":[2.5,1,3.5,2.2],"texture":"#3","rotation":90},"north":{"uv":[2.5,1,3.5,2.2],"texture":"#3","rotation":90},"south":{"uv":[2.5,1,3.5,2.2],"texture":"#3","rotation":90},"west":{"uv":[2.5,1,3.5,2.2],"texture":"#3","rotation":90},"east":{"uv":[2.5,1,3.5,2.2],"texture":"#3","rotation":90}}},{"from":[7.0713,8.012199,8.5334],"to":[7.2713,8.127199,8.7334],"rotation":{"origin":[7.17133,8.02716,8.63344],"axis":"x","angle":-22.5},"faces":{"down":{"uv":[2.5,1,3.5,2.2],"texture":"#3","rotation":90},"up":{"uv":[2.5,1,3.5,2.2],"texture":"#3","rotation":90},"north":{"uv":[2.5,1,3.5,2.2],"texture":"#3","rotation":90},"south":{"uv":[2.5,1,3.5,2.2],"texture":"#3","rotation":90},"west":{"uv":[2.5,1,3.5,2.2],"texture":"#3","rotation":90},"east":{"uv":[2.5,1,3.5,2.2],"texture":"#3","rotation":90}}},{"from":[7.0713,7.9977,8.5062],"to":[7.2713,8.1977,8.6212],"rotation":{"origin":[7.17133,8.09771,8.60625],"axis":"x","angle":45},"faces":{"down":{"uv":[2.5,1,3.5,2.2],"texture":"#3"},"up":{"uv":[2.5,1,3.5,2.2],"texture":"#3"},"north":{"uv":[2.5,1,3.5,2.2],"texture":"#3"},"south":{"uv":[2.5,1,3.5,2.2],"texture":"#3"},"west":{"uv":[2.5,1,3.5,2.2],"texture":"#3"},"east":{"uv":[2.5,1,3.5,2.2],"texture":"#3"}}},{"from":[6.996,7.989,8.4906],"to":[7.096,8.009,8.5906],"faces":{"down":{"uv":[2.5,1,3.5,2.2],"texture":"#3","rotation":90},"up":{"uv":[2.5,1,3.5,2.2],"texture":"#3","rotation":90},"north":{"uv":[2.5,1,3.5,2.2],"texture":"#3","rotation":90},"south":{"uv":[2.5,1,3.5,2.2],"texture":"#3","rotation":90},"west":{"uv":[2.5,1,3.5,2.2],"texture":"#3","rotation":90},"east":{"uv":[2.5,1,3.5,2.2],"texture":"#3","rotation":90}}},{"from":[6.996,7.9516,8.4524],"to":[7.096,7.9966,8.552401],"rotation":{"origin":[7.096,7.89659,8.55235],"axis":"x","angle":22.5},"faces":{"down":{"uv":[2.5,1,3.5,2.2],"texture":"#3","rotation":90},"up":{"uv":[2.5,1,3.5,2.2],"texture":"#3","rotation":90},"north":{"uv":[2.5,1,3.5,2.2],"texture":"#3","rotation":90},"south":{"uv":[2.5,1,3.5,2.2],"texture":"#3","rotation":90},"west":{"uv":[2.5,1,3.5,2.2],"texture":"#3","rotation":90},"east":{"uv":[2.5,1,3.5,2.2],"texture":"#3","rotation":90}}},{"from":[6.996,7.8767,8.5577],"to":[7.096,7.9767,8.6027],"rotation":{"origin":[7.096,7.87669,8.50268],"axis":"x","angle":-45},"faces":{"down":{"uv":[2.5,1,3.5,2.2],"texture":"#3","rotation":180},"up":{"uv":[2.5,1,3.5,2.2],"texture":"#3","rotation":180},"north":{"uv":[2.5,1,3.5,2.2],"texture":"#3","rotation":180},"south":{"uv":[2.5,1,3.5,2.2],"texture":"#3","rotation":180},"west":{"uv":[2.5,1,3.5,2.2],"texture":"#3","rotation":180},"east":{"uv":[2.5,1,3.5,2.2],"texture":"#3","rotation":180}}},{"from":[6.996,7.8773,8.5042],"to":[7.096,7.9773,8.549199],"rotation":{"origin":[7.096,7.87732,8.44919],"axis":"x","angle":-22.5},"faces":{"down":{"uv":[2.5,1,3.5,2.2],"texture":"#3","rotation":180},"up":{"uv":[2.5,1,3.5,2.2],"texture":"#3","rotation":180},"north":{"uv":[2.5,1,3.5,2.2],"texture":"#3","rotation":180},"south":{"uv":[2.5,1,3.5,2.2],"texture":"#3","rotation":180},"west":{"uv":[2.5,1,3.5,2.2],"texture":"#3","rotation":180},"east":{"uv":[2.5,1,3.5,2.2],"texture":"#3","rotation":180}}},{"from":[6.996,7.9104,8.5123],"to":[7.096,8.010401,8.5573],"rotation":{"origin":[7.096,8.01043,8.61229],"axis":"x","angle":45},"faces":{"down":{"uv":[2.5,1,3.5,2.2],"texture":"#3"},"up":{"uv":[2.5,1,3.5,2.2],"texture":"#3"},"north":{"uv":[2.5,1,3.5,2.2],"texture":"#3"},"south":{"uv":[2.5,1,3.5,2.2],"texture":"#3"},"west":{"uv":[2.5,1,3.5,2.2],"texture":"#3"},"east":{"uv":[2.5,1,3.5,2.2],"texture":"#3"}}},{"from":[6.996,8.0119,8.5117],"to":[7.096,8.0569,8.6117],"rotation":{"origin":[7.096,7.95694,8.61166],"axis":"x","angle":-22.5},"faces":{"down":{"uv":[2.5,1,3.5,2.2],"texture":"#3","rotation":90},"up":{"uv":[2.5,1,3.5,2.2],"texture":"#3","rotation":90},"north":{"uv":[2.5,1,3.5,2.2],"texture":"#3","rotation":90},"south":{"uv":[2.5,1,3.5,2.2],"texture":"#3","rotation":90},"west":{"uv":[2.5,1,3.5,2.2],"texture":"#3","rotation":90},"east":{"uv":[2.5,1,3.5,2.2],"texture":"#3","rotation":90}}},{"from":[6.996,7.9601,8.4924],"to":[7.096,8.060099,8.5374],"rotation":{"origin":[7.096,8.0601,8.59239],"axis":"x","angle":22.5},"faces":{"down":{"uv":[2.5,1,3.5,2.2],"texture":"#3"},"up":{"uv":[2.5,1,3.5,2.2],"texture":"#3"},"north":{"uv":[2.5,1,3.5,2.2],"texture":"#3"},"south":{"uv":[2.5,1,3.5,2.2],"texture":"#3"},"west":{"uv":[2.5,1,3.5,2.2],"texture":"#3"},"east":{"uv":[2.5,1,3.5,2.2],"texture":"#3"}}},{"from":[7.0713,8.0525,8.4541],"to":[7.2713,8.2525,8.5691],"rotation":{"origin":[7.17133,8.15248,8.55412],"axis":"x","angle":22.5},"faces":{"down":{"uv":[2.5,1,3.5,2.2],"texture":"#3"},"up":{"uv":[2.5,1,3.5,2.2],"texture":"#3"},"north":{"uv":[2.5,1,3.5,2.2],"texture":"#3"},"south":{"uv":[2.5,1,3.5,2.2],"texture":"#3"},"west":{"uv":[2.5,1,3.5,2.2],"texture":"#3"},"east":{"uv":[2.5,1,3.5,2.2],"texture":"#3"}}},{"from":[7.2128,8.1939,8.4541],"to":[7.4128,8.393901,8.6241],"rotation":{"origin":[7.31275,8.29391,8.55412],"axis":"x","angle":22.5},"faces":{"down":{"uv":[2.5,1,3.5,2.2],"texture":"#3"},"up":{"uv":[2.5,1,3.5,2.2],"texture":"#3"},"north":{"uv":[2.5,1,3.5,2.2],"texture":"#3"},"south":{"uv":[2.5,1,3.5,2.2],"texture":"#3"},"west":{"uv":[2.5,1,3.5,2.2],"texture":"#3"},"east":{"uv":[2.5,1,3.5,2.2],"texture":"#3"}}},{"from":[7.3975,8.2704,8.4541],"to":[7.5975,8.4704,8.6541],"rotation":{"origin":[7.49752,8.37044,8.55412],"axis":"x","angle":22.5},"faces":{"down":{"uv":[2.5,1,3.5,2.2],"texture":"#3"},"up":{"uv":[2.5,1,3.5,2.2],"texture":"#3"},"north":{"uv":[2.5,1,3.5,2.2],"texture":"#3"},"south":{"uv":[2.5,1,3.5,2.2],"texture":"#3"},"west":{"uv":[2.5,1,3.5,2.2],"texture":"#3"},"east":{"uv":[2.5,1,3.5,2.2],"texture":"#3"}}},{"from":[8.3975,8.1831,8.5848],"to":[8.5975,8.3831,8.7848],"rotation":{"origin":[8.49752,8.28314,8.68478],"axis":"x","angle":-45},"faces":{"down":{"uv":[2.7,1,3.7,2],"texture":"#3","rotation":90},"up":{"uv":[2.7,1,3.7,2],"texture":"#3","rotation":90},"north":{"uv":[2.7,1,3.7,2],"texture":"#3","rotation":90},"south":{"uv":[2.7,1,3.7,2],"texture":"#3","rotation":90},"west":{"uv":[2.7,1,3.7,2],"texture":"#3","rotation":90},"east":{"uv":[2.7,1,3.7,2],"texture":"#3","rotation":90}}},{"from":[7.3975,8.0525,8.6721],"to":[7.5975,8.2525,8.8721],"rotation":{"origin":[7.49752,8.15248,8.77208],"axis":"x","angle":-22.5},"faces":{"down":{"uv":[2.5,1,3.5,2.2],"texture":"#3","rotation":90},"up":{"uv":[2.5,1,3.5,2.2],"texture":"#3","rotation":90},"north":{"uv":[2.5,1,3.5,2.2],"texture":"#3","rotation":90},"south":{"uv":[2.5,1,3.5,2.2],"texture":"#3","rotation":90},"west":{"uv":[2.5,1,3.5,2.2],"texture":"#3","rotation":90},"east":{"uv":[2.5,1,3.5,2.2],"texture":"#3","rotation":90}}},{"from":[7.3975,7.8984,8.7027],"to":[7.5975,8.0984,8.902699],"faces":{"down":{"uv":[2.5,1,3.5,2.2],"texture":"#3","rotation":90},"up":{"uv":[2.5,1,3.5,2.2],"texture":"#3","rotation":90},"north":{"uv":[2.5,1,3.5,2.2],"texture":"#3","rotation":90},"south":{"uv":[2.5,1,3.5,2.2],"texture":"#3","rotation":90},"west":{"uv":[2.5,1,3.5,2.2],"texture":"#3","rotation":90},"east":{"uv":[2.5,1,3.5,2.2],"texture":"#3","rotation":90}}},{"from":[7.3975,7.7442,8.6721],"to":[7.5975,7.9442,8.8721],"rotation":{"origin":[7.49752,7.84424,8.77208],"axis":"x","angle":22.5},"faces":{"down":{"uv":[2.5,1,3.5,2.2],"texture":"#3","rotation":90},"up":{"uv":[2.5,1,3.5,2.2],"texture":"#3","rotation":90},"north":{"uv":[2.5,1,3.5,2.2],"texture":"#3","rotation":90},"south":{"uv":[2.5,1,3.5,2.2],"texture":"#3","rotation":90},"west":{"uv":[2.5,1,3.5,2.2],"texture":"#3","rotation":90},"east":{"uv":[2.5,1,3.5,2.2],"texture":"#3","rotation":90}}},{"from":[7.3975,7.6136,8.5848],"to":[7.5975,7.8136,8.7848],"rotation":{"origin":[7.49752,7.71359,8.68478],"axis":"x","angle":-45},"faces":{"down":{"uv":[2.5,1,3.5,2.2],"texture":"#3","rotation":180},"up":{"uv":[2.5,1,3.5,2.2],"texture":"#3","rotation":180},"north":{"uv":[2.5,1,3.5,2.2],"texture":"#3","rotation":180},"south":{"uv":[2.5,1,3.5,2.2],"texture":"#3","rotation":180},"west":{"uv":[2.5,1,3.5,2.2],"texture":"#3","rotation":180},"east":{"uv":[2.5,1,3.5,2.2],"texture":"#3","rotation":180}}},{"from":[7.3975,7.5263,8.4541],"to":[7.5975,7.7263,8.6541],"rotation":{"origin":[7.49752,7.62629,8.55412],"axis":"x","angle":-22.5},"faces":{"down":{"uv":[2.5,1,3.5,2.2],"texture":"#3","rotation":180},"up":{"uv":[2.5,1,3.5,2.2],"texture":"#3","rotation":180},"north":{"uv":[2.5,1,3.5,2.2],"texture":"#3","rotation":180},"south":{"uv":[2.5,1,3.5,2.2],"texture":"#3","rotation":180},"west":{"uv":[2.5,1,3.5,2.2],"texture":"#3","rotation":180},"east":{"uv":[2.5,1,3.5,2.2],"texture":"#3","rotation":180}}},{"from":[8.7237,8.0525,8.4541],"to":[8.9237,8.2525,8.5691],"rotation":{"origin":[8.82372,8.15248,8.55412],"axis":"x","angle":22.5},"faces":{"down":{"uv":[2.7,1,3.7,2],"texture":"#3"},"up":{"uv":[2.7,1,3.7,2],"texture":"#3"},"north":{"uv":[2.7,1,3.7,2],"texture":"#3"},"south":{"uv":[2.7,1,3.7,2],"texture":"#3"},"west":{"uv":[2.7,1,3.7,2],"texture":"#3"},"east":{"uv":[2.7,1,3.7,2],"texture":"#3"}}},{"from":[8.7237,7.9977,8.5062],"to":[8.9237,8.1977,8.6212],"rotation":{"origin":[8.82372,8.09771,8.60625],"axis":"x","angle":45},"faces":{"down":{"uv":[2.7,1,3.7,2],"texture":"#3"},"up":{"uv":[2.7,1,3.7,2],"texture":"#3"},"north":{"uv":[2.7,1,3.7,2],"texture":"#3"},"south":{"uv":[2.7,1,3.7,2],"texture":"#3"},"west":{"uv":[2.7,1,3.7,2],"texture":"#3"},"east":{"uv":[2.7,1,3.7,2],"texture":"#3"}}},{"from":[8.7237,8.012199,8.5334],"to":[8.9237,8.127199,8.7334],"rotation":{"origin":[8.82372,8.02716,8.63344],"axis":"x","angle":-22.5},"faces":{"down":{"uv":[2.7,1,3.7,2],"texture":"#3","rotation":90},"up":{"uv":[2.7,1,3.7,2],"texture":"#3","rotation":90},"north":{"uv":[2.7,1,3.7,2],"texture":"#3","rotation":90},"south":{"uv":[2.7,1,3.7,2],"texture":"#3","rotation":90},"west":{"uv":[2.7,1,3.7,2],"texture":"#3","rotation":90},"east":{"uv":[2.7,1,3.7,2],"texture":"#3","rotation":90}}},{"from":[8.7237,7.9452,8.5316],"to":[8.9237,8.0552,8.7316],"faces":{"down":{"uv":[2.7,1,3.7,2],"texture":"#3","rotation":90},"up":{"uv":[2.7,1,3.7,2],"texture":"#3","rotation":90},"north":{"uv":[2.7,1,3.7,2],"texture":"#3","rotation":90},"south":{"uv":[2.7,1,3.7,2],"texture":"#3","rotation":90},"west":{"uv":[2.7,1,3.7,2],"texture":"#3","rotation":90},"east":{"uv":[2.7,1,3.7,2],"texture":"#3","rotation":90}}},{"from":[8.7237,7.876,8.500899],"to":[8.9237,7.991,8.700899],"rotation":{"origin":[8.82372,7.89104,8.60092],"axis":"x","angle":22.5},"faces":{"down":{"uv":[2.7,1,3.7,2],"texture":"#3","rotation":90},"up":{"uv":[2.7,1,3.7,2],"texture":"#3","rotation":90},"north":{"uv":[2.7,1,3.7,2],"texture":"#3","rotation":90},"south":{"uv":[2.7,1,3.7,2],"texture":"#3","rotation":90},"west":{"uv":[2.7,1,3.7,2],"texture":"#3","rotation":90},"east":{"uv":[2.7,1,3.7,2],"texture":"#3","rotation":90}}},{"from":[8.7237,7.8239,8.4461],"to":[8.9237,7.9389,8.6461],"rotation":{"origin":[8.82372,7.83891,8.54614],"axis":"x","angle":45},"faces":{"down":{"uv":[2.7,1,3.7,2],"texture":"#3","rotation":90},"up":{"uv":[2.7,1,3.7,2],"texture":"#3","rotation":90},"north":{"uv":[2.7,1,3.7,2],"texture":"#3","rotation":90},"south":{"uv":[2.7,1,3.7,2],"texture":"#3","rotation":90},"west":{"uv":[2.7,1,3.7,2],"texture":"#3","rotation":90},"east":{"uv":[2.7,1,3.7,2],"texture":"#3","rotation":90}}},{"from":[8.7237,7.7117,8.4606],"to":[8.9237,7.9117,8.5756],"rotation":{"origin":[8.82372,7.81172,8.47559],"axis":"x","angle":-22.5},"faces":{"down":{"uv":[2.7,1,3.7,2],"texture":"#3","rotation":180},"up":{"uv":[2.7,1,3.7,2],"texture":"#3","rotation":180},"north":{"uv":[2.7,1,3.7,2],"texture":"#3","rotation":180},"south":{"uv":[2.7,1,3.7,2],"texture":"#3","rotation":180},"west":{"uv":[2.7,1,3.7,2],"texture":"#3","rotation":180},"east":{"uv":[2.7,1,3.7,2],"texture":"#3","rotation":180}}},{"from":[8.5823,8.1939,8.4541],"to":[8.7823,8.393901,8.6241],"rotation":{"origin":[8.6823,8.29391,8.55412],"axis":"x","angle":22.5},"faces":{"down":{"uv":[2.7,1,3.7,2],"texture":"#3"},"up":{"uv":[2.7,1,3.7,2],"texture":"#3"},"north":{"uv":[2.7,1,3.7,2],"texture":"#3"},"south":{"uv":[2.7,1,3.7,2],"texture":"#3"},"west":{"uv":[2.7,1,3.7,2],"texture":"#3"},"east":{"uv":[2.7,1,3.7,2],"texture":"#3"}}},{"from":[8.5823,8.1181,8.557099],"to":[8.7823,8.3181,8.727099],"rotation":{"origin":[8.6823,8.21808,8.65706],"axis":"x","angle":45},"faces":{"down":{"uv":[2.7,1,3.7,2],"texture":"#3"},"up":{"uv":[2.7,1,3.7,2],"texture":"#3"},"north":{"uv":[2.7,1,3.7,2],"texture":"#3"},"south":{"uv":[2.7,1,3.7,2],"texture":"#3"},"west":{"uv":[2.7,1,3.7,2],"texture":"#3"},"east":{"uv":[2.7,1,3.7,2],"texture":"#3"}}},{"from":[8.5823,8.0386,8.623199],"to":[8.7823,8.2086,8.823199],"rotation":{"origin":[8.6823,8.10864,8.72315],"axis":"x","angle":-22.5},"faces":{"down":{"uv":[2.7,1,3.7,2],"texture":"#3","rotation":90},"up":{"uv":[2.7,1,3.7,2],"texture":"#3","rotation":90},"north":{"uv":[2.7,1,3.7,2],"texture":"#3","rotation":90},"south":{"uv":[2.7,1,3.7,2],"texture":"#3","rotation":90},"west":{"uv":[2.7,1,3.7,2],"texture":"#3","rotation":90},"east":{"uv":[2.7,1,3.7,2],"texture":"#3","rotation":90}}},{"from":[8.5823,7.9145,8.6423],"to":[8.7823,8.084499,8.8423],"faces":{"down":{"uv":[2.7,1,3.7,2],"texture":"#3","rotation":90},"up":{"uv":[2.7,1,3.7,2],"texture":"#3","rotation":90},"north":{"uv":[2.7,1,3.7,2],"texture":"#3","rotation":90},"south":{"uv":[2.7,1,3.7,2],"texture":"#3","rotation":90},"west":{"uv":[2.7,1,3.7,2],"texture":"#3","rotation":90},"east":{"uv":[2.7,1,3.7,2],"texture":"#3","rotation":90}}},{"from":[8.5823,7.7904,8.6117],"to":[8.7823,7.9604,8.811701],"rotation":{"origin":[8.6823,7.86037,8.71167],"axis":"x","angle":22.5},"faces":{"down":{"uv":[2.7,1,3.7,2],"texture":"#3","rotation":90},"up":{"uv":[2.7,1,3.7,2],"texture":"#3","rotation":90},"north":{"uv":[2.7,1,3.7,2],"texture":"#3","rotation":90},"south":{"uv":[2.7,1,3.7,2],"texture":"#3","rotation":90},"west":{"uv":[2.7,1,3.7,2],"texture":"#3","rotation":90},"east":{"uv":[2.7,1,3.7,2],"texture":"#3","rotation":90}}},{"from":[8.5823,7.6874,8.5358],"to":[8.7823,7.8574,8.735801],"rotation":{"origin":[8.6823,7.75743,8.63585],"axis":"x","angle":45},"faces":{"down":{"uv":[2.7,1,3.7,2],"texture":"#3","rotation":90},"up":{"uv":[2.7,1,3.7,2],"texture":"#3","rotation":90},"north":{"uv":[2.7,1,3.7,2],"texture":"#3","rotation":90},"south":{"uv":[2.7,1,3.7,2],"texture":"#3","rotation":90},"west":{"uv":[2.7,1,3.7,2],"texture":"#3","rotation":90},"east":{"uv":[2.7,1,3.7,2],"texture":"#3","rotation":90}}},{"from":[8.5823,7.5913,8.4564],"to":[8.7823,7.7913,8.6264],"rotation":{"origin":[8.6823,7.69134,8.5264],"axis":"x","angle":-22.5},"faces":{"down":{"uv":[2.7,1,3.7,2],"texture":"#3","rotation":180},"up":{"uv":[2.7,1,3.7,2],"texture":"#3","rotation":180},"north":{"uv":[2.7,1,3.7,2],"texture":"#3","rotation":180},"south":{"uv":[2.7,1,3.7,2],"texture":"#3","rotation":180},"west":{"uv":[2.7,1,3.7,2],"texture":"#3","rotation":180},"east":{"uv":[2.7,1,3.7,2],"texture":"#3","rotation":180}}},{"from":[8.1128,8.1831,-0.5],"to":[8.312799,8.3831,8.5],"rotation":{"origin":[8.21275,8.28314,8],"axis":"z","angle":45},"faces":{"down":{"uv":[0.4,0,0.6,9],"texture":"#missing"},"up":{"uv":[0.4,0,0.6,9],"texture":"#missing"},"north":{"uv":[0.4,0,0.6,0.1999998],"texture":"#missing"},"south":{"uv":[0.4,0,0.6,0.1999998],"texture":"#missing"},"west":{"uv":[7,0,16,0.1999998],"texture":"#missing"},"east":{"uv":[7,0,16,0.1999998],"texture":"#missing"}}},{"from":[8.9,7.9601,8.4924],"to":[9,8.060099,8.5374],"rotation":{"origin":[8.9,8.0601,8.59239],"axis":"x","angle":22.5},"faces":{"down":{"uv":[2.7,1,3.7,2],"texture":"#3"},"up":{"uv":[2.7,1,3.7,2],"texture":"#3"},"north":{"uv":[2.7,1,3.7,2],"texture":"#3"},"south":{"uv":[2.7,1,3.7,2],"texture":"#3"},"west":{"uv":[2.7,1,3.7,2],"texture":"#3"},"east":{"uv":[2.7,1,3.7,2],"texture":"#3"}}},{"from":[8.9,7.9104,8.5123],"to":[9,8.010401,8.5573],"rotation":{"origin":[8.9,8.01043,8.61229],"axis":"x","angle":45},"faces":{"down":{"uv":[2.7,1,3.7,2],"texture":"#3"},"up":{"uv":[2.7,1,3.7,2],"texture":"#3"},"north":{"uv":[2.7,1,3.7,2],"texture":"#3"},"south":{"uv":[2.7,1,3.7,2],"texture":"#3"},"west":{"uv":[2.7,1,3.7,2],"texture":"#3"},"east":{"uv":[2.7,1,3.7,2],"texture":"#3"}}},{"from":[8.9,8.0119,8.5117],"to":[9,8.0569,8.6117],"rotation":{"origin":[8.9,7.95694,8.61166],"axis":"x","angle":-22.5},"faces":{"down":{"uv":[2.7,1,3.7,2],"texture":"#3","rotation":90},"up":{"uv":[2.7,1,3.7,2],"texture":"#3","rotation":90},"north":{"uv":[2.7,1,3.7,2],"texture":"#3","rotation":90},"south":{"uv":[2.7,1,3.7,2],"texture":"#3","rotation":90},"west":{"uv":[2.7,1,3.7,2],"texture":"#3","rotation":90},"east":{"uv":[2.7,1,3.7,2],"texture":"#3","rotation":90}}},{"from":[8.9,7.989,8.4906],"to":[9,8.009,8.5906],"faces":{"down":{"uv":[2.7,1,3.7,2],"texture":"#3","rotation":90},"up":{"uv":[2.7,1,3.7,2],"texture":"#3","rotation":90},"north":{"uv":[2.7,1,3.7,2],"texture":"#3","rotation":90},"south":{"uv":[2.7,1,3.7,2],"texture":"#3","rotation":90},"west":{"uv":[2.7,1,3.7,2],"texture":"#3","rotation":90},"east":{"uv":[2.7,1,3.7,2],"texture":"#3","rotation":90}}},{"from":[8.9,7.9516,8.4524],"to":[9,7.9966,8.552401],"rotation":{"origin":[8.9,7.89659,8.55235],"axis":"x","angle":22.5},"faces":{"down":{"uv":[2.7,1,3.7,2],"texture":"#3","rotation":90},"up":{"uv":[2.7,1,3.7,2],"texture":"#3","rotation":90},"north":{"uv":[2.7,1,3.7,2],"texture":"#3","rotation":90},"south":{"uv":[2.7,1,3.7,2],"texture":"#3","rotation":90},"west":{"uv":[2.7,1,3.7,2],"texture":"#3","rotation":90},"east":{"uv":[2.7,1,3.7,2],"texture":"#3","rotation":90}}},{"from":[8.9,7.8767,8.5577],"to":[9,7.9767,8.6027],"rotation":{"origin":[8.9,7.87669,8.50268],"axis":"x","angle":-45},"faces":{"down":{"uv":[2.7,1,3.7,2],"texture":"#3","rotation":180},"up":{"uv":[2.7,1,3.7,2],"texture":"#3","rotation":180},"north":{"uv":[2.7,1,3.7,2],"texture":"#3","rotation":180},"south":{"uv":[2.7,1,3.7,2],"texture":"#3","rotation":180},"west":{"uv":[2.7,1,3.7,2],"texture":"#3","rotation":180},"east":{"uv":[2.7,1,3.7,2],"texture":"#3","rotation":180}}},{"from":[8.9,7.8773,8.5042],"to":[9,7.9773,8.549199],"rotation":{"origin":[8.9,7.87732,8.44919],"axis":"x","angle":-22.5},"faces":{"down":{"uv":[2.7,1,3.7,2],"texture":"#3","rotation":180},"up":{"uv":[2.7,1,3.7,2],"texture":"#3","rotation":180},"north":{"uv":[2.7,1,3.7,2],"texture":"#3","rotation":180},"south":{"uv":[2.7,1,3.7,2],"texture":"#3","rotation":180},"west":{"uv":[2.7,1,3.7,2],"texture":"#3","rotation":180},"east":{"uv":[2.7,1,3.7,2],"texture":"#3","rotation":180}}}],"display":{"thirdperson_righthand":{"translation":[0,1.8,-1.5],"scale":[0.9,0.9,0.9]},"thirdperson_lefthand":{"translation":[0,1.8,-1.5],"scale":[0.9,0.9,0.9]},"firstperson_righthand":{"rotation":[0,-9,0],"translation":[0,5.5,-0.5],"scale":[1.5,1.5,1.5]},"firstperson_lefthand":{"rotation":[0,-9,0],"translation":[0,5.5,-0.5],"scale":[1.5,1.5,1.5]},"gui":{"rotation":[83,33,-90],"translation":[1.9972,-1.538,0]},"fixed":{"rotation":[-90,120,90],"translation":[4,0,0],"scale":[1.3,1.3,1.3]}}}
