{"textures":{"particle":"item/e_particle","black_shulker_box":"custom/gray1","white_wool":"customblock/white_wool","gray_wool":"customblock/iron_customblock","gray_concrete":"custom/iron_customblock","black_concrete":"customblock/black_wool"},"elements":[{"from":[0,7.5,7.55],"to":[5,8,8.549999],"faces":{"down":{"uv":[5,4,5,5],"texture":"#gray_wool"},"up":{"uv":[13,12,13,13],"texture":"#gray_wool"},"north":{"uv":[5,4,5,5],"texture":"#gray_wool"},"south":{"uv":[5,4,5,5],"texture":"#gray_wool"},"west":{"uv":[5,4,5,5],"texture":"#gray_wool"},"east":{"uv":[5,4,5,5],"texture":"#gray_wool"}}},{"from":[0,7.9,7.8],"to":[1,8,8.299999],"faces":{"down":{"uv":[5,4,5,5],"texture":"#gray_wool"},"up":{"uv":[13,12,13,13],"texture":"#gray_wool"},"north":{"uv":[5,4,5,5],"texture":"#gray_wool"},"south":{"uv":[5,4,5,5],"texture":"#gray_wool"},"west":{"uv":[5,4,5,5],"texture":"#gray_wool"},"east":{"uv":[5,4,5,5],"texture":"#gray_wool"}}},{"from":[0,7.9,7.8],"to":[1,8,8.299999],"rotation":{"origin":[4,8.2,8.05],"axis":"x","angle":22.5},"faces":{"down":{"uv":[5,4,5,5],"texture":"#gray_wool"},"up":{"uv":[13,12,13,13],"texture":"#gray_wool"},"north":{"uv":[5,4,5,5],"texture":"#gray_wool"},"south":{"uv":[5,4,5,5],"texture":"#gray_wool"},"west":{"uv":[5,4,5,5],"texture":"#gray_wool"},"east":{"uv":[5,4,5,5],"texture":"#gray_wool"}}},{"from":[0,7.9,7.8],"to":[1,8,8.299999],"rotation":{"origin":[4,8.2,8.05],"axis":"x","angle":45},"faces":{"down":{"uv":[5,4,5,5],"texture":"#gray_wool"},"up":{"uv":[13,12,13,13],"texture":"#gray_wool"},"north":{"uv":[5,4,5,5],"texture":"#gray_wool"},"south":{"uv":[5,4,5,5],"texture":"#gray_wool"},"west":{"uv":[5,4,5,5],"texture":"#gray_wool"},"east":{"uv":[5,4,5,5],"texture":"#gray_wool"}}},{"from":[0,7.9,7.8],"to":[1,8,8.299999],"rotation":{"origin":[4,8.2,8.05],"axis":"x","angle":-22.5},"faces":{"down":{"uv":[5,4,5,5],"texture":"#gray_wool"},"up":{"uv":[11,9,11,10],"texture":"#gray_wool"},"north":{"uv":[5,4,5,5],"texture":"#gray_wool"},"south":{"uv":[5,4,5,5],"texture":"#gray_wool"},"west":{"uv":[5,4,5,5],"texture":"#gray_wool"},"east":{"uv":[5,4,5,5],"texture":"#gray_wool"}}},{"from":[0,7.9,7.8],"to":[1,8,8.299999],"rotation":{"origin":[4,8.2,8.05],"axis":"x","angle":-45},"faces":{"down":{"uv":[5,4,5,5],"texture":"#gray_wool"},"up":{"uv":[11,9,11,10],"texture":"#gray_wool"},"north":{"uv":[5,4,5,5],"texture":"#gray_wool"},"south":{"uv":[5,4,5,5],"texture":"#gray_wool"},"west":{"uv":[5,4,5,5],"texture":"#gray_wool"},"east":{"uv":[5,4,5,5],"texture":"#gray_wool"}}},{"from":[0,8.4,7.8],"to":[1,8.5,8.299999],"faces":{"down":{"uv":[5,4,5,5],"texture":"#gray_wool"},"up":{"uv":[4,4,4,5],"texture":"#gray_wool"},"north":{"uv":[5,4,5,5],"texture":"#gray_wool"},"south":{"uv":[5,4,5,5],"texture":"#gray_wool"},"west":{"uv":[5,4,5,5],"texture":"#gray_wool"},"east":{"uv":[5,4,5,5],"texture":"#gray_wool"}}},{"from":[0,8.4,7.9],"to":[1,8.5,8.199999],"rotation":{"origin":[4,8.2,8.05],"axis":"x","angle":22.5},"faces":{"down":{"uv":[5,4,5,5],"texture":"#gray_wool"},"up":{"uv":[4,4,4,5],"texture":"#gray_wool"},"north":{"uv":[5,4,5,5],"texture":"#gray_wool"},"south":{"uv":[5,4,5,5],"texture":"#gray_wool"},"west":{"uv":[5,4,5,5],"texture":"#gray_wool"},"east":{"uv":[5,4,5,5],"texture":"#gray_wool"}}},{"from":[0,8.4,7.9],"to":[1,8.5,8.299999],"rotation":{"origin":[4,8.2,8.05],"axis":"x","angle":45},"faces":{"down":{"uv":[5,4,5,5],"texture":"#gray_wool"},"up":{"uv":[4,4,4,5],"texture":"#gray_wool"},"north":{"uv":[5,4,5,5],"texture":"#gray_wool"},"south":{"uv":[5,4,5,5],"texture":"#gray_wool"},"west":{"uv":[5,4,5,5],"texture":"#gray_wool"},"east":{"uv":[5,4,5,5],"texture":"#gray_wool"}}},{"from":[0,8.4,7.9],"to":[1,8.5,8.199999],"rotation":{"origin":[4,8.2,8.05],"axis":"x","angle":-22.5},"faces":{"down":{"uv":[5,4,5,5],"texture":"#gray_wool"},"up":{"uv":[4,4,4,5],"texture":"#gray_wool"},"north":{"uv":[5,4,5,5],"texture":"#gray_wool"},"south":{"uv":[5,4,5,5],"texture":"#gray_wool"},"west":{"uv":[5,4,5,5],"texture":"#gray_wool"},"east":{"uv":[5,4,5,5],"texture":"#gray_wool"}}},{"from":[0,8.4,7.8],"to":[1,8.5,8.199999],"rotation":{"origin":[4,8.2,8.05],"axis":"x","angle":-45},"faces":{"down":{"uv":[5,4,5,5],"texture":"#gray_wool"},"up":{"uv":[4,4,4,5],"texture":"#gray_wool"},"north":{"uv":[5,4,5,5],"texture":"#gray_wool"},"south":{"uv":[5,4,5,5],"texture":"#gray_wool"},"west":{"uv":[5,4,5,5],"texture":"#gray_wool"},"east":{"uv":[5,4,5,5],"texture":"#gray_wool"}}},{"from":[0,7.95,7.755],"to":[1,8.45,7.855],"faces":{"down":{"uv":[5,4,5,5],"texture":"#gray_wool"},"up":{"uv":[4,4,4,5],"texture":"#gray_wool"},"north":{"uv":[5,4,5,5],"texture":"#gray_wool"},"south":{"uv":[5,4,5,5],"texture":"#gray_wool"},"west":{"uv":[5,4,5,5],"texture":"#gray_wool"},"east":{"uv":[5,4,5,5],"texture":"#gray_wool"}}},{"from":[0,7.95,7.755],"to":[1,8.45,7.855],"rotation":{"origin":[4,8.2,8.05],"axis":"x","angle":22.5},"faces":{"down":{"uv":[5,4,5,5],"texture":"#gray_wool"},"up":{"uv":[4,4,4,5],"texture":"#gray_wool"},"north":{"uv":[5,4,5,5],"texture":"#gray_wool"},"south":{"uv":[5,4,5,5],"texture":"#gray_wool"},"west":{"uv":[5,4,5,5],"texture":"#gray_wool"},"east":{"uv":[5,4,5,5],"texture":"#gray_wool"}}},{"from":[0,7.95,7.755],"to":[1,8.35,7.855],"rotation":{"origin":[4,8.2,8.05],"axis":"x","angle":-22.5},"faces":{"down":{"uv":[5,4,5,5],"texture":"#gray_wool"},"up":{"uv":[4,4,4,5],"texture":"#gray_wool"},"north":{"uv":[5,4,5,5],"texture":"#gray_wool"},"south":{"uv":[5,4,5,5],"texture":"#gray_wool"},"west":{"uv":[5,4,5,5],"texture":"#gray_wool"},"east":{"uv":[5,4,5,5],"texture":"#gray_wool"}}},{"from":[0,7.95,8.255],"to":[1,8.45,8.355],"faces":{"down":{"uv":[5,4,5,5],"texture":"#gray_wool"},"up":{"uv":[4,4,4,5],"texture":"#gray_wool"},"north":{"uv":[5,4,5,5],"texture":"#gray_wool"},"south":{"uv":[5,4,5,5],"texture":"#gray_wool"},"west":{"uv":[5,4,5,5],"texture":"#gray_wool"},"east":{"uv":[5,4,5,5],"texture":"#gray_wool"}}},{"from":[0,7.95,8.255],"to":[1,8.35,8.355],"rotation":{"origin":[4,8.2,8.05],"axis":"x","angle":22.5},"faces":{"down":{"uv":[5,4,5,5],"texture":"#gray_wool"},"up":{"uv":[4,4,4,5],"texture":"#gray_wool"},"north":{"uv":[5,4,5,5],"texture":"#gray_wool"},"south":{"uv":[5,4,5,5],"texture":"#gray_wool"},"west":{"uv":[5,4,5,5],"texture":"#gray_wool"},"east":{"uv":[5,4,5,5],"texture":"#gray_wool"}}},{"from":[0,7.95,8.255],"to":[1,8.45,8.355],"rotation":{"origin":[4,8.2,8.05],"axis":"x","angle":-22.5},"faces":{"down":{"uv":[5,4,5,5],"texture":"#gray_wool"},"up":{"uv":[4,4,4,5],"texture":"#gray_wool"},"north":{"uv":[5,4,5,5],"texture":"#gray_wool"},"south":{"uv":[5,4,5,5],"texture":"#gray_wool"},"west":{"uv":[5,4,5,5],"texture":"#gray_wool"},"east":{"uv":[5,4,5,5],"texture":"#gray_wool"}}},{"from":[0,7.824,8.335999],"to":[5,8.324,8.435999],"rotation":{"origin":[4,8.2,8.05],"axis":"x","angle":-22.5},"faces":{"down":{"uv":[5,4,5,5],"texture":"#gray_wool"},"up":{"uv":[4,4,4,5],"texture":"#gray_wool"},"north":{"uv":[5,4,5,5],"texture":"#gray_wool"},"south":{"uv":[5,4,5,5],"texture":"#gray_wool"},"west":{"uv":[5,4,5,5],"texture":"#gray_wool"},"east":{"uv":[5,4,5,5],"texture":"#gray_wool"}}},{"from":[0,7.824,7.664],"to":[5,8.324,7.764],"rotation":{"origin":[4,8.2,8.05],"axis":"x","angle":22.5},"faces":{"down":{"uv":[5,4,5,5],"texture":"#gray_wool"},"up":{"uv":[4,4,4,5],"texture":"#gray_wool"},"north":{"uv":[5,4,5,5],"texture":"#gray_wool"},"south":{"uv":[5,4,5,5],"texture":"#gray_wool"},"west":{"uv":[5,4,5,5],"texture":"#gray_wool"},"east":{"uv":[5,4,5,5],"texture":"#gray_wool"}}},{"from":[0,8.4,7.715],"to":[0.5,8.6,8.385],"faces":{"down":{"uv":[5,4,5,5],"texture":"#gray_wool"},"up":{"uv":[11,9,11,10],"texture":"#gray_wool"},"north":{"uv":[5,4,5,5],"texture":"#gray_wool"},"south":{"uv":[5,4,5,5],"texture":"#gray_wool"},"west":{"uv":[5,4,5,5],"texture":"#gray_wool"},"east":{"uv":[5,4,5,5],"texture":"#gray_wool"}}},{"from":[0,7.8,7.65],"to":[0.4,8.1,7.75],"faces":{"down":{"uv":[5,4,5,5],"texture":"#gray_wool"},"up":{"uv":[4,4,4,5],"texture":"#gray_wool"},"north":{"uv":[5,4,5,5],"texture":"#gray_wool"},"south":{"uv":[5,4,5,5],"texture":"#gray_wool"},"west":{"uv":[5,4,5,5],"texture":"#gray_wool"},"east":{"uv":[5,4,5,5],"texture":"#gray_wool"}}},{"from":[0,7.8,8.349999],"to":[0.4,8.1,8.449999],"faces":{"down":{"uv":[5,4,5,5],"texture":"#gray_wool"},"up":{"uv":[4,4,4,5],"texture":"#gray_wool"},"north":{"uv":[5,4,5,5],"texture":"#gray_wool"},"south":{"uv":[5,4,5,5],"texture":"#gray_wool"},"west":{"uv":[5,4,5,5],"texture":"#gray_wool"},"east":{"uv":[5,4,5,5],"texture":"#gray_wool"}}},{"from":[0,7.362,7.856],"to":[5,7.562,7.997],"rotation":{"origin":[4,8.2,8.05],"axis":"x","angle":22.5},"faces":{"down":{"uv":[5,4,5,5],"texture":"#gray_wool"},"up":{"uv":[4,4,4,5],"texture":"#gray_wool"},"north":{"uv":[5,4,5,5],"texture":"#gray_wool"},"south":{"uv":[5,4,5,5],"texture":"#gray_wool"},"west":{"uv":[5,4,5,5],"texture":"#gray_wool"},"east":{"uv":[5,4,5,5],"texture":"#gray_wool"}}},{"from":[0,7.362,8.103],"to":[5,7.562,8.244],"rotation":{"origin":[4,8.2,8.05],"axis":"x","angle":-22.5},"faces":{"down":{"uv":[5,4,5,5],"texture":"#gray_wool"},"up":{"uv":[4,4,4,5],"texture":"#gray_wool"},"north":{"uv":[5,4,5,5],"texture":"#gray_wool"},"south":{"uv":[5,4,5,5],"texture":"#gray_wool"},"west":{"uv":[5,4,5,5],"texture":"#gray_wool"},"east":{"uv":[5,4,5,5],"texture":"#gray_wool"}}},{"from":[0.9,7.9,7.85],"to":[1,8.4,8.25],"faces":{"down":{"uv":[5,4,5,5],"texture":"#black_concrete"},"up":{"uv":[4,4,4,5],"texture":"#black_concrete"},"north":{"uv":[5,4,5,5],"texture":"#black_concrete"},"south":{"uv":[5,4,5,5],"texture":"#black_concrete"},"west":{"uv":[5,4,5,5],"texture":"#black_concrete"},"east":{"uv":[5,4,5,5],"texture":"#black_concrete"}}},{"from":[0.5,8.45,7.715],"to":[1.1,8.55,8.385],"faces":{"down":{"uv":[5,4,5,5],"texture":"#gray_wool"},"up":{"uv":[11,9,11,10],"texture":"#gray_wool"},"north":{"uv":[5,4,5,5],"texture":"#gray_wool"},"south":{"uv":[5,4,5,5],"texture":"#gray_wool"},"west":{"uv":[5,4,5,5],"texture":"#gray_wool"},"east":{"uv":[5,4,5,5],"texture":"#gray_wool"}}},{"from":[1,8,7.765],"to":[5,8.5,8.335],"faces":{"down":{"uv":[5,4,5,5],"texture":"#gray_wool"},"up":{"uv":[11,9,11,10],"texture":"#gray_wool"},"north":{"uv":[5,4,5,5],"texture":"#gray_wool"},"south":{"uv":[5,4,5,5],"texture":"#gray_wool"},"west":{"uv":[5,4,5,5],"texture":"#gray_wool"},"east":{"uv":[5,4,5,5],"texture":"#gray_wool"}}},{"from":[1.3,8.45,7.715],"to":[1.5,8.55,8.385],"faces":{"down":{"uv":[5,4,5,5],"texture":"#gray_wool"},"up":{"uv":[11,9,11,10],"texture":"#gray_wool"},"north":{"uv":[5,4,5,5],"texture":"#gray_wool"},"south":{"uv":[5,4,5,5],"texture":"#gray_wool"},"west":{"uv":[5,4,5,5],"texture":"#gray_wool"},"east":{"uv":[5,4,5,5],"texture":"#gray_wool"}}},{"from":[0.613,7.08,7.715],"to":[0.813,7.23,8.385],"rotation":{"origin":[4,8.2,8.05],"axis":"z","angle":-22.5},"faces":{"down":{"uv":[5,4,5,5],"texture":"#gray_wool"},"up":{"uv":[11,9,11,10],"texture":"#gray_wool"},"north":{"uv":[5,4,5,5],"texture":"#gray_wool"},"south":{"uv":[5,4,5,5],"texture":"#gray_wool"},"west":{"uv":[5,4,5,5],"texture":"#gray_wool"},"east":{"uv":[5,4,5,5],"texture":"#gray_wool"}}},{"from":[1.3,7.469,7.502],"to":[6.5,8,8.602],"faces":{"down":{"uv":[5,4,5,5],"texture":"#gray_wool"},"up":{"uv":[13,12,13,13],"texture":"#gray_wool"},"north":{"uv":[5,4,5,5],"texture":"#gray_wool"},"south":{"uv":[5,4,5,5],"texture":"#gray_wool"},"west":{"uv":[5,4,5,5],"texture":"#gray_wool"},"east":{"uv":[5,4,5,5],"texture":"#gray_wool"}}},{"from":[1.3,7.67,8.248],"to":[4.5,8.17,8.298],"rotation":{"origin":[4,8.2,8.05],"axis":"x","angle":-45},"faces":{"down":{"uv":[5,4,5,5],"texture":"#gray_wool"},"up":{"uv":[4,4,4,5],"texture":"#gray_wool"},"north":{"uv":[5,4,5,5],"texture":"#gray_wool"},"south":{"uv":[5,4,5,5],"texture":"#gray_wool"},"west":{"uv":[5,4,5,5],"texture":"#gray_wool"},"east":{"uv":[5,4,5,5],"texture":"#gray_wool"}}},{"from":[1.3,7.469,7.502],"to":[5,8,7.552],"faces":{"down":{"uv":[5,4,5,5],"texture":"#gray_wool"},"up":{"uv":[4,4,4,5],"texture":"#gray_wool"},"north":{"uv":[5,4,5,5],"texture":"#gray_wool"},"south":{"uv":[5,4,5,5],"texture":"#gray_wool"},"west":{"uv":[5,4,5,5],"texture":"#gray_wool"},"east":{"uv":[5,4,5,5],"texture":"#gray_wool"}}},{"from":[1.3,7.67,7.802],"to":[4.5,8.17,7.852],"rotation":{"origin":[4,8.2,8.05],"axis":"x","angle":45},"faces":{"down":{"uv":[5,4,5,5],"texture":"#gray_wool"},"up":{"uv":[4,4,4,5],"texture":"#gray_wool"},"north":{"uv":[5,4,5,5],"texture":"#gray_wool"},"south":{"uv":[5,4,5,5],"texture":"#gray_wool"},"west":{"uv":[5,4,5,5],"texture":"#gray_wool"},"east":{"uv":[5,4,5,5],"texture":"#gray_wool"}}},{"from":[1.3,7.312,8.083],"to":[4.3,7.512,8.279],"rotation":{"origin":[4,8.2,8.05],"axis":"x","angle":-22.5},"faces":{"down":{"uv":[5,4,5,5],"texture":"#gray_wool"},"up":{"uv":[4,4,4,5],"texture":"#gray_wool"},"north":{"uv":[5,4,5,5],"texture":"#gray_wool"},"south":{"uv":[5,4,5,5],"texture":"#gray_wool"},"west":{"uv":[5,4,5,5],"texture":"#gray_wool"},"east":{"uv":[5,4,5,5],"texture":"#gray_wool"}}},{"from":[1.3,7.312,7.822],"to":[4.3,7.512,8.018],"rotation":{"origin":[4,8.2,8.05],"axis":"x","angle":22.5},"faces":{"down":{"uv":[5,4,5,5],"texture":"#gray_wool"},"up":{"uv":[4,4,4,5],"texture":"#gray_wool"},"north":{"uv":[5,4,5,5],"texture":"#gray_wool"},"south":{"uv":[5,4,5,5],"texture":"#gray_wool"},"west":{"uv":[5,4,5,5],"texture":"#gray_wool"},"east":{"uv":[5,4,5,5],"texture":"#gray_wool"}}},{"from":[0.05,8.5,8.014999],"to":[0.51,8.65,8.084999],"faces":{"down":{"uv":[5,4,5,5],"texture":"#gray_wool"},"up":{"uv":[4,4,4,5],"texture":"#gray_wool"},"north":{"uv":[5,4,5,5],"texture":"#gray_wool"},"south":{"uv":[5,4,5,5],"texture":"#gray_wool"},"west":{"uv":[5,4,5,5],"texture":"#gray_wool"},"east":{"uv":[5,4,5,5],"texture":"#gray_wool"}}},{"from":[0.125,8.5,8.014999],"to":[0.325,8.725,8.084999],"faces":{"down":{"uv":[5,4,5,5],"texture":"#gray_wool"},"up":{"uv":[11,9,11,10],"texture":"#gray_wool"},"north":{"uv":[5,4,5,5],"texture":"#gray_wool"},"south":{"uv":[5,4,5,5],"texture":"#gray_wool"},"west":{"uv":[5,4,5,5],"texture":"#gray_wool"},"east":{"uv":[5,4,5,5],"texture":"#gray_wool"}}},{"from":[0.889,5.725,8.014999],"to":[0.989,5.831,8.084999],"rotation":{"origin":[4,8.2,8.05],"axis":"z","angle":-45},"faces":{"down":{"uv":[5,4,5,5],"texture":"#gray_wool"},"up":{"uv":[11,9,11,10],"texture":"#gray_wool"},"north":{"uv":[5,4,5,5],"texture":"#gray_wool"},"south":{"uv":[5,4,5,5],"texture":"#gray_wool"},"west":{"uv":[5,4,5,5],"texture":"#gray_wool"},"east":{"uv":[5,4,5,5],"texture":"#gray_wool"}}},{"from":[0.404,7.173,8.014999],"to":[0.604,7.279,8.084999],"rotation":{"origin":[4,8.2,8.05],"axis":"z","angle":-22.5},"faces":{"down":{"uv":[5,4,5,5],"texture":"#gray_wool"},"up":{"uv":[11,9,11,10],"texture":"#gray_wool"},"north":{"uv":[5,4,5,5],"texture":"#gray_wool"},"south":{"uv":[5,4,5,5],"texture":"#gray_wool"},"west":{"uv":[5,4,5,5],"texture":"#gray_wool"},"east":{"uv":[5,4,5,5],"texture":"#gray_wool"}}},{"from":[0.304,8.615,8.045],"to":[0.504,8.716,8.055],"faces":{"down":{"uv":[5,4,5,5],"texture":"#white_wool"},"up":{"uv":[4,4,4,5],"texture":"#white_wool"},"north":{"uv":[5,4,5,5],"texture":"#white_wool"},"south":{"uv":[5,4,5,5],"texture":"#white_wool"},"west":{"uv":[5,4,5,5],"texture":"#white_wool"},"east":{"uv":[5,4,5,5],"texture":"#white_wool"}}},{"from":[4.1,8.45,7.715],"to":[5,8.55,8.385],"faces":{"down":{"uv":[9,6,9,7],"texture":"#gray_wool"},"up":{"uv":[11,9,11,10],"texture":"#gray_wool"},"north":{"uv":[5,4,5,5],"texture":"#gray_wool"},"south":{"uv":[5,4,5,5],"texture":"#gray_wool"},"west":{"uv":[5,4,5,5],"texture":"#gray_wool"},"east":{"uv":[5,4,5,5],"texture":"#gray_wool"}}},{"from":[5,7.6,7.95],"to":[6.5,8.6,8.15],"faces":{"down":{"uv":[5,4,5,5],"texture":"#gray_wool"},"up":{"uv":[13,12,13,13],"texture":"#gray_wool"},"north":{"uv":[5,4,5,5],"texture":"#gray_wool"},"south":{"uv":[5,4,5,5],"texture":"#gray_wool"},"west":{"uv":[5,4,5,5],"texture":"#gray_wool"},"east":{"uv":[5,4,5,5],"texture":"#gray_wool"}}},{"from":[5,7.6,7.95],"to":[6.5,8.6,8.15],"rotation":{"origin":[4,8.1,8.05],"axis":"x","angle":22.5},"faces":{"down":{"uv":[5,4,5,5],"texture":"#gray_wool"},"up":{"uv":[13,12,13,13],"texture":"#gray_wool"},"north":{"uv":[5,4,5,5],"texture":"#gray_wool"},"south":{"uv":[5,4,5,5],"texture":"#gray_wool"},"west":{"uv":[5,4,5,5],"texture":"#gray_wool"},"east":{"uv":[5,4,5,5],"texture":"#gray_wool"}}},{"from":[5,7.6,7.95],"to":[6.5,8.6,8.15],"rotation":{"origin":[4,8.1,8.05],"axis":"x","angle":45},"faces":{"down":{"uv":[5,4,5,5],"texture":"#gray_wool"},"up":{"uv":[11,9,11,10],"texture":"#gray_wool"},"north":{"uv":[5,4,5,5],"texture":"#gray_wool"},"south":{"uv":[5,4,5,5],"texture":"#gray_wool"},"west":{"uv":[5,4,5,5],"texture":"#gray_wool"},"east":{"uv":[5,4,5,5],"texture":"#gray_wool"}}},{"from":[5,7.6,7.95],"to":[6.5,8.6,8.15],"rotation":{"origin":[4,8.1,8.05],"axis":"x","angle":-22.5},"faces":{"down":{"uv":[5,4,5,5],"texture":"#gray_wool"},"up":{"uv":[13,12,13,13],"texture":"#gray_wool"},"north":{"uv":[5,4,5,5],"texture":"#gray_wool"},"south":{"uv":[5,4,5,5],"texture":"#gray_wool"},"west":{"uv":[5,4,5,5],"texture":"#gray_wool"},"east":{"uv":[5,4,5,5],"texture":"#gray_wool"}}},{"from":[5,7.6,7.95],"to":[6.5,8.6,8.15],"rotation":{"origin":[4,8.1,8.05],"axis":"x","angle":-45},"faces":{"down":{"uv":[5,4,5,5],"texture":"#gray_wool"},"up":{"uv":[11,9,11,10],"texture":"#gray_wool"},"north":{"uv":[5,4,5,5],"texture":"#gray_wool"},"south":{"uv":[5,4,5,5],"texture":"#gray_wool"},"west":{"uv":[5,4,5,5],"texture":"#gray_wool"},"east":{"uv":[5,4,5,5],"texture":"#gray_wool"}}},{"from":[5,8,7.55],"to":[6.5,8.2,8.549999],"faces":{"down":{"uv":[5,4,5,5],"texture":"#gray_wool"},"up":{"uv":[4,4,4,5],"texture":"#gray_wool"},"north":{"uv":[5,4,5,5],"texture":"#gray_wool"},"south":{"uv":[5,4,5,5],"texture":"#gray_wool"},"west":{"uv":[5,4,5,5],"texture":"#gray_wool"},"east":{"uv":[5,4,5,5],"texture":"#gray_wool"}}},{"from":[5,8,7.55],"to":[6.5,8.2,8.549999],"rotation":{"origin":[4,8.1,8.05],"axis":"x","angle":22.5},"faces":{"down":{"uv":[5,4,5,5],"texture":"#gray_wool"},"up":{"uv":[4,4,4,5],"texture":"#gray_wool"},"north":{"uv":[5,4,5,5],"texture":"#gray_wool"},"south":{"uv":[5,4,5,5],"texture":"#gray_wool"},"west":{"uv":[5,4,5,5],"texture":"#gray_wool"},"east":{"uv":[5,4,5,5],"texture":"#gray_wool"}}},{"from":[5,8,7.55],"to":[6.5,8.2,8.549999],"rotation":{"origin":[4,8.1,8.05],"axis":"x","angle":-22.5},"faces":{"down":{"uv":[5,4,5,5],"texture":"#gray_wool"},"up":{"uv":[4,4,4,5],"texture":"#gray_wool"},"north":{"uv":[5,4,5,5],"texture":"#gray_wool"},"south":{"uv":[5,4,5,5],"texture":"#gray_wool"},"west":{"uv":[5,4,5,5],"texture":"#gray_wool"},"east":{"uv":[5,4,5,5],"texture":"#gray_wool"}}},{"from":[0,7.446,7.68],"to":[5,7.946,8.42],"faces":{"down":{"uv":[5,4,5,5],"texture":"#gray_wool"},"up":{"uv":[4,4,4,5],"texture":"#gray_wool"},"north":{"uv":[5,4,5,5],"texture":"#gray_wool"},"south":{"uv":[5,4,5,5],"texture":"#gray_wool"},"west":{"uv":[5,4,5,5],"texture":"#gray_wool"},"east":{"uv":[5,4,5,5],"texture":"#gray_wool"}}},{"from":[1.3,7.292,7.68],"to":[5.3,7.892,8.42],"faces":{"down":{"uv":[5,4,5,5],"texture":"#gray_wool"},"up":{"uv":[4,4,4,5],"texture":"#gray_wool"},"north":{"uv":[5,4,5,5],"texture":"#gray_wool"},"south":{"uv":[5,4,5,5],"texture":"#gray_wool"},"west":{"uv":[5,4,5,5],"texture":"#gray_wool"},"east":{"uv":[5,4,5,5],"texture":"#gray_wool"}}},{"from":[4.3,7.392,7.502],"to":[5,7.492,8.602],"faces":{"down":{"uv":[5,4,5,5],"texture":"#gray_wool"},"up":{"uv":[4,4,4,5],"texture":"#gray_wool"},"north":{"uv":[5,4,5,5],"texture":"#gray_wool"},"south":{"uv":[5,4,5,5],"texture":"#gray_wool"},"west":{"uv":[5,4,5,5],"texture":"#gray_wool"},"east":{"uv":[5,4,5,5],"texture":"#gray_wool"}}},{"from":[4.7,7.642,7.502],"to":[5.1,7.842,8.602],"rotation":{"origin":[4,8.2,8.05],"axis":"z","angle":-22.5},"faces":{"down":{"uv":[5,4,5,5],"texture":"#gray_wool"},"up":{"uv":[4,4,4,5],"texture":"#gray_wool"},"north":{"uv":[5,4,5,5],"texture":"#gray_wool"},"south":{"uv":[5,4,5,5],"texture":"#gray_wool"},"west":{"uv":[5,4,5,5],"texture":"#gray_wool"},"east":{"uv":[5,4,5,5],"texture":"#gray_wool"}}},{"from":[5,8.092,7.502],"to":[5.4,8.292,8.602],"rotation":{"origin":[4,8.2,8.05],"axis":"z","angle":-45},"faces":{"down":{"uv":[5,4,5,5],"texture":"#gray_wool"},"up":{"uv":[4,4,4,5],"texture":"#gray_wool"},"north":{"uv":[5,4,5,5],"texture":"#gray_wool"},"south":{"uv":[5,4,5,5],"texture":"#gray_wool"},"west":{"uv":[5,4,5,5],"texture":"#gray_wool"},"east":{"uv":[5,4,5,5],"texture":"#gray_wool"}}},{"from":[4.914,7.133,7.502],"to":[5.314,7.633,8.602],"faces":{"down":{"uv":[5,4,5,5],"texture":"#gray_wool"},"up":{"uv":[4,4,4,5],"texture":"#gray_wool"},"north":{"uv":[5,4,5,5],"texture":"#gray_wool"},"south":{"uv":[5,4,5,5],"texture":"#gray_wool"},"west":{"uv":[5,4,5,5],"texture":"#gray_wool"},"east":{"uv":[5,4,5,5],"texture":"#gray_wool"}}},{"from":[4.054,6.653,7.45],"to":[4.254,6.853,8.652],"rotation":{"origin":[4,8.2,8.05],"axis":"z","angle":45},"faces":{"down":{"uv":[5,4,5,5],"texture":"#gray_concrete"},"up":{"uv":[11,9,12,10],"texture":"#gray_concrete"},"north":{"uv":[5,4,5,5],"texture":"#gray_concrete"},"south":{"uv":[5,4,5,5],"texture":"#gray_concrete"},"west":{"uv":[5,4,5,5],"texture":"#gray_concrete"},"east":{"uv":[5,4,5,5],"texture":"#gray_concrete"}}},{"from":[4.175,6.516,7.502],"to":[4.574999,6.816,8.602],"rotation":{"origin":[4,8.2,8.05],"axis":"z","angle":45},"faces":{"down":{"uv":[5,4,5,5],"texture":"#gray_wool"},"up":{"uv":[4,4,4,5],"texture":"#gray_wool"},"north":{"uv":[5,4,5,5],"texture":"#gray_wool"},"south":{"uv":[5,4,5,5],"texture":"#gray_wool"},"west":{"uv":[5,4,5,5],"texture":"#gray_wool"},"east":{"uv":[5,4,5,5],"texture":"#gray_wool"}}},{"from":[5.3,7.269,7.502],"to":[6.5,7.5,8.602],"faces":{"down":{"uv":[5,4,5,5],"texture":"#gray_wool"},"up":{"uv":[4,4,4,5],"texture":"#gray_wool"},"north":{"uv":[5,4,5,5],"texture":"#gray_wool"},"south":{"uv":[5,4,5,5],"texture":"#gray_wool"},"west":{"uv":[5,4,5,5],"texture":"#gray_wool"},"east":{"uv":[5,4,5,5],"texture":"#gray_wool"}}},{"from":[5.064,6.083,7.8],"to":[5.164,6.833,8.302],"faces":{"down":{"uv":[5,4,5,5],"texture":"#gray_wool"},"up":{"uv":[4,4,4,5],"texture":"#gray_wool"},"north":{"uv":[5,4,5,5],"texture":"#gray_wool"},"south":{"uv":[5,4,5,5],"texture":"#gray_wool"},"west":{"uv":[5,4,5,5],"texture":"#gray_wool"},"east":{"uv":[5,4,5,5],"texture":"#gray_wool"}}},{"from":[5.064,7.033,8.4],"to":[5.164,7.833,9.2],"rotation":{"origin":[4,8.2,8.05],"axis":"x","angle":45},"faces":{"down":{"uv":[5,4,5,5],"texture":"#gray_wool"},"up":{"uv":[4,4,4,5],"texture":"#gray_wool"},"north":{"uv":[5,4,5,5],"texture":"#gray_wool"},"south":{"uv":[5,4,5,5],"texture":"#gray_wool"},"west":{"uv":[5,4,5,5],"texture":"#gray_wool"},"east":{"uv":[5,4,5,5],"texture":"#gray_wool"}}},{"from":[6.5,7.269,7.502],"to":[8.5,8.509,8.602],"faces":{"down":{"uv":[5,4,5,5],"texture":"#gray_wool"},"up":{"uv":[11,9,11,10],"texture":"#gray_wool"},"north":{"uv":[5,4,5,5],"texture":"#gray_wool"},"south":{"uv":[5,4,5,5],"texture":"#gray_wool"},"west":{"uv":[5,4,5,5],"texture":"#gray_wool"},"east":{"uv":[5,4,5,5],"texture":"#gray_wool"}}},{"from":[6.5,7.269,7.742],"to":[8.5,8.609,8.362],"faces":{"down":{"uv":[5,4,5,5],"texture":"#gray_wool"},"up":{"uv":[11,9,11,10],"texture":"#gray_wool"},"north":{"uv":[5,4,5,5],"texture":"#gray_wool"},"south":{"uv":[5,4,5,5],"texture":"#gray_wool"},"west":{"uv":[5,4,5,5],"texture":"#gray_wool"},"east":{"uv":[5,4,5,5],"texture":"#gray_wool"}}},{"from":[6.5,8.455999,8.182],"to":[8.5,8.695999,8.442],"rotation":{"origin":[4,8.2,8.05],"axis":"x","angle":22.5},"faces":{"down":{"uv":[5,4,5,5],"texture":"#gray_wool"},"up":{"uv":[13,12,13,13],"texture":"#gray_wool"},"north":{"uv":[5,4,5,5],"texture":"#gray_wool"},"south":{"uv":[5,4,5,5],"texture":"#gray_wool"},"west":{"uv":[5,4,5,5],"texture":"#gray_wool"},"east":{"uv":[5,4,5,5],"texture":"#gray_wool"}}},{"from":[6.5,8.455999,7.662],"to":[8.5,8.695999,7.921999],"rotation":{"origin":[4,8.2,8.05],"axis":"x","angle":-22.5},"faces":{"down":{"uv":[5,4,5,5],"texture":"#gray_wool"},"up":{"uv":[13,12,13,13],"texture":"#gray_wool"},"north":{"uv":[5,4,5,5],"texture":"#gray_wool"},"south":{"uv":[5,4,5,5],"texture":"#gray_wool"},"west":{"uv":[5,4,5,5],"texture":"#gray_wool"},"east":{"uv":[5,4,5,5],"texture":"#gray_wool"}}},{"from":[6.3,8.868999,7.502],"to":[6.5,9.308999,8.602],"rotation":{"origin":[4,8.2,8.05],"axis":"z","angle":-22.5},"faces":{"down":{"uv":[5,4,5,5],"texture":"#gray_wool"},"up":{"uv":[4,4,4,5],"texture":"#gray_wool"},"north":{"uv":[5,4,5,5],"texture":"#gray_wool"},"south":{"uv":[5,4,5,5],"texture":"#gray_wool"},"west":{"uv":[5,4,5,5],"texture":"#gray_wool"},"east":{"uv":[5,4,5,5],"texture":"#gray_wool"}}},{"from":[6.2,2.569,7.502],"to":[7.45,6.309,8.602],"rotation":{"origin":[4,8.2,8.05],"axis":"z","angle":22.5},"faces":{"down":{"uv":[5,4,5,5],"texture":"#gray_wool"},"up":{"uv":[4,4,4,5],"texture":"#gray_wool"},"north":{"uv":[5,4,5,5],"texture":"#gray_wool"},"south":{"uv":[5,4,5,5],"texture":"#gray_wool"},"west":{"uv":[5,4,5,5],"texture":"#gray_wool"},"east":{"uv":[5,4,5,5],"texture":"#gray_wool"}}},{"from":[5.114,6.083,7.8],"to":[7.314,6.183,8.302],"faces":{"down":{"uv":[9,6,9,7],"texture":"#gray_wool"},"up":{"uv":[11,9,11,10],"texture":"#gray_wool"},"north":{"uv":[5,4,5,5],"texture":"#gray_wool"},"south":{"uv":[5,4,5,5],"texture":"#gray_wool"},"west":{"uv":[5,4,5,5],"texture":"#gray_wool"},"east":{"uv":[5,4,5,5],"texture":"#gray_wool"}}},{"from":[6.6,8.292,7.5],"to":[7,8.492,8.602],"rotation":{"origin":[4,8.2,8.05],"axis":"z","angle":-22.5},"faces":{"down":{"uv":[5,4,5,5],"texture":"#gray_wool"},"up":{"uv":[4,4,4,5],"texture":"#gray_wool"},"north":{"uv":[5,4,5,5],"texture":"#gray_wool"},"south":{"uv":[5,4,5,5],"texture":"#gray_wool"},"west":{"uv":[5,4,5,5],"texture":"#gray_wool"},"east":{"uv":[5,4,5,5],"texture":"#gray_wool"}}},{"from":[6.6,9.392,7.5],"to":[7,9.592,8.602],"rotation":{"origin":[4,8.2,8.05],"axis":"z","angle":-45},"faces":{"down":{"uv":[5,4,5,5],"texture":"#gray_wool"},"up":{"uv":[4,4,4,5],"texture":"#gray_wool"},"north":{"uv":[5,4,5,5],"texture":"#gray_wool"},"south":{"uv":[5,4,5,5],"texture":"#gray_wool"},"west":{"uv":[5,4,5,5],"texture":"#gray_wool"},"east":{"uv":[5,4,5,5],"texture":"#gray_wool"}}},{"from":[6.15,2.669,7.602],"to":[7.5,6.409,8.501999],"rotation":{"origin":[4,8.2,8.05],"axis":"z","angle":22.5},"faces":{"down":{"uv":[5,4,5,5],"texture":"#gray_wool"},"up":{"uv":[4,4,4,5],"texture":"#gray_wool"},"north":{"uv":[5,4,5,5],"texture":"#gray_wool"},"south":{"uv":[5,4,5,5],"texture":"#gray_wool"},"west":{"uv":[5,4,5,5],"texture":"#gray_wool"},"east":{"uv":[5,4,5,5],"texture":"#gray_wool"}}},{"from":[7,6.019,7.502],"to":[7.3,6.25,8.602],"faces":{"down":{"uv":[5,4,5,5],"texture":"#gray_wool"},"up":{"uv":[4,4,4,5],"texture":"#gray_wool"},"north":{"uv":[5,4,5,5],"texture":"#gray_wool"},"south":{"uv":[5,4,5,5],"texture":"#gray_wool"},"west":{"uv":[5,4,5,5],"texture":"#gray_wool"},"east":{"uv":[5,4,5,5],"texture":"#gray_wool"}}},{"from":[7.607,7.333,7.502],"to":[8.007,7.564,8.602],"rotation":{"origin":[4,8.2,8.05],"axis":"z","angle":-22.5},"faces":{"down":{"uv":[5,4,5,5],"texture":"#gray_wool"},"up":{"uv":[4,4,4,5],"texture":"#gray_wool"},"north":{"uv":[5,4,5,5],"texture":"#gray_wool"},"south":{"uv":[5,4,5,5],"texture":"#gray_wool"},"west":{"uv":[5,4,5,5],"texture":"#gray_wool"},"east":{"uv":[5,4,5,5],"texture":"#gray_wool"}}},{"from":[7.5,8.943,7.502],"to":[7.8,9.674,8.602],"rotation":{"origin":[4,8.2,8.05],"axis":"z","angle":-45},"faces":{"down":{"uv":[5,4,5,5],"texture":"#gray_wool"},"up":{"uv":[4,4,4,5],"texture":"#gray_wool"},"north":{"uv":[5,4,5,5],"texture":"#gray_wool"},"south":{"uv":[5,4,5,5],"texture":"#gray_wool"},"west":{"uv":[5,4,5,5],"texture":"#gray_wool"},"east":{"uv":[5,4,5,5],"texture":"#gray_wool"}}},{"from":[4.684,4.433,7.45],"to":[4.834,4.583,8.652],"rotation":{"origin":[4,8.2,8.05],"axis":"z","angle":45},"faces":{"down":{"uv":[5,4,5,5],"texture":"#gray_concrete"},"up":{"uv":[4,4,4,5],"texture":"#gray_concrete"},"north":{"uv":[5,4,5,5],"texture":"#gray_concrete"},"south":{"uv":[5,4,5,5],"texture":"#gray_concrete"},"west":{"uv":[5,4,5,5],"texture":"#gray_concrete"},"east":{"uv":[5,4,5,5],"texture":"#gray_concrete"}}},{"from":[6.232,2.583,7.492],"to":[7.382,5.623,8.612],"rotation":{"origin":[4,8.2,8.05],"axis":"z","angle":22.5},"faces":{"down":{"uv":[5,4,5,5],"texture":"#black_shulker_box"},"up":{"uv":[4,4,4,5],"texture":"#black_shulker_box"},"north":{"uv":[5,4,5,5],"texture":"#black_shulker_box"},"south":{"uv":[5,4,5,5],"texture":"#black_shulker_box"},"west":{"uv":[5,4,5,5],"texture":"#black_shulker_box"},"east":{"uv":[5,4,5,5],"texture":"#black_shulker_box"}}},{"from":[8.05,3.688,7.502],"to":[9.342,4.319,8.602],"faces":{"down":{"uv":[5,4,5,5],"texture":"#gray_wool"},"up":{"uv":[4,4,4,5],"texture":"#gray_wool"},"north":{"uv":[5,4,5,5],"texture":"#gray_wool"},"south":{"uv":[5,4,5,5],"texture":"#gray_wool"},"west":{"uv":[5,4,5,5],"texture":"#gray_wool"},"east":{"uv":[5,4,5,5],"texture":"#gray_wool"}}},{"from":[7.5,6.269,7.502],"to":[8.5,7.509,8.602],"faces":{"down":{"uv":[5,4,5,5],"texture":"#gray_wool"},"up":{"uv":[4,4,4,5],"texture":"#gray_wool"},"north":{"uv":[5,4,5,5],"texture":"#gray_wool"},"south":{"uv":[5,4,5,5],"texture":"#gray_wool"},"west":{"uv":[5,4,5,5],"texture":"#gray_wool"},"east":{"uv":[5,4,5,5],"texture":"#gray_wool"}}},{"from":[7.9,6.669,7.502],"to":[8.9,7.908999,8.602],"rotation":{"origin":[8,8,8],"axis":"z","angle":-22.5},"faces":{"down":{"uv":[5,4,5,5],"texture":"#gray_wool"},"up":{"uv":[5,2,5,3],"texture":"#gray_wool"},"north":{"uv":[5,4,5,5],"texture":"#gray_wool"},"south":{"uv":[5,4,5,5],"texture":"#gray_wool"},"west":{"uv":[5,4,5,5],"texture":"#gray_wool"},"east":{"uv":[5,4,5,5],"texture":"#gray_wool"}}},{"from":[8.8,6.969,7.502],"to":[9,8.209,8.602],"rotation":{"origin":[8,8,8],"axis":"z","angle":-45},"faces":{"down":{"uv":[5,4,5,5],"texture":"#gray_wool"},"up":{"uv":[4,4,4,5],"texture":"#gray_wool"},"north":{"uv":[5,4,5,5],"texture":"#gray_wool"},"south":{"uv":[5,4,5,5],"texture":"#gray_wool"},"west":{"uv":[5,4,5,5],"texture":"#gray_wool"},"east":{"uv":[5,4,5,5],"texture":"#gray_wool"}}},{"from":[8.599999,7.769,7.502],"to":[9.199999,7.908999,8.602],"rotation":{"origin":[8,8,8],"axis":"z","angle":-22.5},"faces":{"down":{"uv":[5,4,5,5],"texture":"#gray_wool"},"up":{"uv":[7,7,7,8],"texture":"#gray_wool"},"north":{"uv":[5,4,5,5],"texture":"#gray_wool"},"south":{"uv":[5,4,5,5],"texture":"#gray_wool"},"west":{"uv":[5,4,5,5],"texture":"#gray_wool"},"east":{"uv":[5,4,5,5],"texture":"#gray_wool"}}},{"from":[8.3,7.319,7.452],"to":[8.35,8.059,8.652],"faces":{"down":{"uv":[5,4,5,5],"texture":"#gray_concrete"},"up":{"uv":[11,9,11,10],"texture":"#gray_concrete"},"north":{"uv":[5,4,5,5],"texture":"#gray_concrete"},"south":{"uv":[5,4,5,5],"texture":"#gray_concrete"},"west":{"uv":[5,4,5,5],"texture":"#gray_concrete"},"east":{"uv":[5,4,5,5],"texture":"#gray_concrete"}}},{"from":[7.1,7.319,7.452],"to":[7.15,8.459,8.652],"faces":{"down":{"uv":[5,4,5,5],"texture":"#gray_concrete"},"up":{"uv":[11,9,11,10],"texture":"#gray_concrete"},"north":{"uv":[5,4,5,5],"texture":"#gray_concrete"},"south":{"uv":[5,4,5,5],"texture":"#gray_concrete"},"west":{"uv":[5,4,5,5],"texture":"#gray_concrete"},"east":{"uv":[5,4,5,5],"texture":"#gray_concrete"}}},{"from":[7.3,7.319,7.452],"to":[7.349999,8.459,8.652],"faces":{"down":{"uv":[5,4,5,5],"texture":"#gray_concrete"},"up":{"uv":[11,9,11,10],"texture":"#gray_concrete"},"north":{"uv":[5,4,5,5],"texture":"#gray_concrete"},"south":{"uv":[5,4,5,5],"texture":"#gray_concrete"},"west":{"uv":[5,4,5,5],"texture":"#gray_concrete"},"east":{"uv":[5,4,5,5],"texture":"#gray_concrete"}}},{"from":[7.5,7.319,7.452],"to":[7.55,8.459,8.652],"faces":{"down":{"uv":[5,4,5,5],"texture":"#gray_concrete"},"up":{"uv":[11,9,11,10],"texture":"#gray_concrete"},"north":{"uv":[5,4,5,5],"texture":"#gray_concrete"},"south":{"uv":[5,4,5,5],"texture":"#gray_concrete"},"west":{"uv":[5,4,5,5],"texture":"#gray_concrete"},"east":{"uv":[5,4,5,5],"texture":"#gray_concrete"}}},{"from":[7.7,7.319,7.452],"to":[7.75,8.459,8.652],"faces":{"down":{"uv":[5,4,5,5],"texture":"#gray_concrete"},"up":{"uv":[11,9,11,10],"texture":"#gray_concrete"},"north":{"uv":[5,4,5,5],"texture":"#gray_concrete"},"south":{"uv":[5,4,5,5],"texture":"#gray_concrete"},"west":{"uv":[5,4,5,5],"texture":"#gray_concrete"},"east":{"uv":[5,4,5,5],"texture":"#gray_concrete"}}},{"from":[7.9,7.319,7.452],"to":[7.949999,8.059,8.652],"faces":{"down":{"uv":[5,4,5,5],"texture":"#gray_concrete"},"up":{"uv":[11,9,11,10],"texture":"#gray_concrete"},"north":{"uv":[5,4,5,5],"texture":"#gray_concrete"},"south":{"uv":[5,4,5,5],"texture":"#gray_concrete"},"west":{"uv":[5,4,5,5],"texture":"#gray_concrete"},"east":{"uv":[5,4,5,5],"texture":"#gray_concrete"}}},{"from":[8.099999,7.319,7.452],"to":[8.149999,8.059,8.652],"faces":{"down":{"uv":[5,4,5,5],"texture":"#gray_concrete"},"up":{"uv":[11,9,11,10],"texture":"#gray_concrete"},"north":{"uv":[5,4,5,5],"texture":"#gray_concrete"},"south":{"uv":[5,4,5,5],"texture":"#gray_concrete"},"west":{"uv":[5,4,5,5],"texture":"#gray_concrete"},"east":{"uv":[5,4,5,5],"texture":"#gray_concrete"}}},{"from":[6.9,7.319,7.452],"to":[6.949999,8.459,8.652],"faces":{"down":{"uv":[5,4,5,5],"texture":"#gray_concrete"},"up":{"uv":[11,9,11,10],"texture":"#gray_concrete"},"north":{"uv":[5,4,5,5],"texture":"#gray_concrete"},"south":{"uv":[5,4,5,5],"texture":"#gray_concrete"},"west":{"uv":[5,4,5,5],"texture":"#gray_concrete"},"east":{"uv":[5,4,5,5],"texture":"#gray_concrete"}}},{"from":[8.355,7.469,8.151999],"to":[8.655,8.279,8.601999],"rotation":{"origin":[8,8,8],"axis":"z","angle":22.5},"faces":{"down":{"uv":[5,4,5,5],"texture":"#gray_wool"},"up":{"uv":[7,7,7,8],"texture":"#gray_wool"},"north":{"uv":[5,4,5,5],"texture":"#gray_wool"},"south":{"uv":[5,4,5,5],"texture":"#gray_wool"},"west":{"uv":[5,4,5,5],"texture":"#gray_wool"},"east":{"uv":[5,4,5,5],"texture":"#gray_wool"}}},{"from":[6.809,7.469,7.502],"to":[8.809,7.76,7.952],"faces":{"down":{"uv":[5,4,5,5],"texture":"#gray_wool"},"up":{"uv":[11,9,11,10],"texture":"#gray_wool"},"north":{"uv":[5,4,5,5],"texture":"#gray_wool"},"south":{"uv":[5,4,5,5],"texture":"#gray_wool"},"west":{"uv":[5,4,5,5],"texture":"#gray_wool"},"east":{"uv":[5,4,5,5],"texture":"#gray_wool"}}},{"from":[8.355,7.469,7.502],"to":[8.655,8.279,7.952],"rotation":{"origin":[8,8,8],"axis":"z","angle":22.5},"faces":{"down":{"uv":[5,4,5,5],"texture":"#gray_wool"},"up":{"uv":[7,7,7,8],"texture":"#gray_wool"},"north":{"uv":[5,4,5,5],"texture":"#gray_wool"},"south":{"uv":[5,4,5,5],"texture":"#gray_wool"},"west":{"uv":[5,4,5,5],"texture":"#gray_wool"},"east":{"uv":[5,4,5,5],"texture":"#gray_wool"}}},{"from":[6.809,7.469,8.151999],"to":[8.809,7.76,8.601999],"faces":{"down":{"uv":[5,4,5,5],"texture":"#gray_wool"},"up":{"uv":[11,9,11,10],"texture":"#gray_wool"},"north":{"uv":[5,4,5,5],"texture":"#gray_wool"},"south":{"uv":[5,4,5,5],"texture":"#gray_wool"},"west":{"uv":[5,4,5,5],"texture":"#gray_wool"},"east":{"uv":[5,4,5,5],"texture":"#gray_wool"}}},{"from":[8.099999,7.109,7.952],"to":[8.849999,7.508999,8.152],"rotation":{"origin":[8,8,8],"axis":"z","angle":45},"faces":{"down":{"uv":[5,4,5,5],"texture":"#gray_concrete"},"up":{"uv":[7,7,7,8],"texture":"#gray_concrete"},"north":{"uv":[5,4,5,5],"texture":"#gray_concrete"},"south":{"uv":[5,4,5,5],"texture":"#gray_concrete"},"west":{"uv":[5,4,5,5],"texture":"#gray_concrete"},"east":{"uv":[5,4,5,5],"texture":"#gray_concrete"}}},{"from":[9,7.869,7.952],"to":[9.4,8.069,8.152],"faces":{"down":{"uv":[5,4,5,5],"texture":"#gray_concrete"},"up":{"uv":[7,7,7,8],"texture":"#gray_concrete"},"north":{"uv":[5,4,5,5],"texture":"#gray_concrete"},"south":{"uv":[5,4,5,5],"texture":"#gray_concrete"},"west":{"uv":[5,4,5,5],"texture":"#gray_concrete"},"east":{"uv":[5,4,5,5],"texture":"#gray_concrete"}}},{"from":[8.3,7.369,7.952],"to":[9.1,7.509,8.152],"rotation":{"origin":[8,8,8],"axis":"z","angle":45},"faces":{"down":{"uv":[5,4,5,5],"texture":"#gray_concrete"},"up":{"uv":[7,7,7,8],"texture":"#gray_concrete"},"north":{"uv":[5,4,5,5],"texture":"#gray_concrete"},"south":{"uv":[5,4,5,5],"texture":"#gray_concrete"},"west":{"uv":[5,4,5,5],"texture":"#gray_concrete"},"east":{"uv":[5,4,5,5],"texture":"#gray_concrete"}}},{"from":[8.86,8.599,7.952],"to":[8.96,8.739,8.152],"rotation":{"origin":[8,8,8],"axis":"z","angle":-22.5},"faces":{"down":{"uv":[5,4,5,5],"texture":"#gray_concrete"},"up":{"uv":[7,7,7,8],"texture":"#gray_concrete"},"north":{"uv":[5,4,5,5],"texture":"#gray_concrete"},"south":{"uv":[5,4,5,5],"texture":"#gray_concrete"},"west":{"uv":[5,4,5,5],"texture":"#gray_concrete"},"east":{"uv":[5,4,5,5],"texture":"#gray_concrete"}}},{"from":[9.02,8.069,7.952],"to":[9.119999,8.209,8.152],"faces":{"down":{"uv":[5,4,5,5],"texture":"#gray_concrete"},"up":{"uv":[7,7,7,8],"texture":"#gray_concrete"},"north":{"uv":[5,4,5,5],"texture":"#gray_concrete"},"south":{"uv":[5,4,5,5],"texture":"#gray_concrete"},"west":{"uv":[5,4,5,5],"texture":"#gray_concrete"},"east":{"uv":[5,4,5,5],"texture":"#gray_concrete"}}},{"from":[8.99,8.368999,7.952],"to":[9.19,8.533999,8.152],"rotation":{"origin":[8,8,8],"axis":"z","angle":-22.5},"faces":{"down":{"uv":[5,4,5,5],"texture":"#gray_concrete"},"up":{"uv":[7,7,7,8],"texture":"#gray_concrete"},"north":{"uv":[5,4,5,5],"texture":"#gray_concrete"},"south":{"uv":[5,4,5,5],"texture":"#gray_concrete"},"west":{"uv":[5,4,5,5],"texture":"#gray_concrete"},"east":{"uv":[5,4,5,5],"texture":"#gray_concrete"}}},{"from":[8.639999,8.75,7.952],"to":[8.839999,8.89,8.152],"rotation":{"origin":[8,8,8],"axis":"z","angle":-45},"faces":{"down":{"uv":[5,4,5,5],"texture":"#gray_concrete"},"up":{"uv":[7,7,7,8],"texture":"#gray_concrete"},"north":{"uv":[5,4,5,5],"texture":"#gray_concrete"},"south":{"uv":[5,4,5,5],"texture":"#gray_concrete"},"west":{"uv":[5,4,5,5],"texture":"#gray_concrete"},"east":{"uv":[5,4,5,5],"texture":"#gray_concrete"}}},{"from":[6.65,2.56,7.602],"to":[7.5,6.3,8.501999],"rotation":{"origin":[4,8.2,8.05],"axis":"z","angle":22.5},"faces":{"down":{"uv":[5,4,5,5],"texture":"#gray_wool"},"up":{"uv":[4,4,4,5],"texture":"#gray_wool"},"north":{"uv":[5,4,5,5],"texture":"#gray_wool"},"south":{"uv":[5,4,5,5],"texture":"#gray_wool"},"west":{"uv":[5,4,5,5],"texture":"#gray_wool"},"east":{"uv":[5,4,5,5],"texture":"#gray_wool"}}},{"from":[8.4,3.54,7.552],"to":[9.332,3.69,8.552],"faces":{"down":{"uv":[0,0,0,1],"texture":"#white_wool"},"up":{"uv":[0,0,0,1],"texture":"#white_wool"},"north":{"uv":[0,0,0,1],"texture":"#white_wool"},"south":{"uv":[0,0,0,0],"texture":"#white_wool"},"west":{"uv":[0,0,0,1],"texture":"#white_wool"},"east":{"uv":[0,0,0,1],"texture":"#white_wool"}}},{"from":[8,3.539,7.552],"to":[9.082,3.589,8.552],"faces":{"down":{"uv":[0,0,0,1],"texture":"#white_wool"},"up":{"uv":[0,0,0,1],"texture":"#white_wool"},"north":{"uv":[0,0,0,1],"texture":"#white_wool"},"south":{"uv":[0,0,0,0],"texture":"#white_wool"},"west":{"uv":[0,0,0,1],"texture":"#white_wool"},"east":{"uv":[0,0,0,1],"texture":"#white_wool"}}},{"from":[8.124,3.769,7.492],"to":[9.274,4.309,8.612],"faces":{"down":{"uv":[5,4,5,5],"texture":"#black_shulker_box"},"up":{"uv":[4,4,4,5],"texture":"#black_shulker_box"},"north":{"uv":[5,4,5,5],"texture":"#black_shulker_box"},"south":{"uv":[5,4,5,5],"texture":"#black_shulker_box"},"west":{"uv":[5,4,5,5],"texture":"#black_shulker_box"},"east":{"uv":[5,4,5,5],"texture":"#black_shulker_box"}}},{"from":[6.95,4.969,7.492],"to":[7.38,5.709,8.612],"rotation":{"origin":[4,8.2,8.05],"axis":"z","angle":22.5},"faces":{"down":{"uv":[5,4,5,5],"texture":"#black_shulker_box"},"up":{"uv":[4,4,4,5],"texture":"#black_shulker_box"},"north":{"uv":[5,4,5,5],"texture":"#black_shulker_box"},"south":{"uv":[5,4,5,5],"texture":"#black_shulker_box"},"west":{"uv":[5,4,5,5],"texture":"#black_shulker_box"},"east":{"uv":[5,4,5,5],"texture":"#black_shulker_box"}}},{"from":[7.745,7.059,7.492],"to":[8.095,7.199,8.612],"faces":{"down":{"uv":[5,4,5,5],"texture":"#black_shulker_box"},"up":{"uv":[4,4,4,5],"texture":"#black_shulker_box"},"north":{"uv":[5,4,5,5],"texture":"#black_shulker_box"},"south":{"uv":[5,4,5,5],"texture":"#black_shulker_box"},"west":{"uv":[5,4,5,5],"texture":"#black_shulker_box"},"east":{"uv":[5,4,5,5],"texture":"#black_shulker_box"}}},{"from":[6.95,4.969,7.492],"to":[7.08,5.839,8.612],"rotation":{"origin":[4,8.2,8.05],"axis":"z","angle":22.5},"faces":{"down":{"uv":[5,4,5,5],"texture":"#black_shulker_box"},"up":{"uv":[4,4,4,5],"texture":"#black_shulker_box"},"north":{"uv":[5,4,5,5],"texture":"#black_shulker_box"},"south":{"uv":[5,4,5,5],"texture":"#black_shulker_box"},"west":{"uv":[5,4,5,5],"texture":"#black_shulker_box"},"east":{"uv":[5,4,5,5],"texture":"#black_shulker_box"}}},{"from":[7.627,7.152,7.492],"to":[7.977,7.2,8.612],"faces":{"down":{"uv":[5,4,5,5],"texture":"#black_shulker_box"},"up":{"uv":[4,4,4,5],"texture":"#black_shulker_box"},"north":{"uv":[5,4,5,5],"texture":"#black_shulker_box"},"south":{"uv":[5,4,5,5],"texture":"#black_shulker_box"},"west":{"uv":[5,4,5,5],"texture":"#black_shulker_box"},"east":{"uv":[5,4,5,5],"texture":"#black_shulker_box"}}},{"from":[6.95,4.974,7.492],"to":[6.98,5.844,8.612],"rotation":{"origin":[4,8.2,8.05],"axis":"z","angle":22.5},"faces":{"down":{"uv":[5,4,5,5],"texture":"#black_shulker_box"},"up":{"uv":[4,4,4,5],"texture":"#black_shulker_box"},"north":{"uv":[5,4,5,5],"texture":"#black_shulker_box"},"south":{"uv":[5,4,5,5],"texture":"#black_shulker_box"},"west":{"uv":[5,4,5,5],"texture":"#black_shulker_box"},"east":{"uv":[5,4,5,5],"texture":"#black_shulker_box"}}},{"from":[7.05,6.675,7.492],"to":[7.8,6.914999,8.612],"faces":{"down":{"uv":[5,4,5,5],"texture":"#black_shulker_box"},"up":{"uv":[4,4,4,5],"texture":"#black_shulker_box"},"north":{"uv":[5,4,5,5],"texture":"#black_shulker_box"},"south":{"uv":[5,4,5,5],"texture":"#black_shulker_box"},"west":{"uv":[5,4,5,5],"texture":"#black_shulker_box"},"east":{"uv":[5,4,5,5],"texture":"#black_shulker_box"}}},{"from":[6.3,6.969,8.052],"to":[6.5,7.3,8.252],"faces":{"down":{"uv":[5,4,5,5],"texture":"#gray_concrete"},"up":{"uv":[4,4,4,5],"texture":"#gray_concrete"},"north":{"uv":[5,4,5,5],"texture":"#gray_concrete"},"south":{"uv":[5,4,5,5],"texture":"#gray_concrete"},"west":{"uv":[5,4,5,5],"texture":"#gray_concrete"},"east":{"uv":[5,4,5,5],"texture":"#gray_concrete"}}},{"from":[6.809,6.142,8.052],"to":[7.009,6.473,8.252],"rotation":{"origin":[8,8,8],"axis":"z","angle":-22.5},"faces":{"down":{"uv":[5,4,5,5],"texture":"#gray_concrete"},"up":{"uv":[4,4,4,5],"texture":"#gray_concrete"},"north":{"uv":[5,4,5,5],"texture":"#gray_concrete"},"south":{"uv":[5,4,5,5],"texture":"#gray_concrete"},"west":{"uv":[5,4,5,5],"texture":"#gray_concrete"},"east":{"uv":[5,4,5,5],"texture":"#gray_concrete"}}},{"from":[7.595,5.574,8.052],"to":[7.795,5.905,8.252],"rotation":{"origin":[8,8,8],"axis":"z","angle":-45},"faces":{"down":{"uv":[5,4,5,5],"texture":"#gray_concrete"},"up":{"uv":[4,4,4,5],"texture":"#gray_concrete"},"north":{"uv":[5,4,5,5],"texture":"#gray_concrete"},"south":{"uv":[5,4,5,5],"texture":"#gray_concrete"},"west":{"uv":[5,4,5,5],"texture":"#gray_concrete"},"east":{"uv":[5,4,5,5],"texture":"#gray_concrete"}}},{"from":[5.923,5.106,7.8],"to":[6.023,5.356,8.302],"rotation":{"origin":[8,8,8],"axis":"z","angle":-22.5},"faces":{"down":{"uv":[5,4,5,5],"texture":"#gray_wool"},"up":{"uv":[4,4,4,5],"texture":"#gray_wool"},"north":{"uv":[5,4,5,5],"texture":"#gray_wool"},"south":{"uv":[5,4,5,5],"texture":"#gray_wool"},"west":{"uv":[5,4,5,5],"texture":"#gray_wool"},"east":{"uv":[5,4,5,5],"texture":"#gray_wool"}}},{"from":[6.9,7.019,7.452],"to":[7.074999,7.119,8.652],"faces":{"down":{"uv":[5,4,5,5],"texture":"#gray_concrete"},"up":{"uv":[11,9,11,10],"texture":"#gray_concrete"},"north":{"uv":[5,4,5,5],"texture":"#gray_concrete"},"south":{"uv":[5,4,5,5],"texture":"#gray_concrete"},"west":{"uv":[5,4,5,5],"texture":"#gray_concrete"},"east":{"uv":[5,4,5,5],"texture":"#gray_concrete"}}},{"from":[7,7.089,7.452],"to":[7.575,7.118999,8.652],"faces":{"down":{"uv":[5,4,5,5],"texture":"#gray_concrete"},"up":{"uv":[11,9,11,10],"texture":"#gray_concrete"},"north":{"uv":[5,4,5,5],"texture":"#gray_concrete"},"south":{"uv":[5,4,5,5],"texture":"#gray_concrete"},"west":{"uv":[5,4,5,5],"texture":"#gray_concrete"},"east":{"uv":[5,4,5,5],"texture":"#gray_concrete"}}},{"from":[7.43,7.089,7.452],"to":[7.58,7.189,8.652],"faces":{"down":{"uv":[5,4,5,5],"texture":"#gray_concrete"},"up":{"uv":[11,9,11,10],"texture":"#gray_concrete"},"north":{"uv":[5,4,5,5],"texture":"#gray_concrete"},"south":{"uv":[5,4,5,5],"texture":"#gray_concrete"},"west":{"uv":[5,4,5,5],"texture":"#gray_concrete"},"east":{"uv":[5,4,5,5],"texture":"#gray_concrete"}}},{"from":[7.23,7.019,7.452],"to":[7.63,7.049,8.652],"faces":{"down":{"uv":[5,4,5,5],"texture":"#gray_concrete"},"up":{"uv":[11,9,11,10],"texture":"#gray_concrete"},"north":{"uv":[5,4,5,5],"texture":"#gray_concrete"},"south":{"uv":[5,4,5,5],"texture":"#gray_concrete"},"west":{"uv":[5,4,5,5],"texture":"#gray_concrete"},"east":{"uv":[5,4,5,5],"texture":"#gray_concrete"}}},{"from":[8.4,7.099,7.502],"to":[8.6,7.239,8.602],"rotation":{"origin":[8,8,8],"axis":"z","angle":22.5},"faces":{"down":{"uv":[5,4,5,5],"texture":"#gray_wool"},"up":{"uv":[4,4,4,5],"texture":"#gray_wool"},"north":{"uv":[5,4,5,5],"texture":"#gray_wool"},"south":{"uv":[5,4,5,5],"texture":"#gray_wool"},"west":{"uv":[5,4,5,5],"texture":"#gray_wool"},"east":{"uv":[5,4,5,5],"texture":"#gray_wool"}}},{"from":[8.8,7.369,7.502],"to":[9,7.469,8.602],"faces":{"down":{"uv":[5,4,5,5],"texture":"#gray_wool"},"up":{"uv":[4,4,4,5],"texture":"#gray_wool"},"north":{"uv":[5,4,5,5],"texture":"#gray_wool"},"south":{"uv":[5,4,5,5],"texture":"#gray_wool"},"west":{"uv":[5,4,5,5],"texture":"#gray_wool"},"east":{"uv":[5,4,5,5],"texture":"#gray_wool"}}},{"from":[9,7.869,7.502],"to":[9.6,7.909,8.602],"rotation":{"origin":[8,8,8],"axis":"z","angle":-22.5},"faces":{"down":{"uv":[5,4,5,5],"texture":"#gray_wool"},"up":{"uv":[7,7,7,8],"texture":"#gray_wool"},"north":{"uv":[5,4,5,5],"texture":"#gray_wool"},"south":{"uv":[5,4,5,5],"texture":"#gray_wool"},"west":{"uv":[5,4,5,5],"texture":"#gray_wool"},"east":{"uv":[5,4,5,5],"texture":"#gray_wool"}}},{"from":[9.099999,7.819,7.502],"to":[9.399999,7.869,8.602],"rotation":{"origin":[8,8,8],"axis":"z","angle":-22.5},"faces":{"down":{"uv":[5,4,5,5],"texture":"#gray_wool"},"up":{"uv":[7,7,7,8],"texture":"#gray_wool"},"north":{"uv":[5,4,5,5],"texture":"#gray_wool"},"south":{"uv":[5,4,5,5],"texture":"#gray_wool"},"west":{"uv":[5,4,5,5],"texture":"#gray_wool"},"east":{"uv":[5,4,5,5],"texture":"#gray_wool"}}},{"from":[9,7.794,7.502],"to":[9.3,7.843999,8.602],"rotation":{"origin":[8,8,8],"axis":"z","angle":-22.5},"faces":{"down":{"uv":[5,4,5,5],"texture":"#gray_wool"},"up":{"uv":[7,7,7,8],"texture":"#gray_wool"},"north":{"uv":[5,4,5,5],"texture":"#gray_wool"},"south":{"uv":[5,4,5,5],"texture":"#gray_wool"},"west":{"uv":[5,4,5,5],"texture":"#gray_wool"},"east":{"uv":[5,4,5,5],"texture":"#gray_wool"}}},{"from":[9.2,7.844,7.502],"to":[9.5,7.894,8.602],"rotation":{"origin":[8,8,8],"axis":"z","angle":-22.5},"faces":{"down":{"uv":[5,4,5,5],"texture":"#gray_wool"},"up":{"uv":[7,7,7,8],"texture":"#gray_wool"},"north":{"uv":[5,4,5,5],"texture":"#gray_wool"},"south":{"uv":[5,4,5,5],"texture":"#gray_wool"},"west":{"uv":[5,4,5,5],"texture":"#gray_wool"},"east":{"uv":[5,4,5,5],"texture":"#gray_wool"}}},{"from":[7.9,8.118999,7.342],"to":[8,8.458999,8.762],"faces":{"down":{"uv":[5,4,5,5],"texture":"#gray_concrete"},"up":{"uv":[11,9,11,10],"texture":"#gray_concrete"},"north":{"uv":[5,4,5,5],"texture":"#gray_concrete"},"south":{"uv":[5,4,5,5],"texture":"#gray_concrete"},"west":{"uv":[5,4,5,5],"texture":"#gray_concrete"},"east":{"uv":[5,4,5,5],"texture":"#gray_concrete"}}},{"from":[8,8.269,7.442],"to":[8.45,8.459,8.662],"faces":{"down":{"uv":[5,4,5,5],"texture":"#gray_concrete"},"up":{"uv":[11,9,11,10],"texture":"#gray_concrete"},"north":{"uv":[5,4,5,5],"texture":"#gray_concrete"},"south":{"uv":[5,4,5,5],"texture":"#gray_concrete"},"west":{"uv":[5,4,5,5],"texture":"#gray_concrete"},"east":{"uv":[5,4,5,5],"texture":"#gray_concrete"}}},{"from":[8.2,8.169,7.442],"to":[8.45,8.359,8.662],"faces":{"down":{"uv":[5,4,5,5],"texture":"#gray_concrete"},"up":{"uv":[11,9,11,10],"texture":"#gray_concrete"},"north":{"uv":[5,4,5,5],"texture":"#gray_concrete"},"south":{"uv":[5,4,5,5],"texture":"#gray_concrete"},"west":{"uv":[5,4,5,5],"texture":"#gray_concrete"},"east":{"uv":[5,4,5,5],"texture":"#gray_concrete"}}},{"from":[8.349999,7.269,7.442],"to":[8.449999,8.634,8.602],"faces":{"down":{"uv":[5,4,5,5],"texture":"#gray_wool"},"up":{"uv":[11,9,11,10],"texture":"#gray_wool"},"north":{"uv":[5,4,5,5],"texture":"#gray_wool"},"south":{"uv":[5,4,5,5],"texture":"#gray_wool"},"west":{"uv":[5,4,5,5],"texture":"#gray_wool"},"east":{"uv":[5,4,5,5],"texture":"#gray_wool"}}},{"from":[7.85,7.269,7.442],"to":[8.15,8.634,8.602],"faces":{"down":{"uv":[5,4,5,5],"texture":"#gray_wool"},"up":{"uv":[11,9,11,10],"texture":"#gray_wool"},"north":{"uv":[5,4,5,5],"texture":"#gray_wool"},"south":{"uv":[5,4,5,5],"texture":"#gray_wool"},"west":{"uv":[5,4,5,5],"texture":"#gray_wool"},"east":{"uv":[5,4,5,5],"texture":"#gray_wool"}}},{"from":[7.85,7.269,7.642],"to":[8.35,8.634,8.402],"faces":{"down":{"uv":[5,4,5,5],"texture":"#gray_wool"},"up":{"uv":[11,9,11,10],"texture":"#gray_wool"},"north":{"uv":[5,4,5,5],"texture":"#gray_wool"},"south":{"uv":[5,4,5,5],"texture":"#gray_wool"},"west":{"uv":[5,4,5,5],"texture":"#gray_wool"},"east":{"uv":[5,4,5,5],"texture":"#gray_wool"}}},{"from":[8.2,7.269,8.342],"to":[8.4,8.834,8.402],"faces":{"down":{"uv":[5,4,5,5],"texture":"#gray_wool"},"up":{"uv":[11,9,11,10],"texture":"#gray_wool"},"north":{"uv":[5,4,5,5],"texture":"#gray_wool"},"south":{"uv":[5,4,5,5],"texture":"#gray_wool"},"west":{"uv":[5,4,5,5],"texture":"#gray_wool"},"east":{"uv":[5,4,5,5],"texture":"#gray_wool"}}},{"from":[8.431,8.183,8.342],"to":[8.731,8.448,8.402],"rotation":{"origin":[8,8,8],"axis":"z","angle":45},"faces":{"down":{"uv":[5,4,5,5],"texture":"#gray_wool"},"up":{"uv":[11,9,11,10],"texture":"#gray_wool"},"north":{"uv":[5,4,5,5],"texture":"#gray_wool"},"south":{"uv":[5,4,5,5],"texture":"#gray_wool"},"west":{"uv":[5,4,5,5],"texture":"#gray_wool"},"east":{"uv":[5,4,5,5],"texture":"#gray_wool"}}},{"from":[8.34,7.269,8.191999],"to":[8.4,8.834,8.401999],"faces":{"down":{"uv":[5,4,5,5],"texture":"#gray_wool"},"up":{"uv":[11,9,11,10],"texture":"#gray_wool"},"north":{"uv":[5,4,5,5],"texture":"#gray_wool"},"south":{"uv":[5,4,5,5],"texture":"#gray_wool"},"west":{"uv":[5,4,5,5],"texture":"#gray_wool"},"east":{"uv":[5,4,5,5],"texture":"#gray_wool"}}},{"from":[8.34,7.319,8.142],"to":[8.4,8.784,8.302],"faces":{"down":{"uv":[5,4,5,5],"texture":"#gray_wool"},"up":{"uv":[11,9,11,10],"texture":"#gray_wool"},"north":{"uv":[5,4,5,5],"texture":"#gray_wool"},"south":{"uv":[5,4,5,5],"texture":"#gray_wool"},"west":{"uv":[5,4,5,5],"texture":"#gray_wool"},"east":{"uv":[5,4,5,5],"texture":"#gray_wool"}}},{"from":[8.2,7.269,7.692],"to":[8.4,8.834,7.752],"faces":{"down":{"uv":[5,4,5,5],"texture":"#gray_wool"},"up":{"uv":[11,9,11,10],"texture":"#gray_wool"},"north":{"uv":[5,4,5,5],"texture":"#gray_wool"},"south":{"uv":[5,4,5,5],"texture":"#gray_wool"},"west":{"uv":[5,4,5,5],"texture":"#gray_wool"},"east":{"uv":[5,4,5,5],"texture":"#gray_wool"}}},{"from":[8.34,7.269,7.692],"to":[8.4,8.834,7.902],"faces":{"down":{"uv":[5,4,5,5],"texture":"#gray_wool"},"up":{"uv":[11,9,11,10],"texture":"#gray_wool"},"north":{"uv":[5,4,5,5],"texture":"#gray_wool"},"south":{"uv":[5,4,5,5],"texture":"#gray_wool"},"west":{"uv":[5,4,5,5],"texture":"#gray_wool"},"east":{"uv":[5,4,5,5],"texture":"#gray_wool"}}},{"from":[8.34,7.319,7.792],"to":[8.4,8.784,7.952],"faces":{"down":{"uv":[5,4,5,5],"texture":"#gray_wool"},"up":{"uv":[11,9,11,10],"texture":"#gray_wool"},"north":{"uv":[5,4,5,5],"texture":"#gray_wool"},"south":{"uv":[5,4,5,5],"texture":"#gray_wool"},"west":{"uv":[5,4,5,5],"texture":"#gray_wool"},"east":{"uv":[5,4,5,5],"texture":"#gray_wool"}}},{"from":[8.34,7.319,7.892],"to":[8.4,8.734,8.152],"faces":{"down":{"uv":[5,4,5,5],"texture":"#gray_wool"},"up":{"uv":[11,9,11,10],"texture":"#gray_wool"},"north":{"uv":[5,4,5,5],"texture":"#gray_wool"},"south":{"uv":[5,4,5,5],"texture":"#gray_wool"},"west":{"uv":[5,4,5,5],"texture":"#gray_wool"},"east":{"uv":[5,4,5,5],"texture":"#gray_wool"}}},{"from":[8.34,8.589,8.46],"to":[8.4,8.659,8.52],"rotation":{"origin":[8,8,8],"axis":"x","angle":-45},"faces":{"down":{"uv":[5,4,5,5],"texture":"#gray_wool"},"up":{"uv":[11,9,11,10],"texture":"#gray_wool"},"north":{"uv":[5,4,5,5],"texture":"#gray_wool"},"south":{"uv":[5,4,5,5],"texture":"#gray_wool"},"west":{"uv":[5,4,5,5],"texture":"#gray_wool"},"east":{"uv":[5,4,5,5],"texture":"#gray_wool"}}},{"from":[8.34,8.655,7.546],"to":[8.4,8.725,7.606],"rotation":{"origin":[8,8,8],"axis":"x","angle":45},"faces":{"down":{"uv":[5,4,5,5],"texture":"#gray_wool"},"up":{"uv":[11,9,11,10],"texture":"#gray_wool"},"north":{"uv":[5,4,5,5],"texture":"#gray_wool"},"south":{"uv":[5,4,5,5],"texture":"#gray_wool"},"west":{"uv":[5,4,5,5],"texture":"#gray_wool"},"east":{"uv":[5,4,5,5],"texture":"#gray_wool"}}},{"from":[8.365,8.684,7.912],"to":[8.405,8.699,8.171999],"faces":{"down":{"uv":[5,4,5,5],"texture":"#white_wool"},"up":{"uv":[11,9,11,10],"texture":"#white_wool"},"north":{"uv":[5,4,5,5],"texture":"#white_wool"},"south":{"uv":[5,4,5,5],"texture":"#white_wool"},"west":{"uv":[5,4,5,5],"texture":"#white_wool"},"east":{"uv":[5,4,5,5],"texture":"#white_wool"}}},{"from":[8.365,8.684,7.912],"to":[8.405,8.799,7.927],"faces":{"down":{"uv":[5,4,5,5],"texture":"#white_wool"},"up":{"uv":[11,9,11,10],"texture":"#white_wool"},"north":{"uv":[5,4,5,5],"texture":"#white_wool"},"south":{"uv":[5,4,5,5],"texture":"#white_wool"},"west":{"uv":[5,4,5,5],"texture":"#white_wool"},"east":{"uv":[5,4,5,5],"texture":"#white_wool"}}},{"from":[8.365,8.783999,7.693],"to":[8.405,8.798999,7.918],"faces":{"down":{"uv":[5,4,5,5],"texture":"#white_wool"},"up":{"uv":[11,9,11,10],"texture":"#white_wool"},"north":{"uv":[5,4,5,5],"texture":"#white_wool"},"south":{"uv":[5,4,5,5],"texture":"#white_wool"},"west":{"uv":[5,4,5,5],"texture":"#white_wool"},"east":{"uv":[5,4,5,5],"texture":"#white_wool"}}},{"from":[8.365,8.783999,8.176],"to":[8.405,8.798999,8.401],"faces":{"down":{"uv":[5,4,5,5],"texture":"#white_wool"},"up":{"uv":[11,9,11,10],"texture":"#white_wool"},"north":{"uv":[5,4,5,5],"texture":"#white_wool"},"south":{"uv":[5,4,5,5],"texture":"#white_wool"},"west":{"uv":[5,4,5,5],"texture":"#white_wool"},"east":{"uv":[5,4,5,5],"texture":"#white_wool"}}},{"from":[8.365,8.684,8.162],"to":[8.405,8.799,8.177],"faces":{"down":{"uv":[5,4,5,5],"texture":"#white_wool"},"up":{"uv":[11,9,11,10],"texture":"#white_wool"},"north":{"uv":[5,4,5,5],"texture":"#white_wool"},"south":{"uv":[5,4,5,5],"texture":"#white_wool"},"west":{"uv":[5,4,5,5],"texture":"#white_wool"},"east":{"uv":[5,4,5,5],"texture":"#white_wool"}}},{"from":[8,3.688,7.602],"to":[9.392,4.329,8.501999],"faces":{"down":{"uv":[5,4,5,5],"texture":"#gray_wool"},"up":{"uv":[4,4,4,5],"texture":"#gray_wool"},"north":{"uv":[5,4,5,5],"texture":"#gray_wool"},"south":{"uv":[5,4,5,5],"texture":"#gray_wool"},"west":{"uv":[5,4,5,5],"texture":"#gray_wool"},"east":{"uv":[5,4,5,5],"texture":"#gray_wool"}}},{"from":[1.7,8.45,7.715],"to":[1.9,8.55,8.385],"faces":{"down":{"uv":[5,4,5,5],"texture":"#gray_wool"},"up":{"uv":[11,9,11,10],"texture":"#gray_wool"},"north":{"uv":[5,4,5,5],"texture":"#gray_wool"},"south":{"uv":[5,4,5,5],"texture":"#gray_wool"},"west":{"uv":[5,4,5,5],"texture":"#gray_wool"},"east":{"uv":[5,4,5,5],"texture":"#gray_wool"}}},{"from":[2.1,8.45,7.715],"to":[2.3,8.55,8.385],"faces":{"down":{"uv":[5,4,5,5],"texture":"#gray_wool"},"up":{"uv":[11,9,11,10],"texture":"#gray_wool"},"north":{"uv":[5,4,5,5],"texture":"#gray_wool"},"south":{"uv":[5,4,5,5],"texture":"#gray_wool"},"west":{"uv":[5,4,5,5],"texture":"#gray_wool"},"east":{"uv":[5,4,5,5],"texture":"#gray_wool"}}},{"from":[2.5,8.45,7.715],"to":[2.7,8.55,8.385],"faces":{"down":{"uv":[5,4,5,5],"texture":"#gray_wool"},"up":{"uv":[11,9,11,10],"texture":"#gray_wool"},"north":{"uv":[5,4,5,5],"texture":"#gray_wool"},"south":{"uv":[5,4,5,5],"texture":"#gray_wool"},"west":{"uv":[5,4,5,5],"texture":"#gray_wool"},"east":{"uv":[5,4,5,5],"texture":"#gray_wool"}}},{"from":[2.9,8.45,7.715],"to":[3.1,8.55,8.385],"faces":{"down":{"uv":[5,4,5,5],"texture":"#gray_wool"},"up":{"uv":[11,9,11,10],"texture":"#gray_wool"},"north":{"uv":[5,4,5,5],"texture":"#gray_wool"},"south":{"uv":[5,4,5,5],"texture":"#gray_wool"},"west":{"uv":[5,4,5,5],"texture":"#gray_wool"},"east":{"uv":[5,4,5,5],"texture":"#gray_wool"}}},{"from":[3.3,8.45,7.715],"to":[3.5,8.55,8.385],"faces":{"down":{"uv":[5,4,5,5],"texture":"#gray_wool"},"up":{"uv":[11,9,11,10],"texture":"#gray_wool"},"north":{"uv":[5,4,5,5],"texture":"#gray_wool"},"south":{"uv":[5,4,5,5],"texture":"#gray_wool"},"west":{"uv":[5,4,5,5],"texture":"#gray_wool"},"east":{"uv":[5,4,5,5],"texture":"#gray_wool"}}},{"from":[3.7,8.45,7.715],"to":[3.9,8.55,8.385],"faces":{"down":{"uv":[5,4,5,5],"texture":"#gray_wool"},"up":{"uv":[11,9,11,10],"texture":"#gray_wool"},"north":{"uv":[5,4,5,5],"texture":"#gray_wool"},"south":{"uv":[5,4,5,5],"texture":"#gray_wool"},"west":{"uv":[5,4,5,5],"texture":"#gray_wool"},"east":{"uv":[5,4,5,5],"texture":"#gray_wool"}}},{"from":[1.3,7.292,7.63],"to":[5.3,7.342,8.469999],"faces":{"down":{"uv":[5,4,5,5],"texture":"#gray_wool"},"up":{"uv":[4,4,4,5],"texture":"#gray_wool"},"north":{"uv":[5,4,5,5],"texture":"#gray_wool"},"south":{"uv":[5,4,5,5],"texture":"#gray_wool"},"west":{"uv":[5,4,5,5],"texture":"#gray_wool"},"east":{"uv":[5,4,5,5],"texture":"#gray_wool"}}},{"from":[1.3,7.192,7.63],"to":[1.5,7.292,8.469999],"faces":{"down":{"uv":[5,4,5,5],"texture":"#gray_wool"},"up":{"uv":[4,4,4,5],"texture":"#gray_wool"},"north":{"uv":[5,4,5,5],"texture":"#gray_wool"},"south":{"uv":[5,4,5,5],"texture":"#gray_wool"},"west":{"uv":[5,4,5,5],"texture":"#gray_wool"},"east":{"uv":[5,4,5,5],"texture":"#gray_wool"}}},{"from":[1.7,7.192,7.63],"to":[1.9,7.292,8.469999],"faces":{"down":{"uv":[5,4,5,5],"texture":"#gray_wool"},"up":{"uv":[4,4,4,5],"texture":"#gray_wool"},"north":{"uv":[5,4,5,5],"texture":"#gray_wool"},"south":{"uv":[5,4,5,5],"texture":"#gray_wool"},"west":{"uv":[5,4,5,5],"texture":"#gray_wool"},"east":{"uv":[5,4,5,5],"texture":"#gray_wool"}}},{"from":[2.1,7.192,7.63],"to":[2.3,7.292,8.469999],"faces":{"down":{"uv":[5,4,5,5],"texture":"#gray_wool"},"up":{"uv":[4,4,4,5],"texture":"#gray_wool"},"north":{"uv":[5,4,5,5],"texture":"#gray_wool"},"south":{"uv":[5,4,5,5],"texture":"#gray_wool"},"west":{"uv":[5,4,5,5],"texture":"#gray_wool"},"east":{"uv":[5,4,5,5],"texture":"#gray_wool"}}},{"from":[2.5,7.192,7.63],"to":[2.7,7.292,8.469999],"faces":{"down":{"uv":[5,4,5,5],"texture":"#gray_wool"},"up":{"uv":[4,4,4,5],"texture":"#gray_wool"},"north":{"uv":[5,4,5,5],"texture":"#gray_wool"},"south":{"uv":[5,4,5,5],"texture":"#gray_wool"},"west":{"uv":[5,4,5,5],"texture":"#gray_wool"},"east":{"uv":[5,4,5,5],"texture":"#gray_wool"}}},{"from":[2.9,7.192,7.63],"to":[3.1,7.292,8.469999],"faces":{"down":{"uv":[5,4,5,5],"texture":"#gray_wool"},"up":{"uv":[4,4,4,5],"texture":"#gray_wool"},"north":{"uv":[5,4,5,5],"texture":"#gray_wool"},"south":{"uv":[5,4,5,5],"texture":"#gray_wool"},"west":{"uv":[5,4,5,5],"texture":"#gray_wool"},"east":{"uv":[5,4,5,5],"texture":"#gray_wool"}}},{"from":[3.3,7.192,7.63],"to":[3.5,7.292,8.469999],"faces":{"down":{"uv":[5,4,5,5],"texture":"#gray_wool"},"up":{"uv":[4,4,4,5],"texture":"#gray_wool"},"north":{"uv":[5,4,5,5],"texture":"#gray_wool"},"south":{"uv":[5,4,5,5],"texture":"#gray_wool"},"west":{"uv":[5,4,5,5],"texture":"#gray_wool"},"east":{"uv":[5,4,5,5],"texture":"#gray_wool"}}},{"from":[3.7,7.192,7.63],"to":[3.9,7.292,8.469999],"faces":{"down":{"uv":[5,4,5,5],"texture":"#gray_wool"},"up":{"uv":[4,4,4,5],"texture":"#gray_wool"},"north":{"uv":[5,4,5,5],"texture":"#gray_wool"},"south":{"uv":[5,4,5,5],"texture":"#gray_wool"},"west":{"uv":[5,4,5,5],"texture":"#gray_wool"},"east":{"uv":[5,4,5,5],"texture":"#gray_wool"}}},{"from":[4.1,7.192,7.63],"to":[5.3,7.292,8.469999],"faces":{"down":{"uv":[5,4,5,5],"texture":"#gray_wool"},"up":{"uv":[4,4,4,5],"texture":"#gray_wool"},"north":{"uv":[5,4,5,5],"texture":"#gray_wool"},"south":{"uv":[5,4,5,5],"texture":"#gray_wool"},"west":{"uv":[5,4,5,5],"texture":"#gray_wool"},"east":{"uv":[5,4,5,5],"texture":"#gray_wool"}}},{"from":[0.5,8.4,7.715],"to":[5,8.45,8.385],"faces":{"down":{"uv":[5,4,5,5],"texture":"#gray_wool"},"up":{"uv":[11,9,11,10],"texture":"#gray_wool"},"north":{"uv":[5,4,5,5],"texture":"#gray_wool"},"south":{"uv":[5,4,5,5],"texture":"#gray_wool"},"west":{"uv":[5,4,5,5],"texture":"#gray_wool"},"east":{"uv":[5,4,5,5],"texture":"#gray_wool"}}}],"display":{"thirdperson_righthand":{"rotation":[0,270,0],"translation":[0,0.7,1.9],"scale":[0.95,0.95,0.95]},"thirdperson_lefthand":{"rotation":[0,90,0],"translation":[0,0.7,1.9],"scale":[0.95,0.95,0.95]},"firstperson_righthand":{"rotation":[0,269,360],"translation":[-3.523,6.475,5.4723],"scale":[0.78,0.78,0.78]},"firstperson_lefthand":{"rotation":[0,90,360],"translation":[-4.57,6.1,6.63],"scale":[0.78,0.78,0.78]},"gui":{"rotation":[-180,180,145],"translation":[3.613,-1.21,0],"scale":[1.5,1.5,1.5]},"head":{"rotation":[0,180,0],"translation":[0,13,7]},"ground":{"rotation":[103,-13,7],"translation":[0,2,0],"scale":[0.6,0.6,0.6]},"fixed":{"rotation":[0,180,0]}}}
