{"__comment":"designed_by_yom_with_cubik_studio_-_https://cubik.studio","textures":{"particle":"customblock/wool_colored_light_black","texture":"custom/spas","1":"customblock/wool_colored_light_black"},"elements":[{"__comment":"element","from":[26.75,7.875,2.25],"to":[27.875,8.25,2.625],"faces":{"south":{"uv":[5.75,9.5625,5.9375,9.625],"texture":"#texture","cullface":"east"},"east":{"uv":[11.875,9.4375,11.9375,9.5],"texture":"#texture","cullface":"east"}}},{"__comment":"element","from":[12.875,11.25,3],"to":[14.75,11.625,3.375],"faces":{"up":{"uv":[1.875,6,1.9375,6.3125],"texture":"#texture","rotation":270},"south":{"uv":[4.625,9.375,4.9375,9.4375],"texture":"#texture"},"east":{"uv":[1.0625,8.6875,1.125,8.75],"texture":"#texture"}}},{"__comment":"element","from":[18.875,9,0.75],"to":[20,9.375,1.125],"faces":{"north":{"uv":[8.75,9.5625,8.9375,9.625],"texture":"#texture","cullface":"east"}}},{"__comment":"element","from":[6.125,11.25,1.875],"to":[6.875,11.625,2.625],"faces":{"west":{"uv":[12.875,6.375,13,6.4375],"texture":"#texture"}}},{"__comment":"element","from":[21.875,9.375,0.75],"to":[23,9.75,1.125],"faces":{"north":{"uv":[7.5,8.1875,7.6875,8.25],"texture":"#texture","cullface":"east"}}},{"__comment":"element","from":[21.875,10.875,0.75],"to":[25.25,11.25,1.125],"faces":{"east":{"uv":[6,9.5625,6.0625,9.625],"texture":"#texture","cullface":"east"}}},{"__comment":"element","from":[28.25,0.75,1.5],"to":[31.25,1.125,1.875],"faces":{"west":{"uv":[7.3125,9.5625,7.375,9.625],"texture":"#texture","cullface":"east"}}},{"__comment":"element","from":[11,10.875,3],"to":[12.5,11.25,3.375],"faces":{"south":{"uv":[6.25,9.5,6.5,9.5625],"texture":"#texture"}}},{"__comment":"element","from":[28.25,7.5,1.875],"to":[30.5,7.875,2.25],"faces":{"west":{"uv":[6.375,9.5625,6.4375,9.625],"texture":"#texture","cullface":"east"}}},{"__comment":"element","from":[28.25,7.875,1.5],"to":[30.125,8.25,1.875],"faces":{"west":{"uv":[7.5,7.375,7.5625,7.4375],"texture":"#texture","cullface":"east"}}},{"__comment":"element","from":[11.75,10.5,3],"to":[14.75,10.875,3.375],"faces":{"south":{"uv":[10.5,9.125,11,9.1875],"texture":"#texture"},"east":{"uv":[7.5625,9.25,7.625,9.3125],"texture":"#texture"}}},{"__comment":"element","from":[27.5,4.125,1.5],"to":[28.25,4.5,1.875],"faces":{"west":{"uv":[12.125,6,12.1875,6.0625],"texture":"#texture","cullface":"east"}}},{"__comment":"element","from":[24.125,9.75,2.625],"to":[26.375,10.125,3],"faces":{"down":{"uv":[0.8125,6,0.875,6.375],"texture":"#texture","cullface":"east","rotation":270},"south":{"uv":[11.625,9.3125,12,9.375],"texture":"#texture","cullface":"east"},"west":{"uv":[10.8125,6.375,10.875,6.4375],"texture":"#texture","cullface":"east"}}},{"__comment":"element","from":[24.875,7.875,1.125],"to":[27.875,8.25,1.5],"faces":{"east":{"uv":[7.5,7.375,7.5625,7.4375],"texture":"#texture","cullface":"east"}}},{"__comment":"element","from":[11.75,10.5,2.625],"to":[15.125,10.875,3],"faces":{"south":{"uv":[11.9375,9.0625,12.5,9.125],"texture":"#texture"},"east":{"uv":[13.125,8.875,13.1875,8.9375],"texture":"#texture"}}},{"__comment":"element","from":[27.875,3,1.5],"to":[29.375,3.375,1.875],"faces":{"west":{"uv":[2.375,9.375,2.4375,9.4375],"texture":"#texture","cullface":"east"}}},{"__comment":"element","from":[6.125,11.625,2.25],"to":[10.25,12,2.625],"faces":{"west":{"uv":[12.625,9.4375,12.6875,9.5],"texture":"#texture"}}},{"__comment":"element","from":[12.5,10.875,3],"to":[14.75,11.25,3.375],"faces":{"south":{"uv":[0.375,9.375,0.75,9.4375],"texture":"#texture"},"east":{"uv":[12.125,6,12.1875,6.0625],"texture":"#texture"}}},{"__comment":"element","from":[-4,7.5,0],"to":[15,11.7,3.4],"faces":{"down":{"uv":[7,5,13.044,8.522],"texture":"#1"},"up":{"uv":[7,5,13.044,8.522],"texture":"#1"},"north":{"uv":[7,5,13.044,8.522],"texture":"#1"},"south":{"uv":[7,5,13.044,8.522],"texture":"#1"},"west":{"uv":[7,5,13.044,8.522],"texture":"#1"},"east":{"uv":[7,5,13.044,8.522],"texture":"#1"}}},{"__comment":"element","from":[-4.2,7.7,0.3],"to":[-4,11.5,3.1],"faces":{"down":{"uv":[6,0,13.044,3.522],"texture":"#1"},"up":{"uv":[6,0,13.044,3.522],"texture":"#1"},"north":{"uv":[6,0,13.044,3.522],"texture":"#1"},"south":{"uv":[6,0,13.044,3.522],"texture":"#1"},"west":{"uv":[6,0,13.044,3.522],"texture":"#1"},"east":{"uv":[6,0,13.044,3.522],"texture":"#1"}}},{"__comment":"element","from":[6,10.5,2.7],"to":[20,12,3.4],"faces":{"down":{"uv":[6,0,13.044,3.522],"texture":"#1"},"up":{"uv":[6,0,13.044,3.522],"texture":"#1"},"north":{"uv":[6,0,13.044,3.522],"texture":"#1"},"south":{"uv":[6,0,13.044,3.522],"texture":"#1"},"west":{"uv":[6,0,13.044,3.522],"texture":"#1"},"east":{"uv":[6,0,13.044,3.522],"texture":"#1"}}},{"__comment":"element","from":[5.85,11.5,0.7],"to":[11.85,13.7,1.1],"faces":{"down":{"uv":[6,0,13.044,3.522],"texture":"#1"},"up":{"uv":[6,0,13.044,3.522],"texture":"#1"},"north":{"uv":[6,0,13.044,3.522],"texture":"#1"},"south":{"uv":[6,0,13.044,3.522],"texture":"#1"},"west":{"uv":[6,0,13.044,3.522],"texture":"#1"},"east":{"uv":[6,0,13.044,3.522],"texture":"#1"}}},{"__comment":"element","from":[5.85,11.5,2.29],"to":[11.85,13.7,2.7],"faces":{"down":{"uv":[6,0,13.044,3.522],"texture":"#1"},"up":{"uv":[6,0,13.044,3.522],"texture":"#1"},"north":{"uv":[6,0,13.044,3.522],"texture":"#1"},"south":{"uv":[6,0,13.044,3.522],"texture":"#1"},"west":{"uv":[6,0,13.044,3.522],"texture":"#1"},"east":{"uv":[6,0,13.044,3.522],"texture":"#1"}}},{"__comment":"element","from":[5.85,11.5,0.7],"to":[11.85,12.05,2.7],"faces":{"down":{"uv":[6,0,13.044,3.522],"texture":"#1"},"up":{"uv":[6,0,13.044,3.522],"texture":"#1"},"north":{"uv":[6,0,13.044,3.522],"texture":"#1"},"south":{"uv":[6,0,13.044,3.522],"texture":"#1"},"west":{"uv":[6,0,13.044,3.522],"texture":"#1"},"east":{"uv":[6,0,13.044,3.522],"texture":"#1"}}},{"__comment":"element","from":[5.85,13.15,0.7],"to":[11.85,13.95,2.7],"faces":{"down":{"uv":[6,0,13.044,3.522],"texture":"#1"},"up":{"uv":[6,0,13.044,3.522],"texture":"#1"},"north":{"uv":[6,0,13.044,3.522],"texture":"#1"},"south":{"uv":[6,0,13.044,3.522],"texture":"#1"},"west":{"uv":[6,0,13.044,3.522],"texture":"#1"},"east":{"uv":[6,0,13.044,3.522],"texture":"#1"}}},{"__comment":"element","from":[5.85,12.9,0.5],"to":[11.85,13.2,1.1],"rotation":{"origin":[9,13.5,1],"axis":"x","angle":-45},"faces":{"down":{"uv":[6,0,13.044,3.522],"texture":"#1"},"up":{"uv":[6,0,13.044,3.522],"texture":"#1"},"north":{"uv":[6,0,13.044,3.522],"texture":"#1"},"south":{"uv":[6,0,13.044,3.522],"texture":"#1"},"west":{"uv":[6,0,13.044,3.522],"texture":"#1"},"east":{"uv":[6,0,13.044,3.522],"texture":"#1"}}},{"__comment":"element","from":[5.85,11.55,0.6],"to":[11.85,11.85,1.2],"rotation":{"origin":[9,13.5,1],"axis":"x","angle":-45},"faces":{"down":{"uv":[6,0,13.044,3.522],"texture":"#1"},"up":{"uv":[6,0,13.044,3.522],"texture":"#1"},"north":{"uv":[6,0,13.044,3.522],"texture":"#1"},"south":{"uv":[6,0,13.044,3.522],"texture":"#1"},"west":{"uv":[6,0,13.044,3.522],"texture":"#1"},"east":{"uv":[6,0,13.044,3.522],"texture":"#1"}}},{"__comment":"element","from":[5.85,12.1,0.05],"to":[11.85,12.7,0.35],"rotation":{"origin":[9,13.5,1],"axis":"x","angle":-45},"faces":{"down":{"uv":[6,0,13.044,3.522],"texture":"#1"},"up":{"uv":[6,0,13.044,3.522],"texture":"#1","rotation":180},"north":{"uv":[6,0,13.044,3.522],"texture":"#1","rotation":180},"south":{"uv":[6,0,13.044,3.522],"texture":"#1"},"west":{"uv":[6,0,13.044,3.522],"texture":"#1","rotation":90},"east":{"uv":[6,0,13.044,3.522],"texture":"#1","rotation":270}}},{"__comment":"element","from":[5.85,12,1.4],"to":[11.85,12.6,1.7],"rotation":{"origin":[9,13.5,1],"axis":"x","angle":-45},"faces":{"down":{"uv":[6,0,13.044,3.522],"texture":"#1"},"up":{"uv":[6,0,13.044,3.522],"texture":"#1","rotation":180},"north":{"uv":[6,0,13.044,3.522],"texture":"#1","rotation":180},"south":{"uv":[6,0,13.044,3.522],"texture":"#1"},"west":{"uv":[6,0,13.044,3.522],"texture":"#1","rotation":90},"east":{"uv":[6,0,13.044,3.522],"texture":"#1","rotation":270}}},{"__comment":"element","from":[-3.85,11.5,0.3],"to":[5.949999,11.8,3.1],"faces":{"down":{"uv":[4.5,6.5,6.066,8.066],"texture":"#1"},"up":{"uv":[4.5,6.5,6.066,8.066],"texture":"#1"},"north":{"uv":[4.5,6.5,6.066,8.066],"texture":"#1"},"south":{"uv":[4.5,6.5,6.066,8.066],"texture":"#1"},"west":{"uv":[4.5,6.5,6.066,8.066],"texture":"#1"},"east":{"uv":[4.5,6.5,6.066,8.066],"texture":"#1"}}},{"__comment":"element","from":[-3.5,7.3,0.3],"to":[14.5,7.599998,3.1],"faces":{"down":{"uv":[4.5,6.5,6.066,8.066],"texture":"#1"},"up":{"uv":[4.5,6.5,6.066,8.066],"texture":"#1"},"north":{"uv":[4.5,6.5,6.066,8.066],"texture":"#1"},"south":{"uv":[4.5,6.5,6.066,8.066],"texture":"#1"},"west":{"uv":[4.5,6.5,6.066,8.066],"texture":"#1"},"east":{"uv":[4.5,6.5,6.066,8.066],"texture":"#1"}}},{"__comment":"element","from":[-2,6.9,0.3],"to":[3,7.3,3.1],"faces":{"down":{"uv":[4.5,6.5,6.066,8.066],"texture":"#1"},"up":{"uv":[4.5,6.5,6.066,8.066],"texture":"#1"},"north":{"uv":[4.5,6.5,6.066,8.066],"texture":"#1"},"south":{"uv":[4.5,6.5,6.066,8.066],"texture":"#1"},"west":{"uv":[4.5,6.5,6.066,8.066],"texture":"#1"},"east":{"uv":[4.5,6.5,6.066,8.066],"texture":"#1"}}},{"__comment":"element","from":[15,7.7,0.2],"to":[28.5,10.5,3.2],"faces":{"down":{"uv":[10,1,16,4.521999],"texture":"#1"},"up":{"uv":[10,1,16,4.521999],"texture":"#1"},"north":{"uv":[10,1,16,4.521999],"texture":"#1"},"south":{"uv":[10,1,16,4.521999],"texture":"#1"},"west":{"uv":[10,1,16,4.521999],"texture":"#1"},"east":{"uv":[10,1,16,4.521999],"texture":"#1"}}},{"__comment":"element","from":[20.59,6.28,1.3],"to":[22.59,9.08,2.3],"rotation":{"origin":[22.5,7,2],"axis":"z","angle":-22.5},"faces":{"down":{"uv":[10,1,16,4.521999],"texture":"#1"},"up":{"uv":[10,1,16,4.521999],"texture":"#1"},"north":{"uv":[10,1,16,4.521999],"texture":"#1"},"south":{"uv":[10,1,16,4.521999],"texture":"#1"},"west":{"uv":[10,1,16,4.521999],"texture":"#1"},"east":{"uv":[10,1,16,4.521999],"texture":"#1"}}},{"__comment":"element","from":[20,5.6,1.3],"to":[21,8.4,2.3],"rotation":{"origin":[22.5,7,2],"axis":"z","angle":-45},"faces":{"down":{"uv":[10,1,16,4.521999],"texture":"#1"},"up":{"uv":[10,1,16,4.521999],"texture":"#1"},"north":{"uv":[10,1,16,4.521999],"texture":"#1"},"south":{"uv":[10,1,16,4.521999],"texture":"#1"},"west":{"uv":[10,1,16,4.521999],"texture":"#1"},"east":{"uv":[10,1,16,4.521999],"texture":"#1"}}},{"__comment":"element","from":[23.1,6.5,1.3],"to":[25.3,7,2.3],"rotation":{"origin":[22.5,7,2],"axis":"z","angle":-22.5},"faces":{"down":{"uv":[10,1,16,4.521999],"texture":"#1","rotation":270},"up":{"uv":[10,1,16,4.521999],"texture":"#1","rotation":270},"north":{"uv":[10,1,16,4.521999],"texture":"#1","rotation":90},"south":{"uv":[10,1,16,4.521999],"texture":"#1","rotation":270},"west":{"uv":[10,1,16,4.521999],"texture":"#1","rotation":90},"east":{"uv":[10,1,16,4.521999],"texture":"#1","rotation":270}}},{"__comment":"element","from":[24.1,4.7,1.3],"to":[26.6,5.2,2.3],"rotation":{"origin":[22.5,7,2],"axis":"z","angle":22.5},"faces":{"down":{"uv":[10,1,16,4.521999],"texture":"#1","rotation":270},"up":{"uv":[10,1,16,4.521999],"texture":"#1","rotation":270},"north":{"uv":[10,1,16,4.521999],"texture":"#1","rotation":90},"south":{"uv":[10,1,16,4.521999],"texture":"#1","rotation":270},"west":{"uv":[10,1,16,4.521999],"texture":"#1","rotation":90},"east":{"uv":[10,1,16,4.521999],"texture":"#1","rotation":270}}},{"__comment":"element","from":[26,-0.85,0.09999999],"to":[30.2,6.65,3.3],"rotation":{"origin":[22.5,7,2],"axis":"z","angle":22.5},"faces":{"down":{"uv":[10,1,16,4.521999],"texture":"#1","rotation":270},"up":{"uv":[10,1,16,4.521999],"texture":"#1","rotation":270},"north":{"uv":[10,1,16,4.521999],"texture":"#1","rotation":90},"south":{"uv":[10,1,16,4.521999],"texture":"#1","rotation":270},"west":{"uv":[10,1,16,4.521999],"texture":"#1","rotation":90},"east":{"uv":[10,1,16,4.521999],"texture":"#1","rotation":270}}},{"__comment":"element","from":[27.4,6,0.09999999],"to":[29.4,10,3.3],"faces":{"down":{"uv":[10,1,16,4.521999],"texture":"#1","rotation":270},"up":{"uv":[10,1,16,4.521999],"texture":"#1","rotation":270},"north":{"uv":[10,1,16,4.521999],"texture":"#1","rotation":90},"south":{"uv":[10,1,16,4.521999],"texture":"#1","rotation":270},"west":{"uv":[10,1,16,4.521999],"texture":"#1","rotation":90},"east":{"uv":[10,1,16,4.521999],"texture":"#1","rotation":270}}},{"__comment":"element","from":[22.3,6.29,1.3],"to":[23.3,9.09,2.3],"faces":{"down":{"uv":[10,1,16,4.521999],"texture":"#1"},"up":{"uv":[10,1,16,4.521999],"texture":"#1"},"north":{"uv":[10,1,16,4.521999],"texture":"#1"},"south":{"uv":[10,1,16,4.521999],"texture":"#1"},"west":{"uv":[10,1,16,4.521999],"texture":"#1"},"east":{"uv":[10,1,16,4.521999],"texture":"#1"}}},{"__comment":"element","from":[19.65,10.9,2.7],"to":[20.65,13.9,3.3],"rotation":{"origin":[21.5,12,3],"axis":"z","angle":22.5},"faces":{"down":{"uv":[6,0,13.044,3.522],"texture":"#1"},"up":{"uv":[6,0,13.044,3.522],"texture":"#1"},"north":{"uv":[6,0,13.044,3.522],"texture":"#1"},"south":{"uv":[6,0,13.044,3.522],"texture":"#1"},"west":{"uv":[6,0,13.044,3.522],"texture":"#1"},"east":{"uv":[6,0,13.044,3.522],"texture":"#1"}}},{"__comment":"element","from":[19.65,10.9,0.095],"to":[20.65,13.9,0.6950002],"rotation":{"origin":[21.5,12,3],"axis":"z","angle":22.5},"faces":{"down":{"uv":[6,0,13.044,3.522],"texture":"#1"},"up":{"uv":[6,0,13.044,3.522],"texture":"#1"},"north":{"uv":[6,0,13.044,3.522],"texture":"#1"},"south":{"uv":[6,0,13.044,3.522],"texture":"#1"},"west":{"uv":[6,0,13.044,3.522],"texture":"#1"},"east":{"uv":[6,0,13.044,3.522],"texture":"#1"}}},{"__comment":"element","from":[6,12.8,2.7],"to":[20,13.6,3.4],"faces":{"down":{"uv":[6,0,13.044,3.522],"texture":"#1"},"up":{"uv":[6,0,13.044,3.522],"texture":"#1"},"north":{"uv":[6,0,13.044,3.522],"texture":"#1"},"south":{"uv":[6,0,13.044,3.522],"texture":"#1"},"west":{"uv":[6,0,13.044,3.522],"texture":"#1"},"east":{"uv":[6,0,13.044,3.522],"texture":"#1"}}},{"__comment":"element","from":[6,11.5,2.7],"to":[12.5,13,3.4],"faces":{"down":{"uv":[6,0,13.044,3.522],"texture":"#1"},"up":{"uv":[6,0,13.044,3.522],"texture":"#1"},"north":{"uv":[6,0,13.044,3.522],"texture":"#1"},"south":{"uv":[6,0,13.044,3.522],"texture":"#1"},"west":{"uv":[6,0,13.044,3.522],"texture":"#1"},"east":{"uv":[6,0,13.044,3.522],"texture":"#1"}}},{"__comment":"element","from":[14,12,2.7],"to":[14.4,12.8,3.4],"faces":{"down":{"uv":[6,0,13.044,3.522],"texture":"#1"},"up":{"uv":[6,0,13.044,3.522],"texture":"#1"},"north":{"uv":[6,0,13.044,3.522],"texture":"#1"},"south":{"uv":[6,0,13.044,3.522],"texture":"#1"},"west":{"uv":[6,0,13.044,3.522],"texture":"#1"},"east":{"uv":[6,0,13.044,3.522],"texture":"#1"}}},{"__comment":"element","from":[17.6,12,2.7],"to":[18,12.8,3.4],"faces":{"down":{"uv":[6,0,13.044,3.522],"texture":"#1"},"up":{"uv":[6,0,13.044,3.522],"texture":"#1"},"north":{"uv":[6,0,13.044,3.522],"texture":"#1"},"south":{"uv":[6,0,13.044,3.522],"texture":"#1"},"west":{"uv":[6,0,13.044,3.522],"texture":"#1"},"east":{"uv":[6,0,13.044,3.522],"texture":"#1"}}},{"__comment":"element","from":[15.8,12,2.7],"to":[16.2,12.8,3.4],"faces":{"down":{"uv":[6,0,13.044,3.522],"texture":"#1"},"up":{"uv":[6,0,13.044,3.522],"texture":"#1"},"north":{"uv":[6,0,13.044,3.522],"texture":"#1"},"south":{"uv":[6,0,13.044,3.522],"texture":"#1"},"west":{"uv":[6,0,13.044,3.522],"texture":"#1"},"east":{"uv":[6,0,13.044,3.522],"texture":"#1"}}},{"__comment":"element","from":[6,10.5,0],"to":[20,12,0.7],"faces":{"down":{"uv":[6,0,13.044,3.522],"texture":"#1"},"up":{"uv":[6,0,13.044,3.522],"texture":"#1"},"north":{"uv":[6,0,13.044,3.522],"texture":"#1"},"south":{"uv":[6,0,13.044,3.522],"texture":"#1"},"west":{"uv":[6,0,13.044,3.522],"texture":"#1"},"east":{"uv":[6,0,13.044,3.522],"texture":"#1"}}},{"__comment":"element","from":[6,12.8,0],"to":[20,13.6,0.7],"faces":{"down":{"uv":[6,0,13.044,3.522],"texture":"#1"},"up":{"uv":[6,0,13.044,3.522],"texture":"#1"},"north":{"uv":[6,0,13.044,3.522],"texture":"#1"},"south":{"uv":[6,0,13.044,3.522],"texture":"#1"},"west":{"uv":[6,0,13.044,3.522],"texture":"#1"},"east":{"uv":[6,0,13.044,3.522],"texture":"#1"}}},{"__comment":"element","from":[17.6,12,0],"to":[18,12.8,0.7],"faces":{"down":{"uv":[6,0,13.044,3.522],"texture":"#1"},"up":{"uv":[6,0,13.044,3.522],"texture":"#1"},"north":{"uv":[6,0,13.044,3.522],"texture":"#1"},"south":{"uv":[6,0,13.044,3.522],"texture":"#1"},"west":{"uv":[6,0,13.044,3.522],"texture":"#1"},"east":{"uv":[6,0,13.044,3.522],"texture":"#1"}}},{"__comment":"element","from":[15.8,12,0],"to":[16.2,12.8,0.7],"faces":{"down":{"uv":[6,0,13.044,3.522],"texture":"#1"},"up":{"uv":[6,0,13.044,3.522],"texture":"#1"},"north":{"uv":[6,0,13.044,3.522],"texture":"#1"},"south":{"uv":[6,0,13.044,3.522],"texture":"#1"},"west":{"uv":[6,0,13.044,3.522],"texture":"#1"},"east":{"uv":[6,0,13.044,3.522],"texture":"#1"}}},{"__comment":"element","from":[14,12,0],"to":[14.4,12.8,0.7],"faces":{"down":{"uv":[6,0,13.044,3.522],"texture":"#1"},"up":{"uv":[6,0,13.044,3.522],"texture":"#1"},"north":{"uv":[6,0,13.044,3.522],"texture":"#1"},"south":{"uv":[6,0,13.044,3.522],"texture":"#1"},"west":{"uv":[6,0,13.044,3.522],"texture":"#1"},"east":{"uv":[6,0,13.044,3.522],"texture":"#1"}}},{"__comment":"element","from":[6,11.5,0],"to":[12.5,13,0.7],"faces":{"down":{"uv":[6,0,13.044,3.522],"texture":"#1"},"up":{"uv":[6,0,13.044,3.522],"texture":"#1"},"north":{"uv":[6,0,13.044,3.522],"texture":"#1"},"south":{"uv":[6,0,13.044,3.522],"texture":"#1"},"west":{"uv":[6,0,13.044,3.522],"texture":"#1"},"east":{"uv":[6,0,13.044,3.522],"texture":"#1"}}},{"__comment":"element","from":[-3.85,11.7,0.95],"to":[-3.35,12,2.45],"faces":{"down":{"uv":[4.5,6.5,6.066,8.066],"texture":"#1"},"up":{"uv":[4.5,6.5,6.066,8.066],"texture":"#1"},"north":{"uv":[4.5,6.5,6.066,8.066],"texture":"#1"},"south":{"uv":[4.5,6.5,6.066,8.066],"texture":"#1"},"west":{"uv":[4.5,6.5,6.066,8.066],"texture":"#1"},"east":{"uv":[4.5,6.5,6.066,8.066],"texture":"#1"}}},{"__comment":"element","from":[-3,11.7,0.95],"to":[-2.5,12,2.45],"faces":{"down":{"uv":[4.5,6.5,6.066,8.066],"texture":"#1"},"up":{"uv":[4.5,6.5,6.066,8.066],"texture":"#1"},"north":{"uv":[4.5,6.5,6.066,8.066],"texture":"#1"},"south":{"uv":[4.5,6.5,6.066,8.066],"texture":"#1"},"west":{"uv":[4.5,6.5,6.066,8.066],"texture":"#1"},"east":{"uv":[4.5,6.5,6.066,8.066],"texture":"#1"}}},{"__comment":"element","from":[-2.15,11.7,0.95],"to":[-1.65,12,2.45],"faces":{"down":{"uv":[4.5,6.5,6.066,8.066],"texture":"#1"},"up":{"uv":[4.5,6.5,6.066,8.066],"texture":"#1"},"north":{"uv":[4.5,6.5,6.066,8.066],"texture":"#1"},"south":{"uv":[4.5,6.5,6.066,8.066],"texture":"#1"},"west":{"uv":[4.5,6.5,6.066,8.066],"texture":"#1"},"east":{"uv":[4.5,6.5,6.066,8.066],"texture":"#1"}}},{"__comment":"element","from":[-1.3,11.7,0.95],"to":[-0.8,12,2.45],"faces":{"down":{"uv":[4.5,6.5,6.066,8.066],"texture":"#1"},"up":{"uv":[4.5,6.5,6.066,8.066],"texture":"#1"},"north":{"uv":[4.5,6.5,6.066,8.066],"texture":"#1"},"south":{"uv":[4.5,6.5,6.066,8.066],"texture":"#1"},"west":{"uv":[4.5,6.5,6.066,8.066],"texture":"#1"},"east":{"uv":[4.5,6.5,6.066,8.066],"texture":"#1"}}},{"__comment":"element","from":[-0.45,11.7,0.95],"to":[0.05000001,12,2.45],"faces":{"down":{"uv":[4.5,6.5,6.066,8.066],"texture":"#1"},"up":{"uv":[4.5,6.5,6.066,8.066],"texture":"#1"},"north":{"uv":[4.5,6.5,6.066,8.066],"texture":"#1"},"south":{"uv":[4.5,6.5,6.066,8.066],"texture":"#1"},"west":{"uv":[4.5,6.5,6.066,8.066],"texture":"#1"},"east":{"uv":[4.5,6.5,6.066,8.066],"texture":"#1"}}},{"__comment":"element","from":[0.4,11.7,0.95],"to":[0.9,12,2.45],"faces":{"down":{"uv":[4.5,6.5,6.066,8.066],"texture":"#1"},"up":{"uv":[4.5,6.5,6.066,8.066],"texture":"#1"},"north":{"uv":[4.5,6.5,6.066,8.066],"texture":"#1"},"south":{"uv":[4.5,6.5,6.066,8.066],"texture":"#1"},"west":{"uv":[4.5,6.5,6.066,8.066],"texture":"#1"},"east":{"uv":[4.5,6.5,6.066,8.066],"texture":"#1"}}},{"__comment":"element","from":[1.25,11.7,0.95],"to":[1.75,12,2.45],"faces":{"down":{"uv":[4.5,6.5,6.066,8.066],"texture":"#1"},"up":{"uv":[4.5,6.5,6.066,8.066],"texture":"#1"},"north":{"uv":[4.5,6.5,6.066,8.066],"texture":"#1"},"south":{"uv":[4.5,6.5,6.066,8.066],"texture":"#1"},"west":{"uv":[4.5,6.5,6.066,8.066],"texture":"#1"},"east":{"uv":[4.5,6.5,6.066,8.066],"texture":"#1"}}},{"__comment":"element","from":[2.1,11.7,0.95],"to":[2.6,12,2.45],"faces":{"down":{"uv":[4.5,6.5,6.066,8.066],"texture":"#1"},"up":{"uv":[4.5,6.5,6.066,8.066],"texture":"#1"},"north":{"uv":[4.5,6.5,6.066,8.066],"texture":"#1"},"south":{"uv":[4.5,6.5,6.066,8.066],"texture":"#1"},"west":{"uv":[4.5,6.5,6.066,8.066],"texture":"#1"},"east":{"uv":[4.5,6.5,6.066,8.066],"texture":"#1"}}},{"__comment":"element","from":[2.95,11.7,0.95],"to":[3.45,12,2.45],"faces":{"down":{"uv":[4.5,6.5,6.066,8.066],"texture":"#1"},"up":{"uv":[4.5,6.5,6.066,8.066],"texture":"#1"},"north":{"uv":[4.5,6.5,6.066,8.066],"texture":"#1"},"south":{"uv":[4.5,6.5,6.066,8.066],"texture":"#1"},"west":{"uv":[4.5,6.5,6.066,8.066],"texture":"#1"},"east":{"uv":[4.5,6.5,6.066,8.066],"texture":"#1"}}},{"__comment":"element","from":[3.8,11.7,0.95],"to":[4.3,12,2.45],"faces":{"down":{"uv":[4.5,6.5,6.066,8.066],"texture":"#1"},"up":{"uv":[4.5,6.5,6.066,8.066],"texture":"#1"},"north":{"uv":[4.5,6.5,6.066,8.066],"texture":"#1"},"south":{"uv":[4.5,6.5,6.066,8.066],"texture":"#1"},"west":{"uv":[4.5,6.5,6.066,8.066],"texture":"#1"},"east":{"uv":[4.5,6.5,6.066,8.066],"texture":"#1"}}},{"__comment":"element","from":[4.65,11.7,0.95],"to":[5.15,12,2.45],"faces":{"down":{"uv":[4.5,6.5,6.066,8.066],"texture":"#1"},"up":{"uv":[4.5,6.5,6.066,8.066],"texture":"#1"},"north":{"uv":[4.5,6.5,6.066,8.066],"texture":"#1"},"south":{"uv":[4.5,6.5,6.066,8.066],"texture":"#1"},"west":{"uv":[4.5,6.5,6.066,8.066],"texture":"#1"},"east":{"uv":[4.5,6.5,6.066,8.066],"texture":"#1"}}},{"__comment":"element","from":[5.5,11.7,0.95],"to":[6,12,2.45],"faces":{"down":{"uv":[4.5,6.5,6.066,8.066],"texture":"#1"},"up":{"uv":[4.5,6.5,6.066,8.066],"texture":"#1"},"north":{"uv":[4.5,6.5,6.066,8.066],"texture":"#1"},"south":{"uv":[4.5,6.5,6.066,8.066],"texture":"#1"},"west":{"uv":[4.5,6.5,6.066,8.066],"texture":"#1"},"east":{"uv":[4.5,6.5,6.066,8.066],"texture":"#1"}}},{"__comment":"element","from":[-16,10.2309,0.85],"to":[-4,10.56906,1.15],"rotation":{"origin":[-15,10.4,1.7],"axis":"x","angle":-45},"faces":{"down":{"uv":[0,0,0.522,0.5220003],"texture":"#1"},"up":{"uv":[0,0,0.522,0.5220003],"texture":"#1"},"north":{"uv":[0,0,0.522,0.5220003],"texture":"#1"},"south":{"uv":[0,0,0.522,0.5220003],"texture":"#1"},"west":{"uv":[0,0,0.522,0.5220003],"texture":"#1"},"east":{"uv":[0,0,0.522,0.5220003],"texture":"#1"}}},{"__comment":"element","from":[-16,10.2309,0.85],"to":[-4,10.56906,1.15],"rotation":{"origin":[-15,10.4,1.7],"axis":"x","angle":-22.5},"faces":{"down":{"uv":[0,0,0.522,0.5220003],"texture":"#1"},"up":{"uv":[0,0,0.522,0.5220003],"texture":"#1"},"north":{"uv":[0,0,0.522,0.5220003],"texture":"#1"},"south":{"uv":[0,0,0.522,0.5220003],"texture":"#1"},"west":{"uv":[0,0,0.522,0.5220003],"texture":"#1"},"east":{"uv":[0,0,0.522,0.5220003],"texture":"#1"}}},{"__comment":"element","from":[-16,10.2309,0.85],"to":[-4,10.56906,1.15],"faces":{"down":{"uv":[0,0,0.522,0.5220003],"texture":"#1"},"up":{"uv":[0,0,0.522,0.5220003],"texture":"#1"},"north":{"uv":[0,0,0.522,0.5220003],"texture":"#1"},"south":{"uv":[0,0,0.522,0.5220003],"texture":"#1"},"west":{"uv":[0,0,0.522,0.5220003],"texture":"#1"},"east":{"uv":[0,0,0.522,0.5220003],"texture":"#1"}}},{"__comment":"element","from":[-16,10.2309,0.85],"to":[-4,10.56906,1.15],"rotation":{"origin":[-15,10.4,1.7],"axis":"x","angle":22.5},"faces":{"down":{"uv":[0,0,0.522,0.5220003],"texture":"#1"},"up":{"uv":[0,0,0.522,0.5220003],"texture":"#1"},"north":{"uv":[0,0,0.522,0.5220003],"texture":"#1"},"south":{"uv":[0,0,0.522,0.5220003],"texture":"#1"},"west":{"uv":[0,0,0.522,0.5220003],"texture":"#1"},"east":{"uv":[0,0,0.522,0.5220003],"texture":"#1"}}},{"__comment":"element","from":[-16,10.2309,0.85],"to":[-4,10.56906,1.15],"rotation":{"origin":[-15,10.4,1.7],"axis":"x","angle":45},"faces":{"down":{"uv":[0,0,0.522,0.5220003],"texture":"#1"},"up":{"uv":[0,0,0.522,0.5220003],"texture":"#1"},"north":{"uv":[0,0,0.522,0.5220003],"texture":"#1"},"south":{"uv":[0,0,0.522,0.5220003],"texture":"#1"},"west":{"uv":[0,0,0.522,0.5220003],"texture":"#1"},"east":{"uv":[0,0,0.522,0.5220003],"texture":"#1"}}},{"__comment":"element","from":[-16,10.2309,2.25],"to":[-4,10.56906,2.55],"rotation":{"origin":[-15,10.4,1.7],"axis":"x","angle":-45},"faces":{"down":{"uv":[0,0,0.522,0.5220003],"texture":"#1"},"up":{"uv":[0,0,0.522,0.5220003],"texture":"#1"},"north":{"uv":[0,0,0.522,0.5220003],"texture":"#1"},"south":{"uv":[0,0,0.522,0.5220003],"texture":"#1"},"west":{"uv":[0,0,0.522,0.5220003],"texture":"#1"},"east":{"uv":[0,0,0.522,0.5220003],"texture":"#1"}}},{"__comment":"element","from":[-16,10.2309,2.25],"to":[-4,10.56906,2.55],"rotation":{"origin":[-15,10.4,1.7],"axis":"x","angle":-22.5},"faces":{"down":{"uv":[0,0,0.522,0.5220003],"texture":"#1"},"up":{"uv":[0,0,0.522,0.5220003],"texture":"#1"},"north":{"uv":[0,0,0.522,0.5220003],"texture":"#1"},"south":{"uv":[0,0,0.522,0.5220003],"texture":"#1"},"west":{"uv":[0,0,0.522,0.5220003],"texture":"#1"},"east":{"uv":[0,0,0.522,0.5220003],"texture":"#1"}}},{"__comment":"element","from":[-16,10.2309,2.25],"to":[-4,10.56906,2.55],"faces":{"down":{"uv":[0,0,0.522,0.5220003],"texture":"#1"},"up":{"uv":[0,0,0.522,0.5220003],"texture":"#1"},"north":{"uv":[0,0,0.522,0.5220003],"texture":"#1"},"south":{"uv":[0,0,0.522,0.5220003],"texture":"#1"},"west":{"uv":[0,0,0.522,0.5220003],"texture":"#1"},"east":{"uv":[0,0,0.522,0.5220003],"texture":"#1"}}},{"__comment":"element","from":[-16,10.2309,2.25],"to":[-4,10.56906,2.55],"rotation":{"origin":[-15,10.4,1.7],"axis":"x","angle":22.5},"faces":{"down":{"uv":[0,0,0.522,0.5220003],"texture":"#1"},"up":{"uv":[0,0,0.522,0.5220003],"texture":"#1"},"north":{"uv":[0,0,0.522,0.5220003],"texture":"#1"},"south":{"uv":[0,0,0.522,0.5220003],"texture":"#1"},"west":{"uv":[0,0,0.522,0.5220003],"texture":"#1"},"east":{"uv":[0,0,0.522,0.5220003],"texture":"#1"}}},{"__comment":"element","from":[-16,10.2309,2.25],"to":[-4,10.56906,2.55],"rotation":{"origin":[-15,10.4,1.7],"axis":"x","angle":45},"faces":{"down":{"uv":[0,0,0.522,0.5220003],"texture":"#1"},"up":{"uv":[0,0,0.522,0.5220003],"texture":"#1"},"north":{"uv":[0,0,0.522,0.5220003],"texture":"#1"},"south":{"uv":[0,0,0.522,0.5220003],"texture":"#1"},"west":{"uv":[0,0,0.522,0.5220003],"texture":"#1"},"east":{"uv":[0,0,0.522,0.5220003],"texture":"#1"}}},{"__comment":"element","from":[-16,9.55,1.5309],"to":[-4,9.85,1.86906],"rotation":{"origin":[-15,10.4,1.7],"axis":"x","angle":-22.5},"faces":{"down":{"uv":[0,0,0.522,0.5220003],"texture":"#1"},"up":{"uv":[0,0,0.522,0.5220003],"texture":"#1"},"north":{"uv":[0,0,0.522,0.5220003],"texture":"#1"},"south":{"uv":[0,0,0.522,0.5220003],"texture":"#1"},"west":{"uv":[0,0,0.522,0.5220003],"texture":"#1"},"east":{"uv":[0,0,0.522,0.5220003],"texture":"#1"}}},{"__comment":"element","from":[-16,9.55,1.5309],"to":[-4,9.85,1.86906],"faces":{"down":{"uv":[0,0,0.522,0.5220003],"texture":"#1"},"up":{"uv":[0,0,0.522,0.5220003],"texture":"#1"},"north":{"uv":[0,0,0.522,0.5220003],"texture":"#1"},"south":{"uv":[0,0,0.522,0.5220003],"texture":"#1"},"west":{"uv":[0,0,0.522,0.5220003],"texture":"#1"},"east":{"uv":[0,0,0.522,0.5220003],"texture":"#1"}}},{"__comment":"element","from":[-16,9.55,1.5309],"to":[-4,9.85,1.86906],"rotation":{"origin":[-15,10.4,1.7],"axis":"x","angle":22.5},"faces":{"down":{"uv":[0,0,0.522,0.5220003],"texture":"#1"},"up":{"uv":[0,0,0.522,0.5220003],"texture":"#1"},"north":{"uv":[0,0,0.522,0.5220003],"texture":"#1"},"south":{"uv":[0,0,0.522,0.5220003],"texture":"#1"},"west":{"uv":[0,0,0.522,0.5220003],"texture":"#1"},"east":{"uv":[0,0,0.522,0.5220003],"texture":"#1"}}},{"__comment":"element","from":[-16,10.95,1.5309],"to":[-4,11.25,1.86906],"rotation":{"origin":[-15,10.4,1.7],"axis":"x","angle":-22.5},"faces":{"down":{"uv":[0,0,0.522,0.5220003],"texture":"#1"},"up":{"uv":[0,0,0.522,0.5220003],"texture":"#1"},"north":{"uv":[0,0,0.522,0.5220003],"texture":"#1"},"south":{"uv":[0,0,0.522,0.5220003],"texture":"#1"},"west":{"uv":[0,0,0.522,0.5220003],"texture":"#1"},"east":{"uv":[0,0,0.522,0.5220003],"texture":"#1"}}},{"__comment":"element","from":[-16,10.95,1.5309],"to":[-4,11.25,1.86906],"faces":{"down":{"uv":[0,0,0.522,0.5220003],"texture":"#1"},"up":{"uv":[0,0,0.522,0.5220003],"texture":"#1"},"north":{"uv":[0,0,0.522,0.5220003],"texture":"#1"},"south":{"uv":[0,0,0.522,0.5220003],"texture":"#1"},"west":{"uv":[0,0,0.522,0.5220003],"texture":"#1"},"east":{"uv":[0,0,0.522,0.5220003],"texture":"#1"}}},{"__comment":"element","from":[-16,10.95,1.5309],"to":[-4,11.25,1.86906],"rotation":{"origin":[-15,10.4,1.7],"axis":"x","angle":22.5},"faces":{"down":{"uv":[0,0,0.522,0.5220003],"texture":"#1"},"up":{"uv":[0,0,0.522,0.5220003],"texture":"#1"},"north":{"uv":[0,0,0.522,0.5220003],"texture":"#1"},"south":{"uv":[0,0,0.522,0.5220003],"texture":"#1"},"west":{"uv":[0,0,0.522,0.5220003],"texture":"#1"},"east":{"uv":[0,0,0.522,0.5220003],"texture":"#1"}}},{"__comment":"element","from":[-13.3,11.2,1.495],"to":[-12.3,11.6,1.895],"faces":{"down":{"uv":[14,0,15,1],"texture":"#1"},"up":{"uv":[14,0,15,1],"texture":"#1"},"north":{"uv":[14,0,15,1],"texture":"#1"},"south":{"uv":[14,0,15,1],"texture":"#1"},"west":{"uv":[14,0,15,1],"texture":"#1"},"east":{"uv":[14,0,15,1],"texture":"#1"}}},{"__comment":"element","from":[-12.6,11.4,1.495],"to":[-12.3,12.6,1.895],"faces":{"down":{"uv":[14,0,15,1],"texture":"#1","rotation":90},"up":{"uv":[14,0,15,1],"texture":"#1","rotation":90},"north":{"uv":[14,0,15,1],"texture":"#1","rotation":90},"south":{"uv":[14,0,15,1],"texture":"#1","rotation":90},"west":{"uv":[14,0,15,1],"texture":"#1","rotation":90},"east":{"uv":[14,0,15,1],"texture":"#1","rotation":90}}},{"__comment":"element","from":[-13.88,12.15,1.495],"to":[-13.58,13.23,1.895],"rotation":{"origin":[-15,10.4,1.7],"axis":"z","angle":-22.5},"faces":{"down":{"uv":[0,0,0.522,0.5220003],"texture":"#1","rotation":90},"up":{"uv":[0,0,0.522,0.5220003],"texture":"#1","rotation":90},"north":{"uv":[0,0,0.522,0.5220003],"texture":"#1","rotation":90},"south":{"uv":[14,0,15,1],"texture":"#1","rotation":90},"west":{"uv":[0,0,0.522,0.5220003],"texture":"#1","rotation":90},"east":{"uv":[0,0,0.522,0.5220003],"texture":"#1","rotation":90}}},{"__comment":"element","from":[-12.9,12.2,1.495],"to":[-12.4,12.6,1.895],"faces":{"down":{"uv":[14,0,15,1],"texture":"#1"},"up":{"uv":[14,0,15,1],"texture":"#1"},"north":{"uv":[14,0,15,1],"texture":"#1"},"south":{"uv":[14,0,15,1],"texture":"#1"},"west":{"uv":[14,0,15,1],"texture":"#1"},"east":{"uv":[14,0,15,1],"texture":"#1"}}},{"__comment":"element","from":[-13,11.5,1.495],"to":[-12.5,12.3,1.895],"faces":{"down":{"uv":[14,0,15,1],"texture":"#1","rotation":90},"up":{"uv":[14,0,15,1],"texture":"#1","rotation":90},"north":{"uv":[14,0,15,1],"texture":"#1","rotation":90},"south":{"uv":[14,0,15,1],"texture":"#1","rotation":90},"west":{"uv":[14,0,15,1],"texture":"#1","rotation":90},"east":{"uv":[14,0,15,1],"texture":"#1","rotation":90}}},{"__comment":"element","from":[-14.5,8.2008,0.95],"to":[-3.5,8.49916,1.35],"rotation":{"origin":[-14,8.35,1.7],"axis":"x","angle":-45},"faces":{"down":{"uv":[0,0,0.522,0.5220003],"texture":"#1"},"up":{"uv":[0,0,0.522,0.5220003],"texture":"#1"},"north":{"uv":[0,0,0.522,0.5220003],"texture":"#1"},"south":{"uv":[0,0,0.522,0.5220003],"texture":"#1"},"west":{"uv":[0,0,0.522,0.5220003],"texture":"#1"},"east":{"uv":[0,0,0.522,0.5220003],"texture":"#1"}}},{"__comment":"element","from":[-14.5,8.2008,0.95],"to":[-3.5,8.49916,1.35],"rotation":{"origin":[-14,8.35,1.7],"axis":"x","angle":-22.5},"faces":{"down":{"uv":[0,0,0.522,0.5220003],"texture":"#1"},"up":{"uv":[0,0,0.522,0.5220003],"texture":"#1"},"north":{"uv":[0,0,0.522,0.5220003],"texture":"#1"},"south":{"uv":[0,0,0.522,0.5220003],"texture":"#1"},"west":{"uv":[0,0,0.522,0.5220003],"texture":"#1"},"east":{"uv":[0,0,0.522,0.5220003],"texture":"#1"}}},{"__comment":"element","from":[-14.5,8.2008,0.95],"to":[-3.5,8.49916,1.35],"faces":{"down":{"uv":[0,0,0.522,0.5220003],"texture":"#1"},"up":{"uv":[0,0,0.522,0.5220003],"texture":"#1"},"north":{"uv":[0,0,0.522,0.5220003],"texture":"#1"},"south":{"uv":[0,0,0.522,0.5220003],"texture":"#1"},"west":{"uv":[0,0,0.522,0.5220003],"texture":"#1"},"east":{"uv":[0,0,0.522,0.5220003],"texture":"#1"}}},{"__comment":"element","from":[-14.5,8.2008,0.95],"to":[-3.5,8.49916,1.35],"rotation":{"origin":[-14,8.35,1.7],"axis":"x","angle":22.5},"faces":{"down":{"uv":[0,0,0.522,0.5220003],"texture":"#1"},"up":{"uv":[0,0,0.522,0.5220003],"texture":"#1"},"north":{"uv":[0,0,0.522,0.5220003],"texture":"#1"},"south":{"uv":[0,0,0.522,0.5220003],"texture":"#1"},"west":{"uv":[0,0,0.522,0.5220003],"texture":"#1"},"east":{"uv":[0,0,0.522,0.5220003],"texture":"#1"}}},{"__comment":"element","from":[-14.5,8.2008,0.95],"to":[-3.5,8.49916,1.35],"rotation":{"origin":[-14,8.35,1.7],"axis":"x","angle":45},"faces":{"down":{"uv":[0,0,0.522,0.5220003],"texture":"#1"},"up":{"uv":[0,0,0.522,0.5220003],"texture":"#1"},"north":{"uv":[0,0,0.522,0.5220003],"texture":"#1"},"south":{"uv":[0,0,0.522,0.5220003],"texture":"#1"},"west":{"uv":[0,0,0.522,0.5220003],"texture":"#1"},"east":{"uv":[0,0,0.522,0.5220003],"texture":"#1"}}},{"__comment":"element","from":[-14.5,8.2008,2.05],"to":[-3.5,8.49916,2.45],"rotation":{"origin":[-14,8.35,1.7],"axis":"x","angle":-45},"faces":{"down":{"uv":[0,0,0.522,0.5220003],"texture":"#1"},"up":{"uv":[0,0,0.522,0.5220003],"texture":"#1"},"north":{"uv":[0,0,0.522,0.5220003],"texture":"#1"},"south":{"uv":[0,0,0.522,0.5220003],"texture":"#1"},"west":{"uv":[0,0,0.522,0.5220003],"texture":"#1"},"east":{"uv":[0,0,0.522,0.5220003],"texture":"#1"}}},{"__comment":"element","from":[-14.5,8.2008,2.05],"to":[-3.5,8.49916,2.45],"rotation":{"origin":[-14,8.35,1.7],"axis":"x","angle":-22.5},"faces":{"down":{"uv":[0,0,0.522,0.5220003],"texture":"#1"},"up":{"uv":[0,0,0.522,0.5220003],"texture":"#1"},"north":{"uv":[0,0,0.522,0.5220003],"texture":"#1"},"south":{"uv":[0,0,0.522,0.5220003],"texture":"#1"},"west":{"uv":[0,0,0.522,0.5220003],"texture":"#1"},"east":{"uv":[0,0,0.522,0.5220003],"texture":"#1"}}},{"__comment":"element","from":[-14.5,8.2008,2.05],"to":[-3.5,8.49916,2.45],"faces":{"down":{"uv":[0,0,0.522,0.5220003],"texture":"#1"},"up":{"uv":[0,0,0.522,0.5220003],"texture":"#1"},"north":{"uv":[0,0,0.522,0.5220003],"texture":"#1"},"south":{"uv":[0,0,0.522,0.5220003],"texture":"#1"},"west":{"uv":[0,0,0.522,0.5220003],"texture":"#1"},"east":{"uv":[0,0,0.522,0.5220003],"texture":"#1"}}},{"__comment":"element","from":[-14.5,8.2008,2.05],"to":[-3.5,8.49916,2.45],"rotation":{"origin":[-14,8.35,1.7],"axis":"x","angle":22.5},"faces":{"down":{"uv":[0,0,0.522,0.5220003],"texture":"#1"},"up":{"uv":[0,0,0.522,0.5220003],"texture":"#1"},"north":{"uv":[0,0,0.522,0.5220003],"texture":"#1"},"south":{"uv":[0,0,0.522,0.5220003],"texture":"#1"},"west":{"uv":[0,0,0.522,0.5220003],"texture":"#1"},"east":{"uv":[0,0,0.522,0.5220003],"texture":"#1"}}},{"__comment":"element","from":[-14.5,8.2008,2.05],"to":[-3.5,8.49916,2.45],"rotation":{"origin":[-14,8.35,1.7],"axis":"x","angle":45},"faces":{"down":{"uv":[0,0,0.522,0.5220003],"texture":"#1"},"up":{"uv":[0,0,0.522,0.5220003],"texture":"#1"},"north":{"uv":[0,0,0.522,0.5220003],"texture":"#1"},"south":{"uv":[0,0,0.522,0.5220003],"texture":"#1"},"west":{"uv":[0,0,0.522,0.5220003],"texture":"#1"},"east":{"uv":[0,0,0.522,0.5220003],"texture":"#1"}}},{"__comment":"element","from":[-14.5,7.6,1.5508],"to":[-3.5,8,1.84916],"rotation":{"origin":[-14,8.35,1.7],"axis":"x","angle":-22.5},"faces":{"down":{"uv":[0,0,0.522,0.5220003],"texture":"#1"},"up":{"uv":[0,0,0.522,0.5220003],"texture":"#1"},"north":{"uv":[0,0,0.522,0.5220003],"texture":"#1"},"south":{"uv":[0,0,0.522,0.5220003],"texture":"#1"},"west":{"uv":[0,0,0.522,0.5220003],"texture":"#1"},"east":{"uv":[0,0,0.522,0.5220003],"texture":"#1"}}},{"__comment":"element","from":[-14.5,7.6,1.5508],"to":[-3.5,8,1.84916],"faces":{"down":{"uv":[0,0,0.522,0.5220003],"texture":"#1"},"up":{"uv":[0,0,0.522,0.5220003],"texture":"#1"},"north":{"uv":[0,0,0.522,0.5220003],"texture":"#1"},"south":{"uv":[0,0,0.522,0.5220003],"texture":"#1"},"west":{"uv":[0,0,0.522,0.5220003],"texture":"#1"},"east":{"uv":[0,0,0.522,0.5220003],"texture":"#1"}}},{"__comment":"element","from":[-14.5,7.6,1.5508],"to":[-3.5,8,1.84916],"rotation":{"origin":[-14,8.35,1.7],"axis":"x","angle":22.5},"faces":{"down":{"uv":[0,0,0.522,0.5220003],"texture":"#1"},"up":{"uv":[0,0,0.522,0.5220003],"texture":"#1"},"north":{"uv":[0,0,0.522,0.5220003],"texture":"#1"},"south":{"uv":[0,0,0.522,0.5220003],"texture":"#1"},"west":{"uv":[0,0,0.522,0.5220003],"texture":"#1"},"east":{"uv":[0,0,0.522,0.5220003],"texture":"#1"}}},{"__comment":"element","from":[-14.5,8.7,1.5508],"to":[-3.5,9.1,1.84916],"rotation":{"origin":[-14,8.35,1.7],"axis":"x","angle":-22.5},"faces":{"down":{"uv":[0,0,0.522,0.5220003],"texture":"#1"},"up":{"uv":[0,0,0.522,0.5220003],"texture":"#1"},"north":{"uv":[0,0,0.522,0.5220003],"texture":"#1"},"south":{"uv":[0,0,0.522,0.5220003],"texture":"#1"},"west":{"uv":[0,0,0.522,0.5220003],"texture":"#1"},"east":{"uv":[0,0,0.522,0.5220003],"texture":"#1"}}},{"__comment":"element","from":[-14.5,8.7,1.5508],"to":[-3.5,9.1,1.84916],"faces":{"down":{"uv":[0,0,0.522,0.5220003],"texture":"#1"},"up":{"uv":[0,0,0.522,0.5220003],"texture":"#1"},"north":{"uv":[0,0,0.522,0.5220003],"texture":"#1"},"south":{"uv":[0,0,0.522,0.5220003],"texture":"#1"},"west":{"uv":[0,0,0.522,0.5220003],"texture":"#1"},"east":{"uv":[0,0,0.522,0.5220003],"texture":"#1"}}},{"__comment":"element","from":[-14.5,8.7,1.5508],"to":[-3.5,9.1,1.84916],"rotation":{"origin":[-14,8.35,1.7],"axis":"x","angle":22.5},"faces":{"down":{"uv":[0,0,0.522,0.5220003],"texture":"#1"},"up":{"uv":[0,0,0.522,0.5220003],"texture":"#1"},"north":{"uv":[0,0,0.522,0.5220003],"texture":"#1"},"south":{"uv":[0,0,0.522,0.5220003],"texture":"#1"},"west":{"uv":[0,0,0.522,0.5220003],"texture":"#1"},"east":{"uv":[0,0,0.522,0.5220003],"texture":"#1"}}},{"__comment":"element","from":[-15.2,10.2011,0.7],"to":[-14.2,10.59892,2.7],"rotation":{"origin":[-14,10.4,1.7],"axis":"x","angle":-45},"faces":{"down":{"uv":[0,0,0.522,0.5220003],"texture":"#1"},"up":{"uv":[0,0,0.522,0.5220003],"texture":"#1"},"north":{"uv":[0,0,0.522,0.5220003],"texture":"#1"},"south":{"uv":[0,0,0.522,0.5220003],"texture":"#1"},"west":{"uv":[0,0,0.522,0.5220003],"texture":"#1"},"east":{"uv":[0,0,0.522,0.5220003],"texture":"#1"}}},{"__comment":"element","from":[-15.2,10.2011,0.7],"to":[-14.2,10.59892,2.7],"rotation":{"origin":[-14,10.4,1.7],"axis":"x","angle":-22.5},"faces":{"down":{"uv":[0,0,0.522,0.5220003],"texture":"#1"},"up":{"uv":[0,0,0.522,0.5220003],"texture":"#1"},"north":{"uv":[0,0,0.522,0.5220003],"texture":"#1"},"south":{"uv":[0,0,0.522,0.5220003],"texture":"#1"},"west":{"uv":[0,0,0.522,0.5220003],"texture":"#1"},"east":{"uv":[0,0,0.522,0.5220003],"texture":"#1"}}},{"__comment":"element","from":[-15.2,10.2011,0.7],"to":[-14.2,10.59892,2.7],"faces":{"down":{"uv":[0,0,0.522,0.5220003],"texture":"#1"},"up":{"uv":[0,0,0.522,0.5220003],"texture":"#1"},"north":{"uv":[0,0,0.522,0.5220003],"texture":"#1"},"south":{"uv":[0,0,0.522,0.5220003],"texture":"#1"},"west":{"uv":[0,0,0.522,0.5220003],"texture":"#1"},"east":{"uv":[0,0,0.522,0.5220003],"texture":"#1"}}},{"__comment":"element","from":[-15.2,10.2011,0.7],"to":[-14.2,10.59892,2.7],"rotation":{"origin":[-14,10.4,1.7],"axis":"x","angle":22.5},"faces":{"down":{"uv":[0,0,0.522,0.5220003],"texture":"#1"},"up":{"uv":[0,0,0.522,0.5220003],"texture":"#1"},"north":{"uv":[0,0,0.522,0.5220003],"texture":"#1"},"south":{"uv":[0,0,0.522,0.5220003],"texture":"#1"},"west":{"uv":[0,0,0.522,0.5220003],"texture":"#1"},"east":{"uv":[0,0,0.522,0.5220003],"texture":"#1"}}},{"__comment":"element","from":[-15.2,10.2011,0.7],"to":[-14.2,10.59892,2.7],"rotation":{"origin":[-14,10.4,1.7],"axis":"x","angle":45},"faces":{"down":{"uv":[0,0,0.522,0.5220003],"texture":"#1"},"up":{"uv":[0,0,0.522,0.5220003],"texture":"#1"},"north":{"uv":[0,0,0.522,0.5220003],"texture":"#1"},"south":{"uv":[0,0,0.522,0.5220003],"texture":"#1"},"west":{"uv":[0,0,0.522,0.5220003],"texture":"#1"},"east":{"uv":[0,0,0.522,0.5220003],"texture":"#1"}}},{"__comment":"element","from":[-15.2,9.4,1.5011],"to":[-14.2,11.4,1.89892],"rotation":{"origin":[-14,10.4,1.7],"axis":"x","angle":-22.5},"faces":{"down":{"uv":[0,0,0.522,0.5220003],"texture":"#1"},"up":{"uv":[0,0,0.522,0.5220003],"texture":"#1"},"north":{"uv":[0,0,0.522,0.5220003],"texture":"#1"},"south":{"uv":[0,0,0.522,0.5220003],"texture":"#1"},"west":{"uv":[0,0,0.522,0.5220003],"texture":"#1"},"east":{"uv":[0,0,0.522,0.5220003],"texture":"#1"}}},{"__comment":"element","from":[-15.2,9.4,1.5011],"to":[-14.2,11.4,1.89892],"faces":{"down":{"uv":[0,0,0.522,0.5220003],"texture":"#1"},"up":{"uv":[0,0,0.522,0.5220003],"texture":"#1"},"north":{"uv":[0,0,0.522,0.5220003],"texture":"#1"},"south":{"uv":[0,0,0.522,0.5220003],"texture":"#1"},"west":{"uv":[0,0,0.522,0.5220003],"texture":"#1"},"east":{"uv":[0,0,0.522,0.5220003],"texture":"#1"}}},{"__comment":"element","from":[-15.2,9.4,1.5011],"to":[-14.2,11.4,1.89892],"rotation":{"origin":[-14,10.4,1.7],"axis":"x","angle":22.5},"faces":{"down":{"uv":[0,0,0.522,0.5220003],"texture":"#1"},"up":{"uv":[0,0,0.522,0.5220003],"texture":"#1"},"north":{"uv":[0,0,0.522,0.5220003],"texture":"#1"},"south":{"uv":[0,0,0.522,0.5220003],"texture":"#1"},"west":{"uv":[0,0,0.522,0.5220003],"texture":"#1"},"east":{"uv":[0,0,0.522,0.5220003],"texture":"#1"}}},{"__comment":"element","from":[-14.2,10.221,0.8],"to":[-13.4,10.57904,2.6],"rotation":{"origin":[-13,10.4,1.7],"axis":"x","angle":-45},"faces":{"down":{"uv":[0,0,0.522,0.5220003],"texture":"#1"},"up":{"uv":[0,0,0.522,0.5220003],"texture":"#1"},"north":{"uv":[0,0,0.522,0.5220003],"texture":"#1"},"south":{"uv":[0,0,0.522,0.5220003],"texture":"#1"},"west":{"uv":[0,0,0.522,0.5220003],"texture":"#1"},"east":{"uv":[0,0,0.522,0.5220003],"texture":"#1"}}},{"__comment":"element","from":[-14.2,10.221,0.8],"to":[-13.4,10.57904,2.6],"rotation":{"origin":[-13,10.4,1.7],"axis":"x","angle":-22.5},"faces":{"down":{"uv":[0,0,0.522,0.5220003],"texture":"#1"},"up":{"uv":[0,0,0.522,0.5220003],"texture":"#1"},"north":{"uv":[0,0,0.522,0.5220003],"texture":"#1"},"south":{"uv":[0,0,0.522,0.5220003],"texture":"#1"},"west":{"uv":[0,0,0.522,0.5220003],"texture":"#1"},"east":{"uv":[0,0,0.522,0.5220003],"texture":"#1"}}},{"__comment":"element","from":[-14.2,10.221,0.8],"to":[-13.4,10.57904,2.6],"faces":{"down":{"uv":[0,0,0.522,0.5220003],"texture":"#1"},"up":{"uv":[0,0,0.522,0.5220003],"texture":"#1"},"north":{"uv":[0,0,0.522,0.5220003],"texture":"#1"},"south":{"uv":[0,0,0.522,0.5220003],"texture":"#1"},"west":{"uv":[0,0,0.522,0.5220003],"texture":"#1"},"east":{"uv":[0,0,0.522,0.5220003],"texture":"#1"}}},{"__comment":"element","from":[-14.2,10.221,0.8],"to":[-13.4,10.57904,2.6],"rotation":{"origin":[-13,10.4,1.7],"axis":"x","angle":22.5},"faces":{"down":{"uv":[0,0,0.522,0.5220003],"texture":"#1"},"up":{"uv":[0,0,0.522,0.5220003],"texture":"#1"},"north":{"uv":[0,0,0.522,0.5220003],"texture":"#1"},"south":{"uv":[0,0,0.522,0.5220003],"texture":"#1"},"west":{"uv":[0,0,0.522,0.5220003],"texture":"#1"},"east":{"uv":[0,0,0.522,0.5220003],"texture":"#1"}}},{"__comment":"element","from":[-14.2,10.221,0.8],"to":[-13.4,10.57904,2.6],"rotation":{"origin":[-13,10.4,1.7],"axis":"x","angle":45},"faces":{"down":{"uv":[0,0,0.522,0.5220003],"texture":"#1"},"up":{"uv":[0,0,0.522,0.5220003],"texture":"#1"},"north":{"uv":[0,0,0.522,0.5220003],"texture":"#1"},"south":{"uv":[0,0,0.522,0.5220003],"texture":"#1"},"west":{"uv":[0,0,0.522,0.5220003],"texture":"#1"},"east":{"uv":[0,0,0.522,0.5220003],"texture":"#1"}}},{"__comment":"element","from":[-14.2,9.5,1.521],"to":[-13.4,11.3,1.87904],"rotation":{"origin":[-13,10.4,1.7],"axis":"x","angle":-22.5},"faces":{"down":{"uv":[0,0,0.522,0.5220003],"texture":"#1"},"up":{"uv":[0,0,0.522,0.5220003],"texture":"#1"},"north":{"uv":[0,0,0.522,0.5220003],"texture":"#1"},"south":{"uv":[0,0,0.522,0.5220003],"texture":"#1"},"west":{"uv":[0,0,0.522,0.5220003],"texture":"#1"},"east":{"uv":[0,0,0.522,0.5220003],"texture":"#1"}}},{"__comment":"element","from":[-14.2,9.5,1.521],"to":[-13.4,11.3,1.87904],"faces":{"down":{"uv":[0,0,0.522,0.5220003],"texture":"#1"},"up":{"uv":[0,0,0.522,0.5220003],"texture":"#1"},"north":{"uv":[0,0,0.522,0.5220003],"texture":"#1"},"south":{"uv":[0,0,0.522,0.5220003],"texture":"#1"},"west":{"uv":[0,0,0.522,0.5220003],"texture":"#1"},"east":{"uv":[0,0,0.522,0.5220003],"texture":"#1"}}},{"__comment":"element","from":[-14.2,9.5,1.521],"to":[-13.4,11.3,1.87904],"rotation":{"origin":[-13,10.4,1.7],"axis":"x","angle":22.5},"faces":{"down":{"uv":[0,0,0.522,0.5220003],"texture":"#1"},"up":{"uv":[0,0,0.522,0.5220003],"texture":"#1"},"north":{"uv":[0,0,0.522,0.5220003],"texture":"#1"},"south":{"uv":[0,0,0.522,0.5220003],"texture":"#1"},"west":{"uv":[0,0,0.522,0.5220003],"texture":"#1"},"east":{"uv":[0,0,0.522,0.5220003],"texture":"#1"}}},{"__comment":"element","from":[5.85,12.4806,1.1],"to":[11.85,12.7193,1.2],"rotation":{"origin":[7,12.6,1.7],"axis":"x","angle":-45},"faces":{"down":{"uv":[0,0,0.522,0.5220003],"texture":"#1"},"up":{"uv":[0,0,0.522,0.5220003],"texture":"#1"},"north":{"uv":[0,0,0.522,0.5220003],"texture":"#1"},"south":{"uv":[0,0,0.522,0.5220003],"texture":"#1"},"west":{"uv":[0,0,0.522,0.5220003],"texture":"#1"},"east":{"uv":[0,0,0.522,0.5220003],"texture":"#1"}}},{"__comment":"element","from":[5.85,12.4806,1.1],"to":[11.85,12.7193,1.2],"rotation":{"origin":[7,12.6,1.7],"axis":"x","angle":-22.5},"faces":{"down":{"uv":[0,0,0.522,0.5220003],"texture":"#1"},"up":{"uv":[0,0,0.522,0.5220003],"texture":"#1"},"north":{"uv":[0,0,0.522,0.5220003],"texture":"#1"},"south":{"uv":[0,0,0.522,0.5220003],"texture":"#1"},"west":{"uv":[0,0,0.522,0.5220003],"texture":"#1"},"east":{"uv":[0,0,0.522,0.5220003],"texture":"#1"}}},{"__comment":"element","from":[5.85,12.4806,1.1],"to":[11.85,12.7193,1.2],"faces":{"down":{"uv":[0,0,0.522,0.5220003],"texture":"#1"},"up":{"uv":[0,0,0.522,0.5220003],"texture":"#1"},"north":{"uv":[0,0,0.522,0.5220003],"texture":"#1"},"south":{"uv":[0,0,0.522,0.5220003],"texture":"#1"},"west":{"uv":[0,0,0.522,0.5220003],"texture":"#1"},"east":{"uv":[0,0,0.522,0.5220003],"texture":"#1"}}},{"__comment":"element","from":[5.85,12.4806,1.1],"to":[11.85,12.7193,1.2],"rotation":{"origin":[7,12.6,1.7],"axis":"x","angle":22.5},"faces":{"down":{"uv":[0,0,0.522,0.5220003],"texture":"#1"},"up":{"uv":[0,0,0.522,0.5220003],"texture":"#1"},"north":{"uv":[0,0,0.522,0.5220003],"texture":"#1"},"south":{"uv":[0,0,0.522,0.5220003],"texture":"#1"},"west":{"uv":[0,0,0.522,0.5220003],"texture":"#1"},"east":{"uv":[0,0,0.522,0.5220003],"texture":"#1"}}},{"__comment":"element","from":[5.85,12.4806,1.1],"to":[11.85,12.7193,1.2],"rotation":{"origin":[7,12.6,1.7],"axis":"x","angle":45},"faces":{"down":{"uv":[0,0,0.522,0.5220003],"texture":"#1"},"up":{"uv":[0,0,0.522,0.5220003],"texture":"#1"},"north":{"uv":[0,0,0.522,0.5220003],"texture":"#1"},"south":{"uv":[0,0,0.522,0.5220003],"texture":"#1"},"west":{"uv":[0,0,0.522,0.5220003],"texture":"#1"},"east":{"uv":[0,0,0.522,0.5220003],"texture":"#1"}}},{"__comment":"element","from":[5.85,12.4806,2.2],"to":[11.85,12.7193,2.3],"rotation":{"origin":[7,12.6,1.7],"axis":"x","angle":-45},"faces":{"down":{"uv":[0,0,0.522,0.5220003],"texture":"#1"},"up":{"uv":[0,0,0.522,0.5220003],"texture":"#1"},"north":{"uv":[0,0,0.522,0.5220003],"texture":"#1"},"south":{"uv":[0,0,0.522,0.5220003],"texture":"#1"},"west":{"uv":[0,0,0.522,0.5220003],"texture":"#1"},"east":{"uv":[0,0,0.522,0.5220003],"texture":"#1"}}},{"__comment":"element","from":[5.85,12.4806,2.2],"to":[11.85,12.7193,2.3],"rotation":{"origin":[7,12.6,1.7],"axis":"x","angle":-22.5},"faces":{"down":{"uv":[0,0,0.522,0.5220003],"texture":"#1"},"up":{"uv":[0,0,0.522,0.5220003],"texture":"#1"},"north":{"uv":[0,0,0.522,0.5220003],"texture":"#1"},"south":{"uv":[0,0,0.522,0.5220003],"texture":"#1"},"west":{"uv":[0,0,0.522,0.5220003],"texture":"#1"},"east":{"uv":[0,0,0.522,0.5220003],"texture":"#1"}}},{"__comment":"element","from":[5.85,12.4806,2.2],"to":[11.85,12.7193,2.3],"faces":{"down":{"uv":[0,0,0.522,0.5220003],"texture":"#1"},"up":{"uv":[0,0,0.522,0.5220003],"texture":"#1"},"north":{"uv":[0,0,0.522,0.5220003],"texture":"#1"},"south":{"uv":[0,0,0.522,0.5220003],"texture":"#1"},"west":{"uv":[0,0,0.522,0.5220003],"texture":"#1"},"east":{"uv":[0,0,0.522,0.5220003],"texture":"#1"}}},{"__comment":"element","from":[5.85,12.4806,2.2],"to":[11.85,12.7193,2.3],"rotation":{"origin":[7,12.6,1.7],"axis":"x","angle":22.5},"faces":{"down":{"uv":[0,0,0.522,0.5220003],"texture":"#1"},"up":{"uv":[0,0,0.522,0.5220003],"texture":"#1"},"north":{"uv":[0,0,0.522,0.5220003],"texture":"#1"},"south":{"uv":[0,0,0.522,0.5220003],"texture":"#1"},"west":{"uv":[0,0,0.522,0.5220003],"texture":"#1"},"east":{"uv":[0,0,0.522,0.5220003],"texture":"#1"}}},{"__comment":"element","from":[5.85,12.4806,2.2],"to":[11.85,12.7193,2.3],"rotation":{"origin":[7,12.6,1.7],"axis":"x","angle":45},"faces":{"down":{"uv":[0,0,0.522,0.5220003],"texture":"#1"},"up":{"uv":[0,0,0.522,0.5220003],"texture":"#1"},"north":{"uv":[0,0,0.522,0.5220003],"texture":"#1"},"south":{"uv":[0,0,0.522,0.5220003],"texture":"#1"},"west":{"uv":[0,0,0.522,0.5220003],"texture":"#1"},"east":{"uv":[0,0,0.522,0.5220003],"texture":"#1"}}},{"__comment":"element","from":[5.85,12,1.5806],"to":[11.85,12.1,1.8193],"rotation":{"origin":[7,12.6,1.7],"axis":"x","angle":-22.5},"faces":{"down":{"uv":[0,0,0.522,0.5220003],"texture":"#1"},"up":{"uv":[0,0,0.522,0.5220003],"texture":"#1"},"north":{"uv":[0,0,0.522,0.5220003],"texture":"#1"},"south":{"uv":[0,0,0.522,0.5220003],"texture":"#1"},"west":{"uv":[0,0,0.522,0.5220003],"texture":"#1"},"east":{"uv":[0,0,0.522,0.5220003],"texture":"#1"}}},{"__comment":"element","from":[5.85,12,1.5806],"to":[11.85,12.1,1.8193],"faces":{"down":{"uv":[0,0,0.522,0.5220003],"texture":"#1"},"up":{"uv":[0,0,0.522,0.5220003],"texture":"#1"},"north":{"uv":[0,0,0.522,0.5220003],"texture":"#1"},"south":{"uv":[0,0,0.522,0.5220003],"texture":"#1"},"west":{"uv":[0,0,0.522,0.5220003],"texture":"#1"},"east":{"uv":[0,0,0.522,0.5220003],"texture":"#1"}}},{"__comment":"element","from":[5.85,12,1.5806],"to":[11.85,12.1,1.8193],"rotation":{"origin":[7,12.6,1.7],"axis":"x","angle":22.5},"faces":{"down":{"uv":[0,0,0.522,0.5220003],"texture":"#1"},"up":{"uv":[0,0,0.522,0.5220003],"texture":"#1"},"north":{"uv":[0,0,0.522,0.5220003],"texture":"#1"},"south":{"uv":[0,0,0.522,0.5220003],"texture":"#1"},"west":{"uv":[0,0,0.522,0.5220003],"texture":"#1"},"east":{"uv":[0,0,0.522,0.5220003],"texture":"#1"}}},{"__comment":"element","from":[5.85,13.1,1.5806],"to":[11.85,13.2,1.8193],"rotation":{"origin":[7,12.6,1.7],"axis":"x","angle":-22.5},"faces":{"down":{"uv":[0,0,0.522,0.5220003],"texture":"#1"},"up":{"uv":[0,0,0.522,0.5220003],"texture":"#1"},"north":{"uv":[0,0,0.522,0.5220003],"texture":"#1"},"south":{"uv":[0,0,0.522,0.5220003],"texture":"#1"},"west":{"uv":[0,0,0.522,0.5220003],"texture":"#1"},"east":{"uv":[0,0,0.522,0.5220003],"texture":"#1"}}},{"__comment":"element","from":[5.85,13.1,1.5806],"to":[11.85,13.2,1.8193],"faces":{"down":{"uv":[0,0,0.522,0.5220003],"texture":"#1"},"up":{"uv":[0,0,0.522,0.5220003],"texture":"#1"},"north":{"uv":[0,0,0.522,0.5220003],"texture":"#1"},"south":{"uv":[0,0,0.522,0.5220003],"texture":"#1"},"west":{"uv":[0,0,0.522,0.5220003],"texture":"#1"},"east":{"uv":[0,0,0.522,0.5220003],"texture":"#1"}}},{"__comment":"element","from":[5.85,13.1,1.5806],"to":[11.85,13.2,1.8193],"rotation":{"origin":[7,12.6,1.7],"axis":"x","angle":22.5},"faces":{"down":{"uv":[0,0,0.522,0.5220003],"texture":"#1"},"up":{"uv":[0,0,0.522,0.5220003],"texture":"#1"},"north":{"uv":[0,0,0.522,0.5220003],"texture":"#1"},"south":{"uv":[0,0,0.522,0.5220003],"texture":"#1"},"west":{"uv":[0,0,0.522,0.5220003],"texture":"#1"},"east":{"uv":[0,0,0.522,0.5220003],"texture":"#1"}}},{"__comment":"element","from":[15,9.9016,0.2],"to":[28.5,10.49834,3.2],"rotation":{"origin":[16,10.2,1.7],"axis":"x","angle":-45},"faces":{"down":{"uv":[11.5,0,13.022,0.5220003],"texture":"#1"},"up":{"uv":[11.5,0,13.022,0.5220003],"texture":"#1"},"north":{"uv":[11.5,0,13.022,0.5220003],"texture":"#1"},"south":{"uv":[11.5,0,13.022,0.5220003],"texture":"#1"},"west":{"uv":[11.5,0,13.022,0.5220003],"texture":"#1"},"east":{"uv":[11.5,0,13.022,0.5220003],"texture":"#1"}}},{"__comment":"element","from":[15,9.9016,0.2],"to":[28.5,10.49834,3.2],"rotation":{"origin":[16,10.2,1.7],"axis":"x","angle":-22.5},"faces":{"down":{"uv":[11.5,0,13.022,0.5220003],"texture":"#1"},"up":{"uv":[11.5,0,13.022,0.5220003],"texture":"#1"},"north":{"uv":[11.5,0,13.022,0.5220003],"texture":"#1"},"south":{"uv":[11.5,0,13.022,0.5220003],"texture":"#1"},"west":{"uv":[11.5,0,13.022,0.5220003],"texture":"#1"},"east":{"uv":[11.5,0,13.022,0.5220003],"texture":"#1"}}},{"__comment":"element","from":[15,9.9016,0.2],"to":[28.5,10.49834,3.2],"faces":{"down":{"uv":[11.5,0,13.022,0.5220003],"texture":"#1"},"up":{"uv":[11.5,0,13.022,0.5220003],"texture":"#1"},"north":{"uv":[11.5,0,13.022,0.5220003],"texture":"#1"},"south":{"uv":[11.5,0,13.022,0.5220003],"texture":"#1"},"west":{"uv":[11.5,0,13.022,0.5220003],"texture":"#1"},"east":{"uv":[11.5,0,13.022,0.5220003],"texture":"#1"}}},{"__comment":"element","from":[15,9.9016,0.2],"to":[28.5,10.49834,3.2],"rotation":{"origin":[16,10.2,1.7],"axis":"x","angle":22.5},"faces":{"down":{"uv":[11.5,0,13.022,0.5220003],"texture":"#1"},"up":{"uv":[11.5,0,13.022,0.5220003],"texture":"#1"},"north":{"uv":[11.5,0,13.022,0.5220003],"texture":"#1"},"south":{"uv":[11.5,0,13.022,0.5220003],"texture":"#1"},"west":{"uv":[11.5,0,13.022,0.5220003],"texture":"#1"},"east":{"uv":[11.5,0,13.022,0.5220003],"texture":"#1"}}},{"__comment":"element","from":[15,9.9016,0.2],"to":[28.5,10.49834,3.2],"rotation":{"origin":[16,10.2,1.7],"axis":"x","angle":45},"faces":{"down":{"uv":[11.5,0,13.022,0.5220003],"texture":"#1"},"up":{"uv":[11.5,0,13.022,0.5220003],"texture":"#1"},"north":{"uv":[11.5,0,13.022,0.5220003],"texture":"#1"},"south":{"uv":[11.5,0,13.022,0.5220003],"texture":"#1"},"west":{"uv":[11.5,0,13.022,0.5220003],"texture":"#1"},"east":{"uv":[11.5,0,13.022,0.5220003],"texture":"#1"}}},{"__comment":"element","from":[15,8.7,1.4016],"to":[28.5,11.7,1.99834],"rotation":{"origin":[16,10.2,1.7],"axis":"x","angle":-22.5},"faces":{"down":{"uv":[11.5,0,13.022,0.5220003],"texture":"#1"},"up":{"uv":[11.5,0,13.022,0.5220003],"texture":"#1"},"north":{"uv":[11.5,0,13.022,0.5220003],"texture":"#1"},"south":{"uv":[11.5,0,13.022,0.5220003],"texture":"#1"},"west":{"uv":[11.5,0,13.022,0.5220003],"texture":"#1"},"east":{"uv":[11.5,0,13.022,0.5220003],"texture":"#1"}}},{"__comment":"element","from":[15,8.7,1.4016],"to":[28.5,11.7,1.99834],"faces":{"down":{"uv":[11.5,0,13.022,0.5220003],"texture":"#1"},"up":{"uv":[11.5,0,13.022,0.5220003],"texture":"#1"},"north":{"uv":[11.5,0,13.022,0.5220003],"texture":"#1"},"south":{"uv":[11.5,0,13.022,0.5220003],"texture":"#1"},"west":{"uv":[11.5,0,13.022,0.5220003],"texture":"#1"},"east":{"uv":[11.5,0,13.022,0.5220003],"texture":"#1"}}},{"__comment":"element","from":[15,8.7,1.4016],"to":[28.5,11.7,1.99834],"rotation":{"origin":[16,10.2,1.7],"axis":"x","angle":22.5},"faces":{"down":{"uv":[11.5,0,13.022,0.5220003],"texture":"#1"},"up":{"uv":[11.5,0,13.022,0.5220003],"texture":"#1"},"north":{"uv":[11.5,0,13.022,0.5220003],"texture":"#1"},"south":{"uv":[11.5,0,13.022,0.5220003],"texture":"#1"},"west":{"uv":[11.5,0,13.022,0.5220003],"texture":"#1"},"east":{"uv":[11.5,0,13.022,0.5220003],"texture":"#1"}}},{"__comment":"element","from":[28,9.9514,0.45],"to":[29,10.44868,2.95],"rotation":{"origin":[28,10.2,1.7],"axis":"x","angle":-45},"faces":{"down":{"uv":[0,0,0.522,0.5220003],"texture":"#1"},"up":{"uv":[0,0,0.522,0.5220003],"texture":"#1"},"north":{"uv":[0,0,0.522,0.5220003],"texture":"#1"},"south":{"uv":[0,0,0.522,0.5220003],"texture":"#1"},"west":{"uv":[0,0,0.522,0.5220003],"texture":"#1"},"east":{"uv":[0,0,0.522,0.5220003],"texture":"#1"}}},{"__comment":"element","from":[28,9.9514,0.45],"to":[29,10.44868,2.95],"rotation":{"origin":[28,10.2,1.7],"axis":"x","angle":-22.5},"faces":{"down":{"uv":[0,0,0.522,0.5220003],"texture":"#1"},"up":{"uv":[0,0,0.522,0.5220003],"texture":"#1"},"north":{"uv":[0,0,0.522,0.5220003],"texture":"#1"},"south":{"uv":[0,0,0.522,0.5220003],"texture":"#1"},"west":{"uv":[0,0,0.522,0.5220003],"texture":"#1"},"east":{"uv":[0,0,0.522,0.5220003],"texture":"#1"}}},{"__comment":"element","from":[28,9.9514,0.45],"to":[29,10.44868,2.95],"faces":{"down":{"uv":[0,0,0.522,0.5220003],"texture":"#1"},"up":{"uv":[0,0,0.522,0.5220003],"texture":"#1"},"north":{"uv":[0,0,0.522,0.5220003],"texture":"#1"},"south":{"uv":[0,0,0.522,0.5220003],"texture":"#1"},"west":{"uv":[0,0,0.522,0.5220003],"texture":"#1"},"east":{"uv":[0,0,0.522,0.5220003],"texture":"#1"}}},{"__comment":"element","from":[28,9.9514,0.45],"to":[29,10.44868,2.95],"rotation":{"origin":[28,10.2,1.7],"axis":"x","angle":22.5},"faces":{"down":{"uv":[0,0,0.522,0.5220003],"texture":"#1"},"up":{"uv":[0,0,0.522,0.5220003],"texture":"#1"},"north":{"uv":[0,0,0.522,0.5220003],"texture":"#1"},"south":{"uv":[0,0,0.522,0.5220003],"texture":"#1"},"west":{"uv":[0,0,0.522,0.5220003],"texture":"#1"},"east":{"uv":[0,0,0.522,0.5220003],"texture":"#1"}}},{"__comment":"element","from":[28,9.9514,0.45],"to":[29,10.44868,2.95],"rotation":{"origin":[28,10.2,1.7],"axis":"x","angle":45},"faces":{"down":{"uv":[0,0,0.522,0.5220003],"texture":"#1"},"up":{"uv":[0,0,0.522,0.5220003],"texture":"#1"},"north":{"uv":[0,0,0.522,0.5220003],"texture":"#1"},"south":{"uv":[0,0,0.522,0.5220003],"texture":"#1"},"west":{"uv":[0,0,0.522,0.5220003],"texture":"#1"},"east":{"uv":[0,0,0.522,0.5220003],"texture":"#1"}}},{"__comment":"element","from":[28,8.95,1.4514],"to":[29,11.45,1.94868],"rotation":{"origin":[28,10.2,1.7],"axis":"x","angle":-22.5},"faces":{"down":{"uv":[0,0,0.522,0.5220003],"texture":"#1"},"up":{"uv":[0,0,0.522,0.5220003],"texture":"#1"},"north":{"uv":[0,0,0.522,0.5220003],"texture":"#1"},"south":{"uv":[0,0,0.522,0.5220003],"texture":"#1"},"west":{"uv":[0,0,0.522,0.5220003],"texture":"#1"},"east":{"uv":[0,0,0.522,0.5220003],"texture":"#1"}}},{"__comment":"element","from":[28,8.95,1.4514],"to":[29,11.45,1.94868],"faces":{"down":{"uv":[0,0,0.522,0.5220003],"texture":"#1"},"up":{"uv":[0,0,0.522,0.5220003],"texture":"#1"},"north":{"uv":[0,0,0.522,0.5220003],"texture":"#1"},"south":{"uv":[0,0,0.522,0.5220003],"texture":"#1"},"west":{"uv":[0,0,0.522,0.5220003],"texture":"#1"},"east":{"uv":[0,0,0.522,0.5220003],"texture":"#1"}}},{"__comment":"element","from":[28,8.95,1.4514],"to":[29,11.45,1.94868],"rotation":{"origin":[28,10.2,1.7],"axis":"x","angle":22.5},"faces":{"down":{"uv":[0,0,0.522,0.5220003],"texture":"#1"},"up":{"uv":[0,0,0.522,0.5220003],"texture":"#1"},"north":{"uv":[0,0,0.522,0.5220003],"texture":"#1"},"south":{"uv":[0,0,0.522,0.5220003],"texture":"#1"},"west":{"uv":[0,0,0.522,0.5220003],"texture":"#1"},"east":{"uv":[0,0,0.522,0.5220003],"texture":"#1"}}}],"display":{"thirdperson_righthand":{"rotation":[0,-90,0],"translation":[-3.533,0.5319,-1.949],"scale":[0.5,0.5,0.5]},"thirdperson_lefthand":{"rotation":[0,90,0],"translation":[3.4235,0.5319,-1.949],"scale":[0.5,0.5,0.5]},"firstperson_righthand":{"rotation":[2,-90,0],"translation":[-1.51,-0.75,-23.86]},"firstperson_lefthand":{"rotation":[2,90,0],"translation":[7.5334,-0.75,-23.86]},"gui":{"rotation":[0,0,-45],"translation":[-0.498,0.5056,0],"scale":[0.4,0.4,0.4]},"ground":{"scale":[0.4,0.4,0.4]},"fixed":{"rotation":[0,0,-45],"translation":[-0.064,0.56,2.46],"scale":[0.5,0.5,0.5]}}}
