{"__comment":"designed_by_yom_with_cubik_studio_-_https://cubik.studio","textures":{"particle":"customblock/wool_colored_light_black","texture":"customblock/e_texture","0":"customblock/wool_colored_light_black","1":"customblock/wool_colored_pale_green","2":"customblock/iron_door_bottom","3":"customblock/white_stained_glass"},"elements":[{"__comment":"element","from":[8.8,12.1045,7.52],"to":[32,12.29545,7.76],"rotation":{"origin":[7.5,12.2,8],"axis":"x","angle":-45},"faces":{"down":{"uv":[0,11.5,0.5,12],"texture":"#0"},"up":{"uv":[0,11.5,0.5,12],"texture":"#0"},"north":{"uv":[0,11.5,0.5,12],"texture":"#0"},"south":{"uv":[0,11.5,0.5,12],"texture":"#0"},"west":{"uv":[0,11.5,0.5,12],"texture":"#0"},"east":{"uv":[0,11.5,0.5,12],"texture":"#0"}}},{"__comment":"element","from":[8.8,12.1045,7.52],"to":[32,12.29545,7.76],"rotation":{"origin":[7.5,12.2,8],"axis":"x","angle":-22.5},"faces":{"down":{"uv":[0,11.5,0.5,12],"texture":"#0"},"up":{"uv":[0,11.5,0.5,12],"texture":"#0"},"north":{"uv":[0,11.5,0.5,12],"texture":"#0"},"south":{"uv":[0,11.5,0.5,12],"texture":"#0"},"west":{"uv":[0,11.5,0.5,12],"texture":"#0"},"east":{"uv":[0,11.5,0.5,12],"texture":"#0"}}},{"__comment":"element","from":[8.8,12.1045,7.52],"to":[32,12.29545,7.76],"faces":{"down":{"uv":[0,11.5,0.5,12],"texture":"#0"},"up":{"uv":[0,11.5,0.5,12],"texture":"#0"},"north":{"uv":[0,11.5,0.5,12],"texture":"#0"},"south":{"uv":[0,11.5,0.5,12],"texture":"#0"},"west":{"uv":[0,11.5,0.5,12],"texture":"#0"},"east":{"uv":[0,11.5,0.5,12],"texture":"#0"}}},{"__comment":"element","from":[8.8,12.1045,7.52],"to":[32,12.29545,7.76],"rotation":{"origin":[7.5,12.2,8],"axis":"x","angle":22.5},"faces":{"down":{"uv":[0,11.5,0.5,12],"texture":"#0"},"up":{"uv":[0,11.5,0.5,12],"texture":"#0"},"north":{"uv":[0,11.5,0.5,12],"texture":"#0"},"south":{"uv":[0,11.5,0.5,12],"texture":"#0"},"west":{"uv":[0,11.5,0.5,12],"texture":"#0"},"east":{"uv":[0,11.5,0.5,12],"texture":"#0"}}},{"__comment":"element","from":[7,12.1045,7.52],"to":[32,12.29545,7.76],"rotation":{"origin":[7.5,12.2,8],"axis":"x","angle":45},"faces":{"down":{"uv":[0,11.5,0.5,12],"texture":"#0"},"up":{"uv":[0,11.5,0.5,12],"texture":"#0"},"north":{"uv":[0,11.5,0.5,12],"texture":"#0"},"south":{"uv":[0,11.5,0.5,12],"texture":"#0"},"west":{"uv":[0,11.5,0.5,12],"texture":"#0"},"east":{"uv":[0,11.5,0.5,12],"texture":"#0"}}},{"__comment":"element","from":[8.8,12.1045,8.24],"to":[32,12.29545,8.48],"rotation":{"origin":[7.5,12.2,8],"axis":"x","angle":-45},"faces":{"down":{"uv":[0,11.5,0.5,12],"texture":"#0"},"up":{"uv":[0,11.5,0.5,12],"texture":"#0"},"north":{"uv":[0,11.5,0.5,12],"texture":"#0"},"south":{"uv":[0,11.5,0.5,12],"texture":"#0"},"west":{"uv":[0,11.5,0.5,12],"texture":"#0"},"east":{"uv":[0,11.5,0.5,12],"texture":"#0"}}},{"__comment":"element","from":[8.8,12.1045,8.24],"to":[32,12.29545,8.48],"rotation":{"origin":[7.5,12.2,8],"axis":"x","angle":-22.5},"faces":{"down":{"uv":[0,11.5,0.5,12],"texture":"#0"},"up":{"uv":[0,11.5,0.5,12],"texture":"#0"},"north":{"uv":[0,11.5,0.5,12],"texture":"#0"},"south":{"uv":[0,11.5,0.5,12],"texture":"#0"},"west":{"uv":[0,11.5,0.5,12],"texture":"#0"},"east":{"uv":[0,11.5,0.5,12],"texture":"#0"}}},{"__comment":"element","from":[8.8,12.1045,8.24],"to":[32,12.29545,8.48],"faces":{"down":{"uv":[0,11.5,0.5,12],"texture":"#0"},"up":{"uv":[0,11.5,0.5,12],"texture":"#0"},"north":{"uv":[0,11.5,0.5,12],"texture":"#0"},"south":{"uv":[0,11.5,0.5,12],"texture":"#0"},"west":{"uv":[0,11.5,0.5,12],"texture":"#0"},"east":{"uv":[0,11.5,0.5,12],"texture":"#0"}}},{"__comment":"element","from":[8.8,12.1045,8.24],"to":[32,12.29545,8.48],"rotation":{"origin":[7.5,12.2,8],"axis":"x","angle":22.5},"faces":{"down":{"uv":[0,11.5,0.5,12],"texture":"#0"},"up":{"uv":[0,11.5,0.5,12],"texture":"#0"},"north":{"uv":[0,11.5,0.5,12],"texture":"#0"},"south":{"uv":[0,11.5,0.5,12],"texture":"#0"},"west":{"uv":[0,11.5,0.5,12],"texture":"#0"},"east":{"uv":[0,11.5,0.5,12],"texture":"#0"}}},{"__comment":"element","from":[8.8,12.1045,8.24],"to":[32,12.29545,8.48],"rotation":{"origin":[7.5,12.2,8],"axis":"x","angle":45},"faces":{"down":{"uv":[0,11.5,0.5,12],"texture":"#0"},"up":{"uv":[0,11.5,0.5,12],"texture":"#0"},"north":{"uv":[0,11.5,0.5,12],"texture":"#0"},"south":{"uv":[0,11.5,0.5,12],"texture":"#0"},"west":{"uv":[0,11.5,0.5,12],"texture":"#0"},"east":{"uv":[0,11.5,0.5,12],"texture":"#0"}}},{"__comment":"element","from":[8.8,11.72,7.9045],"to":[32,11.96,8.09545],"rotation":{"origin":[7.5,12.2,8],"axis":"x","angle":-22.5},"faces":{"down":{"uv":[0,11.5,0.5,12],"texture":"#0"},"up":{"uv":[0,11.5,0.5,12],"texture":"#0"},"north":{"uv":[0,11.5,0.5,12],"texture":"#0"},"south":{"uv":[0,11.5,0.5,12],"texture":"#0"},"west":{"uv":[0,11.5,0.5,12],"texture":"#0"},"east":{"uv":[0,11.5,0.5,12],"texture":"#0"}}},{"__comment":"element","from":[8.8,11.72,7.9045],"to":[32,11.96,8.09545],"faces":{"down":{"uv":[0,11.5,0.5,12],"texture":"#0"},"up":{"uv":[0,11.5,0.5,12],"texture":"#0"},"north":{"uv":[0,11.5,0.5,12],"texture":"#0"},"south":{"uv":[0,11.5,0.5,12],"texture":"#0"},"west":{"uv":[0,11.5,0.5,12],"texture":"#0"},"east":{"uv":[0,11.5,0.5,12],"texture":"#0"}}},{"__comment":"element","from":[8.8,11.72,7.9045],"to":[32,11.96,8.09545],"rotation":{"origin":[7.5,12.2,8],"axis":"x","angle":22.5},"faces":{"down":{"uv":[0,11.5,0.5,12],"texture":"#0"},"up":{"uv":[0,11.5,0.5,12],"texture":"#0"},"north":{"uv":[0,11.5,0.5,12],"texture":"#0"},"south":{"uv":[0,11.5,0.5,12],"texture":"#0"},"west":{"uv":[0,11.5,0.5,12],"texture":"#0"},"east":{"uv":[0,11.5,0.5,12],"texture":"#0"}}},{"__comment":"element","from":[8.8,12.44,7.9045],"to":[32,12.68,8.09545],"rotation":{"origin":[7.5,12.2,8],"axis":"x","angle":-22.5},"faces":{"down":{"uv":[0,11.5,0.5,12],"texture":"#0"},"up":{"uv":[0,11.5,0.5,12],"texture":"#0"},"north":{"uv":[0,11.5,0.5,12],"texture":"#0"},"south":{"uv":[0,11.5,0.5,12],"texture":"#0"},"west":{"uv":[0,11.5,0.5,12],"texture":"#0"},"east":{"uv":[0,11.5,0.5,12],"texture":"#0"}}},{"__comment":"element","from":[8.8,12.44,7.9045],"to":[32,12.68,8.09545],"faces":{"down":{"uv":[0,11.5,0.5,12],"texture":"#0"},"up":{"uv":[0,11.5,0.5,12],"texture":"#0"},"north":{"uv":[0,11.5,0.5,12],"texture":"#0"},"south":{"uv":[0,11.5,0.5,12],"texture":"#0"},"west":{"uv":[0,11.5,0.5,12],"texture":"#0"},"east":{"uv":[0,11.5,0.5,12],"texture":"#0"}}},{"__comment":"element","from":[8.8,12.44,7.9045],"to":[32,12.68,8.09545],"rotation":{"origin":[7.5,12.2,8],"axis":"x","angle":22.5},"faces":{"down":{"uv":[0,11.5,0.5,12],"texture":"#0"},"up":{"uv":[0,11.5,0.5,12],"texture":"#0"},"north":{"uv":[0,11.5,0.5,12],"texture":"#0"},"south":{"uv":[0,11.5,0.5,12],"texture":"#0"},"west":{"uv":[0,11.5,0.5,12],"texture":"#0"},"east":{"uv":[0,11.5,0.5,12],"texture":"#0"}}},{"__comment":"element","from":[2.1,11.65,7.7406],"to":[9.7,12.75,8.259399],"faces":{"down":{"uv":[6,0,6.5,0.5],"texture":"#0"},"up":{"uv":[6,0,6.5,0.5],"texture":"#0"},"north":{"uv":[6,0,6.5,0.5],"texture":"#0"},"south":{"uv":[11.5,15.5,12,16],"texture":"#0"},"west":{"uv":[6,0,6.5,0.5],"texture":"#0"},"east":{"uv":[6,0,6.5,0.5],"texture":"#0"}}},{"__comment":"element","from":[2.1,11.663,7.672],"to":[9.7,12.763,8.1908],"rotation":{"origin":[5.75,12.21302,7.98144],"axis":"x","angle":-45},"faces":{"down":{"uv":[6,0,6.5,0.5],"texture":"#0"},"up":{"uv":[6,0,6.5,0.5],"texture":"#0"},"north":{"uv":[6,0,6.5,0.5],"texture":"#0"},"south":{"uv":[11.5,15.5,12,16],"texture":"#0"},"west":{"uv":[6,0,6.5,0.5],"texture":"#0"},"east":{"uv":[6,0,6.5,0.5],"texture":"#0"}}},{"__comment":"element","from":[8.099999,11.1643,7.3738],"to":[9.699999,12.3831,8.623799],"faces":{"down":{"uv":[6,0,6.5,0.5],"texture":"#0","rotation":180},"up":{"uv":[6,0,6.5,0.5],"texture":"#0"},"north":{"uv":[6,0,6.5,0.5],"texture":"#0","rotation":180},"south":{"uv":[6,0,6.5,0.5],"texture":"#0"},"west":{"uv":[6,0,6.5,0.5],"texture":"#0","rotation":270},"east":{"uv":[6,0,6.5,0.5],"texture":"#0","rotation":90}}},{"__comment":"element","from":[5.4,11.1643,7.3738],"to":[8.1,12.3831,8.5238],"faces":{"down":{"uv":[6,0,6.5,0.5],"texture":"#0","rotation":180},"up":{"uv":[6,0,6.5,0.5],"texture":"#0"},"north":{"uv":[6,0,6.5,0.5],"texture":"#0","rotation":180},"south":{"uv":[6,0,6.5,0.5],"texture":"#0"},"west":{"uv":[6,0,6.5,0.5],"texture":"#0","rotation":270},"east":{"uv":[6,0,6.5,0.5],"texture":"#0","rotation":90}}},{"__comment":"element","from":[5.3,11.8644,7.9738],"to":[8.299999,12.3832,8.573799],"faces":{"down":{"uv":[11.5,15.5,12,16],"texture":"#0"},"up":{"uv":[11.5,15.5,12,16],"texture":"#0"},"north":{"uv":[11.5,15.5,12,16],"texture":"#0"},"south":{"uv":[11.5,15.5,12,16],"texture":"#0"},"west":{"uv":[11.5,15.5,12,16],"texture":"#0"},"east":{"uv":[11.5,15.5,12,16],"texture":"#0"}}},{"__comment":"element","from":[2.1,11.1643,7.3738],"to":[5.4,12.3831,8.623799],"faces":{"down":{"uv":[6,0,6.5,0.5],"texture":"#0","rotation":180},"up":{"uv":[6,0,6.5,0.5],"texture":"#0"},"north":{"uv":[6,0,6.5,0.5],"texture":"#0","rotation":180},"south":{"uv":[6,0,6.5,0.5],"texture":"#0"},"west":{"uv":[6,0,6.5,0.5],"texture":"#0","rotation":270},"east":{"uv":[6,0,6.5,0.5],"texture":"#0","rotation":90}}},{"__comment":"element","from":[3.4,11.5312,9.0376],"to":[3.9,12.0312,9.7376],"faces":{"down":{"uv":[6,0,6.5,0.5],"texture":"#0","rotation":180},"up":{"uv":[6,0,6.5,0.5],"texture":"#0"},"north":{"uv":[6,0,6.5,0.5],"texture":"#0","rotation":180},"south":{"uv":[6,0,6.5,0.5],"texture":"#0"},"west":{"uv":[6,0,6.5,0.5],"texture":"#0","rotation":270},"east":{"uv":[6,0,6.5,0.5],"texture":"#0","rotation":90}}},{"__comment":"element","from":[3.3,11.4312,9.737599],"to":[4,12.1312,10.4376],"faces":{"down":{"uv":[6,0,6.5,0.5],"texture":"#0","rotation":180},"up":{"uv":[6,0,6.5,0.5],"texture":"#0"},"north":{"uv":[6,0,6.5,0.5],"texture":"#0","rotation":180},"south":{"uv":[6,0,6.5,0.5],"texture":"#0"},"west":{"uv":[6,0,6.5,0.5],"texture":"#0","rotation":270},"east":{"uv":[6,0,6.5,0.5],"texture":"#0","rotation":90}}},{"__comment":"element","from":[3.4,11.4415,8.209],"to":[3.9,11.9415,9.009],"rotation":{"origin":[2.65,11.41435,9.24875],"axis":"x","angle":22.5},"faces":{"down":{"uv":[6,0,6.5,0.5],"texture":"#0","rotation":180},"up":{"uv":[6,0,6.5,0.5],"texture":"#0"},"north":{"uv":[6,0,6.5,0.5],"texture":"#0","rotation":180},"south":{"uv":[6,0,6.5,0.5],"texture":"#0"},"west":{"uv":[6,0,6.5,0.5],"texture":"#0","rotation":270},"east":{"uv":[6,0,6.5,0.5],"texture":"#0","rotation":90}}},{"__comment":"element","from":[4,10.5,7.2738],"to":[17.8,11.95,8.723801],"faces":{"down":{"uv":[6,0,6.5,0.5],"texture":"#1","rotation":180},"up":{"uv":[6,0,6.5,0.5],"texture":"#1","rotation":180},"north":{"uv":[6,0,6.5,0.5],"texture":"#1","rotation":180},"south":{"uv":[6,0,6.5,0.5],"texture":"#1","rotation":180},"west":{"uv":[6,0,6.5,0.5],"texture":"#1","rotation":180},"east":{"uv":[6,0,6.5,0.5],"texture":"#1","rotation":180}}},{"__comment":"element","from":[4.6036,9.476299,7.2738],"to":[8.6286,10.5013,8.723801],"faces":{"down":{"uv":[6,0,6.5,0.5],"texture":"#1","rotation":180},"up":{"uv":[6,0,6.5,0.5],"texture":"#1","rotation":180},"north":{"uv":[6,0,6.5,0.5],"texture":"#1","rotation":180},"south":{"uv":[6,0,6.5,0.5],"texture":"#1","rotation":180},"west":{"uv":[6,0,6.5,0.5],"texture":"#1","rotation":180},"east":{"uv":[6,0,6.5,0.5],"texture":"#1","rotation":180}}},{"__comment":"element","from":[5.2036,8.3763,7.3738],"to":[8.4036,9.5763,8.623799],"faces":{"down":{"uv":[4,4,4.5,4.5],"texture":"#0","rotation":180},"up":{"uv":[4,4,4.5,4.5],"texture":"#0","rotation":180},"north":{"uv":[4,4,4.5,4.5],"texture":"#0","rotation":180},"south":{"uv":[4,4,4.5,4.5],"texture":"#0","rotation":180},"west":{"uv":[4,4,4.5,4.5],"texture":"#0","rotation":180},"east":{"uv":[4,4,4.5,4.5],"texture":"#0","rotation":180}}},{"__comment":"element","from":[5.2036,7.2263,7.3738],"to":[5.6311,8.3763,8.623799],"faces":{"down":{"uv":[4,4,4.5,4.5],"texture":"#0","rotation":180},"up":{"uv":[4,4,4.5,4.5],"texture":"#0","rotation":180},"north":{"uv":[4,4,4.5,4.5],"texture":"#0","rotation":180},"south":{"uv":[4,4,4.5,4.5],"texture":"#0","rotation":180},"west":{"uv":[4,4,4.5,4.5],"texture":"#0","rotation":180},"east":{"uv":[4,4,4.5,4.5],"texture":"#0","rotation":180}}},{"__comment":"element","from":[5.468,7.6156,7.3738],"to":[8.468,8.690599,8.623799],"rotation":{"origin":[6.5236,7.8341,7.99875],"axis":"z","angle":22.5},"faces":{"down":{"uv":[4,4,4.5,4.5],"texture":"#0","rotation":180},"up":{"uv":[4,4,4.5,4.5],"texture":"#0","rotation":180},"north":{"uv":[4,4,4.5,4.5],"texture":"#0","rotation":180},"south":{"uv":[4,4,4.5,4.5],"texture":"#0","rotation":180},"west":{"uv":[4,4,4.5,4.5],"texture":"#0","rotation":180},"east":{"uv":[4,4,4.5,4.5],"texture":"#0","rotation":180}}},{"__comment":"element","from":[0.1881,7.1704,7.2738],"to":[1.4381,10.8954,8.723801],"rotation":{"origin":[0.91305,8.58286,7.99875],"axis":"z","angle":-22.5},"faces":{"down":{"uv":[6,0,6.5,0.5],"texture":"#1","rotation":90},"up":{"uv":[6,0,6.5,0.5],"texture":"#1","rotation":90},"north":{"uv":[6,0,6.5,0.5],"texture":"#1","rotation":270},"south":{"uv":[6,0,6.5,0.5],"texture":"#1","rotation":90},"west":{"uv":[6,0,6.5,0.5],"texture":"#1","rotation":90},"east":{"uv":[6,0,6.5,0.5],"texture":"#1","rotation":90}}},{"__comment":"element","from":[-0.7674,7.077,7.2738],"to":[0.8576,8.426999,8.723801],"faces":{"down":{"uv":[6,0,6.5,0.5],"texture":"#1"},"up":{"uv":[6,0,6.5,0.5],"texture":"#1"},"north":{"uv":[6,0,6.5,0.5],"texture":"#1"},"south":{"uv":[6,0,6.5,0.5],"texture":"#1"},"west":{"uv":[6,0,6.5,0.5],"texture":"#1"},"east":{"uv":[6,0,6.5,0.5],"texture":"#1"}}},{"__comment":"element","from":[-2.2456,7.9833,7.2738],"to":[-0.4206001,9.233299,8.723801],"rotation":{"origin":[-2.87215,8.40213,7.99875],"axis":"z","angle":-22.5},"faces":{"down":{"uv":[6,0,6.5,0.5],"texture":"#1"},"up":{"uv":[6,0,6.5,0.5],"texture":"#1"},"north":{"uv":[6,0,6.5,0.5],"texture":"#1"},"south":{"uv":[6,0,6.5,0.5],"texture":"#1"},"west":{"uv":[6,0,6.5,0.5],"texture":"#1"},"east":{"uv":[6,0,6.5,0.5],"texture":"#1"}}},{"__comment":"element","from":[-3.6744,7.7426,7.2738],"to":[-1.9494,8.992599,8.723801],"rotation":{"origin":[-2.16185,8.36757,7.99875],"axis":"z","angle":-45},"faces":{"down":{"uv":[6,0,6.5,0.5],"texture":"#1"},"up":{"uv":[6,0,6.5,0.5],"texture":"#1"},"north":{"uv":[6,0,6.5,0.5],"texture":"#1"},"south":{"uv":[6,0,6.5,0.5],"texture":"#1"},"west":{"uv":[6,0,6.5,0.5],"texture":"#1"},"east":{"uv":[6,0,6.5,0.5],"texture":"#1"}}},{"__comment":"element","from":[-2.4819,8.7662,7.2738],"to":[-1.7319,10.6912,8.723801],"rotation":{"origin":[-1.88737,8.32559,7.99875],"axis":"z","angle":22.5},"faces":{"down":{"uv":[6,0,6.5,0.5],"texture":"#1","rotation":90},"up":{"uv":[6,0,6.5,0.5],"texture":"#1","rotation":90},"north":{"uv":[6,0,6.5,0.5],"texture":"#1","rotation":270},"south":{"uv":[6,0,6.5,0.5],"texture":"#1","rotation":90},"west":{"uv":[6,0,6.5,0.5],"texture":"#1","rotation":90},"east":{"uv":[6,0,6.5,0.5],"texture":"#1","rotation":90}}},{"__comment":"element","from":[0.2839,7.9816,7.2738],"to":[1.0339,9.9066,8.723801],"rotation":{"origin":[-2.53476,9.57611,7.99875],"axis":"z","angle":22.5},"faces":{"down":{"uv":[6,0,6.5,0.5],"texture":"#1","rotation":90},"up":{"uv":[6,0,6.5,0.5],"texture":"#1","rotation":90},"north":{"uv":[6,0,6.5,0.5],"texture":"#1","rotation":270},"south":{"uv":[6,0,6.5,0.5],"texture":"#1","rotation":90},"west":{"uv":[6,0,6.5,0.5],"texture":"#1","rotation":90},"east":{"uv":[6,0,6.5,0.5],"texture":"#1","rotation":90}}},{"__comment":"element","from":[-3.189,9.317699,7.2738],"to":[-2.339,10.8427,8.723801],"rotation":{"origin":[-2.58095,9.55698,7.99875],"axis":"z","angle":-22.5},"faces":{"down":{"uv":[6,0,6.5,0.5],"texture":"#1","rotation":90},"up":{"uv":[6,0,6.5,0.5],"texture":"#1","rotation":90},"north":{"uv":[6,0,6.5,0.5],"texture":"#1","rotation":270},"south":{"uv":[6,0,6.5,0.5],"texture":"#1","rotation":90},"west":{"uv":[6,0,6.5,0.5],"texture":"#1","rotation":90},"east":{"uv":[6,0,6.5,0.5],"texture":"#1","rotation":90}}},{"__comment":"element","from":[1.5132,10.2914,7.2738],"to":[1.7632,10.9164,8.723801],"rotation":{"origin":[1.71805,9.87301,7.99875],"axis":"z","angle":-45},"faces":{"down":{"uv":[6,0,6.5,0.5],"texture":"#1","rotation":90},"up":{"uv":[6,0,6.5,0.5],"texture":"#1","rotation":90},"north":{"uv":[6,0,6.5,0.5],"texture":"#1","rotation":270},"south":{"uv":[6,0,6.5,0.5],"texture":"#1","rotation":90},"west":{"uv":[6,0,6.5,0.5],"texture":"#1","rotation":90},"east":{"uv":[6,0,6.5,0.5],"texture":"#1","rotation":90}}},{"__comment":"element","from":[3.9174,11.2813,7.4738],"to":[4.1674,11.9063,8.5238],"rotation":{"origin":[1.71805,9.87301,7.99875],"axis":"z","angle":-45},"faces":{"down":{"uv":[6,0,6.5,0.5],"texture":"#1","rotation":90},"up":{"uv":[6,0,6.5,0.5],"texture":"#1","rotation":90},"north":{"uv":[6,0,6.5,0.5],"texture":"#1","rotation":270},"south":{"uv":[6,0,6.5,0.5],"texture":"#1","rotation":90},"west":{"uv":[6,0,6.5,0.5],"texture":"#1","rotation":90},"east":{"uv":[6,0,6.5,0.5],"texture":"#1","rotation":90}}},{"__comment":"element","from":[5.1605,9.840799,7.2738],"to":[5.4105,10.4658,8.723801],"rotation":{"origin":[4.5784,9.44623,7.99875],"axis":"z","angle":45},"faces":{"down":{"uv":[6,0,6.5,0.5],"texture":"#1","rotation":90},"up":{"uv":[6,0,6.5,0.5],"texture":"#1","rotation":90},"north":{"uv":[6,0,6.5,0.5],"texture":"#1","rotation":270},"south":{"uv":[6,0,6.5,0.5],"texture":"#1","rotation":90},"west":{"uv":[6,0,6.5,0.5],"texture":"#1","rotation":90},"east":{"uv":[6,0,6.5,0.5],"texture":"#1","rotation":90}}},{"__comment":"element","from":[2.7662,10.8308,7.4738],"to":[3.0162,11.6558,8.5238],"rotation":{"origin":[4.58824,9.44623,7.99875],"axis":"z","angle":45},"faces":{"down":{"uv":[6,0,6.5,0.5],"texture":"#1","rotation":90},"up":{"uv":[6,0,6.5,0.5],"texture":"#1","rotation":90},"north":{"uv":[6,0,6.5,0.5],"texture":"#1","rotation":270},"south":{"uv":[6,0,6.5,0.5],"texture":"#1","rotation":90},"west":{"uv":[6,0,6.5,0.5],"texture":"#1","rotation":90},"east":{"uv":[6,0,6.5,0.5],"texture":"#1","rotation":90}}},{"__comment":"element","from":[2.3208,9.1369,7.4738],"to":[4.4458,9.3869,8.5238],"faces":{"down":{"uv":[6,0,6.5,0.5],"texture":"#1"},"up":{"uv":[6,0,6.5,0.5],"texture":"#1"},"north":{"uv":[6,0,6.5,0.5],"texture":"#1"},"south":{"uv":[6,0,6.5,0.5],"texture":"#1"},"west":{"uv":[6,0,6.5,0.5],"texture":"#1"},"east":{"uv":[6,0,6.5,0.5],"texture":"#1"}}},{"__comment":"element","from":[2.8208,10.0369,7.8238],"to":[3.1458,10.7869,8.1738],"faces":{"down":{"uv":[6,0,6.5,0.5],"texture":"#0"},"up":{"uv":[6,0,6.5,0.5],"texture":"#0"},"north":{"uv":[6,0,6.5,0.5],"texture":"#0"},"south":{"uv":[6,0,6.5,0.5],"texture":"#0"},"west":{"uv":[6,0,6.5,0.5],"texture":"#0"},"east":{"uv":[6,0,6.5,0.5],"texture":"#0"}}},{"__comment":"element","from":[2.952,9.6776,7.8238],"to":[3.277,10.1276,8.1738],"rotation":{"origin":[3.11446,9.7526,7.99875],"axis":"z","angle":22.5},"faces":{"down":{"uv":[6,0,6.5,0.5],"texture":"#0"},"up":{"uv":[6,0,6.5,0.5],"texture":"#0"},"north":{"uv":[6,0,6.5,0.5],"texture":"#0"},"south":{"uv":[6,0,6.5,0.5],"texture":"#0"},"west":{"uv":[6,0,6.5,0.5],"texture":"#0"},"east":{"uv":[6,0,6.5,0.5],"texture":"#0"}}},{"__comment":"element","from":[9.1029,10.2343,7.2738],"to":[11.7779,11.6843,8.723801],"rotation":{"origin":[10.77114,8.66324,7.99875],"axis":"z","angle":22.5},"faces":{"down":{"uv":[6,0,6.5,0.5],"texture":"#1","rotation":180},"up":{"uv":[6,0,6.5,0.5],"texture":"#1","rotation":180},"north":{"uv":[6,0,6.5,0.5],"texture":"#1","rotation":180},"south":{"uv":[6,0,6.5,0.5],"texture":"#1","rotation":180},"west":{"uv":[6,0,6.5,0.5],"texture":"#1","rotation":180},"east":{"uv":[6,0,6.5,0.5],"texture":"#1","rotation":180}}},{"__comment":"element","from":[-3.1318,10.4413,7.2738],"to":[2.0682,11.3413,8.723801],"faces":{"down":{"uv":[6,0,6.5,0.5],"texture":"#1","rotation":180},"up":{"uv":[6,0,6.5,0.5],"texture":"#1","rotation":180},"north":{"uv":[6,0,6.5,0.5],"texture":"#1","rotation":180},"south":{"uv":[6,0,6.5,0.5],"texture":"#1","rotation":180},"west":{"uv":[6,0,6.5,0.5],"texture":"#1","rotation":180},"east":{"uv":[6,0,6.5,0.5],"texture":"#1","rotation":180}}},{"__comment":"element","from":[-6.5318,11.1795,7.5347],"to":[2.1032,11.6295,7.8847],"rotation":{"origin":[-0.48176,11.57522,7.63044],"axis":"x","angle":-22.5},"faces":{"down":{"uv":[6,0,6.5,0.5],"texture":"#1","rotation":180},"up":{"uv":[6,0,6.5,0.5],"texture":"#1","rotation":180},"north":{"uv":[6,0,6.5,0.5],"texture":"#1","rotation":180},"south":{"uv":[6,0,6.5,0.5],"texture":"#1","rotation":180},"west":{"uv":[6,0,6.5,0.5],"texture":"#1","rotation":180},"east":{"uv":[6,0,6.5,0.5],"texture":"#1","rotation":180}}},{"__comment":"element","from":[17.4408,12.4904,7.2738],"to":[17.8908,12.8404,8.723801],"rotation":{"origin":[13.58806,11.22517,8.75625],"axis":"z","angle":-22.5},"faces":{"down":{"uv":[6,0,6.5,0.5],"texture":"#1","rotation":270},"up":{"uv":[6,0,6.5,0.5],"texture":"#1","rotation":270},"north":{"uv":[6,0,6.5,0.5],"texture":"#1","rotation":90},"south":{"uv":[6,0,6.5,0.5],"texture":"#1","rotation":270},"west":{"uv":[6,0,6.5,0.5],"texture":"#1","rotation":180},"east":{"uv":[6,0,6.5,0.5],"texture":"#1"}}},{"__comment":"element","from":[-8.531799,11.261,7.8292],"to":[-6.536799,11.711,8.179199],"rotation":{"origin":[-1.68176,10.82522,7.58044],"axis":"x","angle":-22.5},"faces":{"down":{"uv":[11.5,15.5,12,16],"texture":"#0","rotation":180},"up":{"uv":[11.5,15.5,12,16],"texture":"#0","rotation":180},"north":{"uv":[11.5,15.5,12,16],"texture":"#0","rotation":180},"south":{"uv":[11.5,15.5,12,16],"texture":"#0","rotation":180},"west":{"uv":[11.5,15.5,12,16],"texture":"#0","rotation":180},"east":{"uv":[11.5,15.5,12,16],"texture":"#0","rotation":180}}},{"__comment":"element","from":[-8.531799,7.4791,7.7801],"to":[-6.536799,7.9291,8.1301],"rotation":{"origin":[-1.68176,8.4573,8.41706],"axis":"x","angle":-22.5},"faces":{"down":{"uv":[11.5,15.5,12,16],"texture":"#0","rotation":180},"up":{"uv":[11.5,15.5,12,16],"texture":"#0","rotation":180},"north":{"uv":[11.5,15.5,12,16],"texture":"#0"},"south":{"uv":[11.5,15.5,12,16],"texture":"#0"},"west":{"uv":[11.5,15.5,12,16],"texture":"#0"},"east":{"uv":[11.5,15.5,12,16],"texture":"#0"}}},{"__comment":"element","from":[-6.5318,7.4791,7.7301],"to":[-5.1068,7.9291,8.080099],"rotation":{"origin":[-2.28176,8.4573,8.36706],"axis":"x","angle":-22.5},"faces":{"down":{"uv":[6,0,6.5,0.5],"texture":"#1"},"up":{"uv":[6,0,6.5,0.5],"texture":"#1"},"north":{"uv":[6,0,6.5,0.5],"texture":"#1"},"south":{"uv":[6,0,6.5,0.5],"texture":"#1"},"west":{"uv":[6,0,6.5,0.5],"texture":"#1"},"east":{"uv":[6,0,6.5,0.5],"texture":"#1"}}},{"__comment":"element","from":[-6.5318,11.5491,7.4878],"to":[-2.8968,11.9991,8.0378],"rotation":{"origin":[-0.48176,11.57522,7.63044],"axis":"x","angle":-22.5},"faces":{"down":{"uv":[10.5,14.5,11,15],"texture":"#0","rotation":180},"up":{"uv":[10.5,14.5,11,15],"texture":"#0","rotation":180},"north":{"uv":[10.5,14.5,11,15],"texture":"#0","rotation":180},"south":{"uv":[10.5,14.5,11,15],"texture":"#0","rotation":180},"west":{"uv":[10.5,14.5,11,15],"texture":"#0","rotation":180},"east":{"uv":[10.5,14.5,11,15],"texture":"#0","rotation":180}}},{"__comment":"element","from":[-6.5318,11.2727,7.8446],"to":[2.1032,11.7227,8.1546],"faces":{"down":{"uv":[6,0,6.5,0.5],"texture":"#1"},"up":{"uv":[6,0,6.5,0.5],"texture":"#1"},"north":{"uv":[6,0,6.5,0.5],"texture":"#1","rotation":180},"south":{"uv":[6,0,6.5,0.5],"texture":"#1","rotation":180},"west":{"uv":[6,0,6.5,0.5],"texture":"#1","rotation":180},"east":{"uv":[6,0,6.5,0.5],"texture":"#1","rotation":180}}},{"__comment":"element","from":[17.7314,11.0708,7.2738],"to":[18.1814,11.3808,8.723801],"faces":{"down":{"uv":[6,0,6.5,0.5],"texture":"#1","rotation":270},"up":{"uv":[6,0,6.5,0.5],"texture":"#1","rotation":270},"north":{"uv":[6,0,6.5,0.5],"texture":"#1","rotation":90},"south":{"uv":[6,0,6.5,0.5],"texture":"#1","rotation":270},"west":{"uv":[6,0,6.5,0.5],"texture":"#1"},"east":{"uv":[6,0,6.5,0.5],"texture":"#1","rotation":180}}},{"__comment":"element","from":[-8.531799,11.4227,7.7946],"to":[-6.536799,11.8727,8.2046],"faces":{"down":{"uv":[11.5,15.5,12,16],"texture":"#0"},"up":{"uv":[11.5,15.5,12,16],"texture":"#0"},"north":{"uv":[11.5,15.5,12,16],"texture":"#0"},"south":{"uv":[11.5,15.5,12,16],"texture":"#0"},"west":{"uv":[11.5,15.5,12,16],"texture":"#0"},"east":{"uv":[11.5,15.5,12,16],"texture":"#0"}}},{"__comment":"element","from":[-8.531799,7.3098,7.7929],"to":[-6.536799,7.759799,8.2029],"faces":{"down":{"uv":[11.5,15.5,12,16],"texture":"#0"},"up":{"uv":[11.5,15.5,12,16],"texture":"#0"},"north":{"uv":[11.5,15.5,12,16],"texture":"#0","rotation":180},"south":{"uv":[11.5,15.5,12,16],"texture":"#0","rotation":180},"west":{"uv":[11.5,15.5,12,16],"texture":"#0","rotation":180},"east":{"uv":[11.5,15.5,12,16],"texture":"#0","rotation":180}}},{"__comment":"element","from":[-6.5318,7.3098,7.8429],"to":[-5.1068,7.759799,8.152901],"faces":{"down":{"uv":[6,0,6.5,0.5],"texture":"#1","rotation":180},"up":{"uv":[6,0,6.5,0.5],"texture":"#1","rotation":180},"north":{"uv":[6,0,6.5,0.5],"texture":"#1","rotation":180},"south":{"uv":[6,0,6.5,0.5],"texture":"#1","rotation":180},"west":{"uv":[6,0,6.5,0.5],"texture":"#1","rotation":180},"east":{"uv":[6,0,6.5,0.5],"texture":"#1","rotation":180}}},{"__comment":"element","from":[-6.5318,11.6727,7.8446],"to":[-2.8968,12.1227,8.1546],"faces":{"down":{"uv":[10.5,14.5,11,15],"texture":"#0","rotation":180},"up":{"uv":[10.5,14.5,11,15],"texture":"#0","rotation":180},"north":{"uv":[10.5,14.5,11,15],"texture":"#0","rotation":180},"south":{"uv":[10.5,14.5,11,15],"texture":"#0","rotation":180},"west":{"uv":[10.5,14.5,11,15],"texture":"#0","rotation":180},"east":{"uv":[10.5,14.5,11,15],"texture":"#0","rotation":180}}},{"__comment":"element","from":[-6.5318,11.2152,8.0918],"to":[2.1032,11.6652,8.441799],"rotation":{"origin":[-0.48176,11.54023,8.26675],"axis":"x","angle":22.5},"faces":{"down":{"uv":[6,0,6.5,0.5],"texture":"#1"},"up":{"uv":[6,0,6.5,0.5],"texture":"#1"},"north":{"uv":[6,0,6.5,0.5],"texture":"#1","rotation":180},"south":{"uv":[6,0,6.5,0.5],"texture":"#1","rotation":180},"west":{"uv":[6,0,6.5,0.5],"texture":"#1","rotation":180},"east":{"uv":[6,0,6.5,0.5],"texture":"#1","rotation":180}}},{"__comment":"element","from":[17.4407,9.6096,7.2738],"to":[17.8907,9.9596,8.723801],"rotation":{"origin":[13.58806,11.22517,8.75625],"axis":"z","angle":22.5},"faces":{"down":{"uv":[6,0,6.5,0.5],"texture":"#1","rotation":270},"up":{"uv":[6,0,6.5,0.5],"texture":"#1","rotation":270},"north":{"uv":[6,0,6.5,0.5],"texture":"#1","rotation":90},"south":{"uv":[6,0,6.5,0.5],"texture":"#1","rotation":270},"west":{"uv":[6,0,6.5,0.5],"texture":"#1"},"east":{"uv":[6,0,6.5,0.5],"texture":"#1","rotation":180}}},{"__comment":"element","from":[-8.531799,11.2967,7.7973],"to":[-6.536799,11.7467,8.1473],"rotation":{"origin":[-1.68176,10.79023,8.31675],"axis":"x","angle":22.5},"faces":{"down":{"uv":[11.5,15.5,12,16],"texture":"#0"},"up":{"uv":[11.5,15.5,12,16],"texture":"#0"},"north":{"uv":[11.5,15.5,12,16],"texture":"#0"},"south":{"uv":[11.5,15.5,12,16],"texture":"#0"},"west":{"uv":[11.5,15.5,12,16],"texture":"#0"},"east":{"uv":[11.5,15.5,12,16],"texture":"#0"}}},{"__comment":"element","from":[-8.531799,7.4434,7.8884],"to":[-6.536799,7.8934,8.2384],"rotation":{"origin":[-1.68176,8.49229,7.68075],"axis":"x","angle":22.5},"faces":{"down":{"uv":[11.5,15.5,12,16],"texture":"#0"},"up":{"uv":[11.5,15.5,12,16],"texture":"#0"},"north":{"uv":[11.5,15.5,12,16],"texture":"#0","rotation":180},"south":{"uv":[11.5,15.5,12,16],"texture":"#0","rotation":180},"west":{"uv":[11.5,15.5,12,16],"texture":"#0","rotation":180},"east":{"uv":[11.5,15.5,12,16],"texture":"#0","rotation":180}}},{"__comment":"element","from":[-6.5318,7.4434,7.9384],"to":[-5.1068,7.8934,8.2884],"rotation":{"origin":[-2.28176,8.49229,7.73075],"axis":"x","angle":22.5},"faces":{"down":{"uv":[6,0,6.5,0.5],"texture":"#1","rotation":180},"up":{"uv":[6,0,6.5,0.5],"texture":"#1","rotation":180},"north":{"uv":[6,0,6.5,0.5],"texture":"#1","rotation":180},"south":{"uv":[6,0,6.5,0.5],"texture":"#1","rotation":180},"west":{"uv":[6,0,6.5,0.5],"texture":"#1","rotation":180},"east":{"uv":[6,0,6.5,0.5],"texture":"#1","rotation":180}}},{"__comment":"element","from":[-6.5318,11.5848,7.9387],"to":[-2.8968,12.0348,8.488699],"rotation":{"origin":[-0.48176,11.54023,8.26675],"axis":"x","angle":22.5},"faces":{"down":{"uv":[10.5,14.5,11,15],"texture":"#0","rotation":180},"up":{"uv":[10.5,14.5,11,15],"texture":"#0","rotation":180},"north":{"uv":[10.5,14.5,11,15],"texture":"#0","rotation":180},"south":{"uv":[10.5,14.5,11,15],"texture":"#0","rotation":180},"west":{"uv":[10.5,14.5,11,15],"texture":"#0","rotation":180},"east":{"uv":[10.5,14.5,11,15],"texture":"#0","rotation":180}}},{"__comment":"element","from":[-6.5318,11.2516,7.3109],"to":[2.1032,11.5016,7.6609],"rotation":{"origin":[-0.48176,11.37662,7.48589],"axis":"x","angle":-45},"faces":{"down":{"uv":[6,0,6.5,0.5],"texture":"#1","rotation":180},"up":{"uv":[6,0,6.5,0.5],"texture":"#1","rotation":180},"north":{"uv":[6,0,6.5,0.5],"texture":"#1","rotation":180},"south":{"uv":[6,0,6.5,0.5],"texture":"#1","rotation":180},"west":{"uv":[6,0,6.5,0.5],"texture":"#1","rotation":180},"east":{"uv":[6,0,6.5,0.5],"texture":"#1","rotation":180}}},{"__comment":"element","from":[16.8291,13.6907,7.2738],"to":[17.0791,14.0407,8.723801],"rotation":{"origin":[13.58806,11.22517,8.75625],"axis":"z","angle":-45},"faces":{"down":{"uv":[6,0,6.5,0.5],"texture":"#1","rotation":270},"up":{"uv":[6,0,6.5,0.5],"texture":"#1","rotation":270},"north":{"uv":[6,0,6.5,0.5],"texture":"#1","rotation":90},"south":{"uv":[6,0,6.5,0.5],"texture":"#1","rotation":270},"west":{"uv":[6,0,6.5,0.5],"texture":"#1","rotation":180},"east":{"uv":[6,0,6.5,0.5],"texture":"#1"}}},{"__comment":"element","from":[-8.531799,11.138,7.8973],"to":[-6.536799,11.388,8.247299],"rotation":{"origin":[-1.68176,10.62662,7.43589],"axis":"x","angle":-45},"faces":{"down":{"uv":[11.5,15.5,12,16],"texture":"#0","rotation":180},"up":{"uv":[11.5,15.5,12,16],"texture":"#0","rotation":180},"north":{"uv":[11.5,15.5,12,16],"texture":"#0","rotation":180},"south":{"uv":[11.5,15.5,12,16],"texture":"#0","rotation":180},"west":{"uv":[11.5,15.5,12,16],"texture":"#0","rotation":180},"east":{"uv":[11.5,15.5,12,16],"texture":"#0","rotation":180}}},{"__comment":"element","from":[-8.531799,7.8238,7.6795],"to":[-6.536799,8.073799,8.029499],"rotation":{"origin":[-1.68176,8.6559,8.56162],"axis":"x","angle":-45},"faces":{"down":{"uv":[11.5,15.5,12,16],"texture":"#0","rotation":180},"up":{"uv":[11.5,15.5,12,16],"texture":"#0","rotation":180},"north":{"uv":[11.5,15.5,12,16],"texture":"#0"},"south":{"uv":[11.5,15.5,12,16],"texture":"#0"},"west":{"uv":[11.5,15.5,12,16],"texture":"#0"},"east":{"uv":[11.5,15.5,12,16],"texture":"#0"}}},{"__comment":"element","from":[-6.5318,7.8238,7.6295],"to":[-5.1068,8.073799,7.9795],"rotation":{"origin":[-2.28176,8.6559,8.51162],"axis":"x","angle":-45},"faces":{"down":{"uv":[6,0,6.5,0.5],"texture":"#1"},"up":{"uv":[6,0,6.5,0.5],"texture":"#1"},"north":{"uv":[6,0,6.5,0.5],"texture":"#1"},"south":{"uv":[6,0,6.5,0.5],"texture":"#1"},"west":{"uv":[6,0,6.5,0.5],"texture":"#1"},"east":{"uv":[6,0,6.5,0.5],"texture":"#1"}}},{"__comment":"element","from":[-6.5318,11.2516,8.336599],"to":[2.1032,11.5016,8.686599],"rotation":{"origin":[-0.48176,11.37662,8.51162],"axis":"x","angle":45},"faces":{"down":{"uv":[6,0,6.5,0.5],"texture":"#1"},"up":{"uv":[6,0,6.5,0.5],"texture":"#1"},"north":{"uv":[6,0,6.5,0.5],"texture":"#1","rotation":180},"south":{"uv":[6,0,6.5,0.5],"texture":"#1","rotation":180},"west":{"uv":[6,0,6.5,0.5],"texture":"#1","rotation":180},"east":{"uv":[6,0,6.5,0.5],"texture":"#1","rotation":180}}},{"__comment":"element","from":[16.8289,8.4094,7.2738],"to":[17.0789,8.759399,8.723801],"rotation":{"origin":[13.58806,11.22517,8.75625],"axis":"z","angle":45},"faces":{"down":{"uv":[6,0,6.5,0.5],"texture":"#1","rotation":270},"up":{"uv":[6,0,6.5,0.5],"texture":"#1","rotation":270},"north":{"uv":[6,0,6.5,0.5],"texture":"#1","rotation":90},"south":{"uv":[6,0,6.5,0.5],"texture":"#1","rotation":270},"west":{"uv":[6,0,6.5,0.5],"texture":"#1"},"east":{"uv":[6,0,6.5,0.5],"texture":"#1","rotation":180}}},{"__comment":"element","from":[-8.531799,11.138,7.7502],"to":[-6.536799,11.388,8.1002],"rotation":{"origin":[-1.68176,10.62662,8.56162],"axis":"x","angle":45},"faces":{"down":{"uv":[11.5,15.5,12,16],"texture":"#0"},"up":{"uv":[11.5,15.5,12,16],"texture":"#0"},"north":{"uv":[11.5,15.5,12,16],"texture":"#0"},"south":{"uv":[11.5,15.5,12,16],"texture":"#0"},"west":{"uv":[11.5,15.5,12,16],"texture":"#0"},"east":{"uv":[11.5,15.5,12,16],"texture":"#0"}}},{"__comment":"element","from":[-8.531799,7.8238,7.968],"to":[-6.536799,8.073799,8.318001],"rotation":{"origin":[-1.68176,8.6559,7.43589],"axis":"x","angle":45},"faces":{"down":{"uv":[11.5,15.5,12,16],"texture":"#0"},"up":{"uv":[11.5,15.5,12,16],"texture":"#0"},"north":{"uv":[11.5,15.5,12,16],"texture":"#0","rotation":180},"south":{"uv":[11.5,15.5,12,16],"texture":"#0","rotation":180},"west":{"uv":[11.5,15.5,12,16],"texture":"#0","rotation":180},"east":{"uv":[11.5,15.5,12,16],"texture":"#0","rotation":180}}},{"__comment":"element","from":[-6.5318,7.8238,8.018],"to":[-5.1068,8.073799,8.367999],"rotation":{"origin":[-2.28176,8.6559,7.48589],"axis":"x","angle":45},"faces":{"down":{"uv":[6,0,6.5,0.5],"texture":"#1","rotation":180},"up":{"uv":[6,0,6.5,0.5],"texture":"#1","rotation":180},"north":{"uv":[6,0,6.5,0.5],"texture":"#1","rotation":180},"south":{"uv":[6,0,6.5,0.5],"texture":"#1","rotation":180},"west":{"uv":[6,0,6.5,0.5],"texture":"#1","rotation":180},"east":{"uv":[6,0,6.5,0.5],"texture":"#1","rotation":180}}},{"__comment":"element","from":[-6.5318,8.691299,7.2738],"to":[-2.9318,11.3413,8.723801],"faces":{"down":{"uv":[6,0,6.5,0.5],"texture":"#1","rotation":180},"up":{"uv":[6,0,6.5,0.5],"texture":"#1","rotation":180},"north":{"uv":[6,0,6.5,0.5],"texture":"#1","rotation":180},"south":{"uv":[6,0,6.5,0.5],"texture":"#1","rotation":180},"west":{"uv":[6,0,6.5,0.5],"texture":"#1","rotation":180},"east":{"uv":[6,0,6.5,0.5],"texture":"#1","rotation":180}}},{"__comment":"element","from":[-6.5318,7.6913,7.2738],"to":[-5.1068,8.6913,8.723801],"faces":{"down":{"uv":[6,0,6.5,0.5],"texture":"#1","rotation":180},"up":{"uv":[6,0,6.5,0.5],"texture":"#1","rotation":180},"north":{"uv":[6,0,6.5,0.5],"texture":"#1","rotation":180},"south":{"uv":[6,0,6.5,0.5],"texture":"#1","rotation":180},"west":{"uv":[6,0,6.5,0.5],"texture":"#1","rotation":180},"east":{"uv":[6,0,6.5,0.5],"texture":"#1","rotation":180}}},{"__comment":"element","from":[-5.5101,7.877,7.2738],"to":[-4.9101,9.152,8.723801],"rotation":{"origin":[-5.4753,8.27853,7.99875],"axis":"z","angle":-22.5},"faces":{"down":{"uv":[6,0,6.5,0.5],"texture":"#1","rotation":180},"up":{"uv":[6,0,6.5,0.5],"texture":"#1","rotation":180},"north":{"uv":[6,0,6.5,0.5],"texture":"#1","rotation":180},"south":{"uv":[6,0,6.5,0.5],"texture":"#1","rotation":180},"west":{"uv":[6,0,6.5,0.5],"texture":"#1","rotation":180},"east":{"uv":[6,0,6.5,0.5],"texture":"#1","rotation":180}}},{"__comment":"element","from":[-8.531799,7.6913,7.2238],"to":[-6.531799,7.8913,8.7738],"faces":{"down":{"uv":[11.5,15.5,12,16],"texture":"#0","rotation":180},"up":{"uv":[11.5,15.5,12,16],"texture":"#0","rotation":180},"north":{"uv":[11.5,15.5,12,16],"texture":"#0","rotation":180},"south":{"uv":[11.5,15.5,12,16],"texture":"#0","rotation":180},"west":{"uv":[11.5,15.5,12,16],"texture":"#0","rotation":180},"east":{"uv":[11.5,15.5,12,16],"texture":"#0","rotation":180}}},{"__comment":"element","from":[-8.531799,11.2913,7.2238],"to":[-6.531799,11.4913,8.7738],"faces":{"down":{"uv":[11.5,15.5,12,16],"texture":"#0","rotation":180},"up":{"uv":[11.5,15.5,12,16],"texture":"#0","rotation":180},"north":{"uv":[11.5,15.5,12,16],"texture":"#0","rotation":180},"south":{"uv":[11.5,15.5,12,16],"texture":"#0","rotation":180},"west":{"uv":[11.5,15.5,12,16],"texture":"#0","rotation":180},"east":{"uv":[11.5,15.5,12,16],"texture":"#0","rotation":180}}},{"__comment":"element","from":[-8.3318,7.8913,7.2238],"to":[-6.531799,11.2913,8.7738],"faces":{"down":{"uv":[11.5,15.5,12,16],"texture":"#0","rotation":180},"up":{"uv":[11.5,15.5,12,16],"texture":"#0","rotation":180},"north":{"uv":[11.5,15.5,12,16],"texture":"#0","rotation":180},"south":{"uv":[11.5,15.5,12,16],"texture":"#0","rotation":180},"west":{"uv":[11.5,15.5,12,16],"texture":"#0","rotation":180},"east":{"uv":[11.5,15.5,12,16],"texture":"#0","rotation":180}}},{"__comment":"element","from":[-7.9153,10.7764,7.2238],"to":[-7.7153,11.4014,8.7738],"rotation":{"origin":[-7.94663,9.79689,7.99875],"axis":"z","angle":22.5},"faces":{"down":{"uv":[11.5,15.5,12,16],"texture":"#0","rotation":180},"up":{"uv":[11.5,15.5,12,16],"texture":"#0","rotation":180},"north":{"uv":[11.5,15.5,12,16],"texture":"#0","rotation":180},"south":{"uv":[11.5,15.5,12,16],"texture":"#0","rotation":180},"west":{"uv":[11.5,15.5,12,16],"texture":"#0","rotation":180},"east":{"uv":[11.5,15.5,12,16],"texture":"#0","rotation":180}}},{"__comment":"element","from":[-8.7477,7.9314,7.2238],"to":[-8.5477,8.5564,8.7738],"rotation":{"origin":[-8.7407,7.36858,7.99875],"axis":"z","angle":-22.5},"faces":{"down":{"uv":[11.5,15.5,12,16],"texture":"#0","rotation":180},"up":{"uv":[11.5,15.5,12,16],"texture":"#0","rotation":180},"north":{"uv":[11.5,15.5,12,16],"texture":"#0","rotation":180},"south":{"uv":[11.5,15.5,12,16],"texture":"#0","rotation":180},"west":{"uv":[11.5,15.5,12,16],"texture":"#0","rotation":180},"east":{"uv":[11.5,15.5,12,16],"texture":"#0","rotation":180}}},{"__comment":"element","from":[2.7383,10.874,7.2738],"to":[4.3383,11.699,8.723801],"rotation":{"origin":[3.53834,10.97404,7.99875],"axis":"z","angle":22.5},"faces":{"down":{"uv":[6,0,6.5,0.5],"texture":"#1","rotation":180},"up":{"uv":[6,0,6.5,0.5],"texture":"#1","rotation":180},"north":{"uv":[6,0,6.5,0.5],"texture":"#1","rotation":180},"south":{"uv":[6,0,6.5,0.5],"texture":"#1","rotation":180},"west":{"uv":[6,0,6.5,0.5],"texture":"#1","rotation":180},"east":{"uv":[6,0,6.5,0.5],"texture":"#1","rotation":180}}},{"__comment":"element","from":[1.7375,10.5005,7.2738],"to":[4.0125,11.3405,8.723801],"faces":{"down":{"uv":[6,0,6.5,0.5],"texture":"#1","rotation":180},"up":{"uv":[6,0,6.5,0.5],"texture":"#1","rotation":180},"north":{"uv":[6,0,6.5,0.5],"texture":"#1","rotation":180},"south":{"uv":[6,0,6.5,0.5],"texture":"#1","rotation":180},"west":{"uv":[6,0,6.5,0.5],"texture":"#1","rotation":180},"east":{"uv":[6,0,6.5,0.5],"texture":"#1","rotation":180}}},{"__comment":"element","from":[2.1,11.663,7.8092],"to":[9.7,12.763,8.327999],"rotation":{"origin":[5.75,12.21302,8.01856],"axis":"x","angle":45},"faces":{"down":{"uv":[6,0,6.5,0.5],"texture":"#0"},"up":{"uv":[6,0,6.5,0.5],"texture":"#0"},"north":{"uv":[6,0,6.5,0.5],"texture":"#0"},"south":{"uv":[6,0,6.5,0.5],"texture":"#0"},"west":{"uv":[6,0,6.5,0.5],"texture":"#0"},"east":{"uv":[6,0,6.5,0.5],"texture":"#0"}}},{"__comment":"element","from":[3,12.6,7.7],"to":[9.7,12.76,8.3],"faces":{"down":{"uv":[11.5,15.5,12,16],"texture":"#0"},"up":{"uv":[11.5,15.5,12,16],"texture":"#0"},"north":{"uv":[11.5,15.5,12,16],"texture":"#0"},"south":{"uv":[11.5,15.5,12,16],"texture":"#0"},"west":{"uv":[11.5,15.5,12,16],"texture":"#0"},"east":{"uv":[11.5,15.5,12,16],"texture":"#0"}}},{"__comment":"element","from":[3,12.6,7.7],"to":[3.6,12.9,8.3],"faces":{"down":{"uv":[11.5,15.5,12,16],"texture":"#0"},"up":{"uv":[11.5,15.5,12,16],"texture":"#0"},"north":{"uv":[11.5,15.5,12,16],"texture":"#0"},"south":{"uv":[11.5,15.5,12,16],"texture":"#0"},"west":{"uv":[11.5,15.5,12,16],"texture":"#0"},"east":{"uv":[11.5,15.5,12,16],"texture":"#0"}}},{"__comment":"element","from":[9.099999,12.6,7.7],"to":[9.699999,12.9,8.3],"faces":{"down":{"uv":[11.5,15.5,12,16],"texture":"#0"},"up":{"uv":[11.5,15.5,12,16],"texture":"#0"},"north":{"uv":[11.5,15.5,12,16],"texture":"#0"},"south":{"uv":[11.5,15.5,12,16],"texture":"#0"},"west":{"uv":[11.5,15.5,12,16],"texture":"#0"},"east":{"uv":[11.5,15.5,12,16],"texture":"#0"}}},{"__comment":"element","from":[8.3,12.6,7.7],"to":[8.5,12.9,8.3],"faces":{"down":{"uv":[11.5,15.5,12,16],"texture":"#0"},"up":{"uv":[11.5,15.5,12,16],"texture":"#0"},"north":{"uv":[11.5,15.5,12,16],"texture":"#0"},"south":{"uv":[11.5,15.5,12,16],"texture":"#0"},"west":{"uv":[11.5,15.5,12,16],"texture":"#0"},"east":{"uv":[11.5,15.5,12,16],"texture":"#0"}}},{"__comment":"element","from":[8.7,12.6,7.7],"to":[8.9,12.9,8.3],"faces":{"down":{"uv":[11.5,15.5,12,16],"texture":"#0"},"up":{"uv":[11.5,15.5,12,16],"texture":"#0"},"north":{"uv":[11.5,15.5,12,16],"texture":"#0"},"south":{"uv":[11.5,15.5,12,16],"texture":"#0"},"west":{"uv":[11.5,15.5,12,16],"texture":"#0"},"east":{"uv":[11.5,15.5,12,16],"texture":"#0"}}},{"__comment":"element","from":[7.9,12.6,7.7],"to":[8.1,12.9,8.3],"faces":{"down":{"uv":[11.5,15.5,12,16],"texture":"#0"},"up":{"uv":[11.5,15.5,12,16],"texture":"#0"},"north":{"uv":[11.5,15.5,12,16],"texture":"#0"},"south":{"uv":[11.5,15.5,12,16],"texture":"#0"},"west":{"uv":[11.5,15.5,12,16],"texture":"#0"},"east":{"uv":[11.5,15.5,12,16],"texture":"#0"}}},{"__comment":"element","from":[6.5,12.6,7.7],"to":[6.7,12.9,8.3],"faces":{"down":{"uv":[11.5,15.5,12,16],"texture":"#0"},"up":{"uv":[11.5,15.5,12,16],"texture":"#0"},"north":{"uv":[11.5,15.5,12,16],"texture":"#0"},"south":{"uv":[11.5,15.5,12,16],"texture":"#0"},"west":{"uv":[11.5,15.5,12,16],"texture":"#0"},"east":{"uv":[11.5,15.5,12,16],"texture":"#0"}}},{"__comment":"element","from":[3.8,12.6,7.7],"to":[4,12.9,8.3],"faces":{"down":{"uv":[11.5,15.5,12,16],"texture":"#0"},"up":{"uv":[11.5,15.5,12,16],"texture":"#0"},"north":{"uv":[11.5,15.5,12,16],"texture":"#0"},"south":{"uv":[11.5,15.5,12,16],"texture":"#0"},"west":{"uv":[11.5,15.5,12,16],"texture":"#0"},"east":{"uv":[11.5,15.5,12,16],"texture":"#0"}}},{"__comment":"element","from":[6.1,12.6,7.7],"to":[6.3,12.9,8.3],"faces":{"down":{"uv":[11.5,15.5,12,16],"texture":"#0"},"up":{"uv":[11.5,15.5,12,16],"texture":"#0"},"north":{"uv":[11.5,15.5,12,16],"texture":"#0"},"south":{"uv":[11.5,15.5,12,16],"texture":"#0"},"west":{"uv":[11.5,15.5,12,16],"texture":"#0"},"east":{"uv":[11.5,15.5,12,16],"texture":"#0"}}},{"__comment":"element","from":[5.7,12.6,7.7],"to":[5.9,12.9,8.3],"faces":{"down":{"uv":[11.5,15.5,12,16],"texture":"#0"},"up":{"uv":[11.5,15.5,12,16],"texture":"#0"},"north":{"uv":[11.5,15.5,12,16],"texture":"#0"},"south":{"uv":[11.5,15.5,12,16],"texture":"#0"},"west":{"uv":[11.5,15.5,12,16],"texture":"#0"},"east":{"uv":[11.5,15.5,12,16],"texture":"#0"}}},{"__comment":"element","from":[5.3,12.6,7.7],"to":[5.5,12.9,8.3],"faces":{"down":{"uv":[11.5,15.5,12,16],"texture":"#0"},"up":{"uv":[11.5,15.5,12,16],"texture":"#0"},"north":{"uv":[11.5,15.5,12,16],"texture":"#0"},"south":{"uv":[11.5,15.5,12,16],"texture":"#0"},"west":{"uv":[11.5,15.5,12,16],"texture":"#0"},"east":{"uv":[11.5,15.5,12,16],"texture":"#0"}}},{"__comment":"element","from":[4.1,12.6,7.65],"to":[5.1,13,8.35],"faces":{"down":{"uv":[6,0,6.5,0.5],"texture":"#0"},"up":{"uv":[6,0,6.5,0.5],"texture":"#0"},"north":{"uv":[6,0,6.5,0.5],"texture":"#0"},"south":{"uv":[6,0,6.5,0.5],"texture":"#0"},"west":{"uv":[6,0,6.5,0.5],"texture":"#0"},"east":{"uv":[6,0,6.5,0.5],"texture":"#0"}}},{"__comment":"element","from":[6.9,12.6,7.65],"to":[7.9,13,8.35],"faces":{"down":{"uv":[6,0,6.5,0.5],"texture":"#0"},"up":{"uv":[6,0,6.5,0.5],"texture":"#0"},"north":{"uv":[6,0,6.5,0.5],"texture":"#0"},"south":{"uv":[6,0,6.5,0.5],"texture":"#0"},"west":{"uv":[6,0,6.5,0.5],"texture":"#0"},"east":{"uv":[6,0,6.5,0.5],"texture":"#0"}}},{"__comment":"element","from":[7.2653,12.9,7.7],"to":[7.50964,14.1,8.3],"faces":{"down":{"uv":[2.5,1,3,1.5],"texture":"#0"},"up":{"uv":[2.5,1,3,1.5],"texture":"#0"},"north":{"uv":[2.5,1,3,1.5],"texture":"#0"},"south":{"uv":[2.5,1,3,1.5],"texture":"#0"},"west":{"uv":[2.5,1,3,1.5],"texture":"#0"},"east":{"uv":[2.5,1,3,1.5],"texture":"#0"}}},{"__comment":"element","from":[4.4653,12.9,7.7],"to":[4.70964,14.1,8.3],"faces":{"down":{"uv":[2.5,1,3,1.5],"texture":"#0"},"up":{"uv":[2.5,1,3,1.5],"texture":"#0"},"north":{"uv":[2.5,1,3,1.5],"texture":"#0"},"south":{"uv":[2.5,1,3,1.5],"texture":"#0"},"west":{"uv":[2.5,1,3,1.5],"texture":"#0"},"east":{"uv":[2.5,1,3,1.5],"texture":"#0"}}},{"__comment":"element","from":[7.2653,12.9,7.7],"to":[7.50964,14.1,8.3],"rotation":{"origin":[7.38747,13.5,8],"axis":"y","angle":-45},"faces":{"down":{"uv":[2.5,1,3,1.5],"texture":"#0"},"up":{"uv":[2.5,1,3,1.5],"texture":"#0"},"north":{"uv":[2.5,1,3,1.5],"texture":"#0"},"south":{"uv":[2.5,1,3,1.5],"texture":"#0"},"west":{"uv":[2.5,1,3,1.5],"texture":"#0"},"east":{"uv":[2.5,1,3,1.5],"texture":"#0"}}},{"__comment":"element","from":[5.2854,12.9,9.6799],"to":[5.52974,14.1,10.2799],"rotation":{"origin":[7.38747,13.5,8],"axis":"y","angle":-45},"faces":{"down":{"uv":[2.5,1,3,1.5],"texture":"#0"},"up":{"uv":[2.5,1,3,1.5],"texture":"#0"},"north":{"uv":[2.5,1,3,1.5],"texture":"#0"},"south":{"uv":[2.5,1,3,1.5],"texture":"#0"},"west":{"uv":[2.5,1,3,1.5],"texture":"#0"},"east":{"uv":[2.5,1,3,1.5],"texture":"#0"}}},{"__comment":"element","from":[7.0875,12.9,7.8778],"to":[7.6875,14.1,8.122141],"faces":{"down":{"uv":[2.5,1,3,1.5],"texture":"#0","rotation":270},"up":{"uv":[2.5,1,3,1.5],"texture":"#0","rotation":90},"north":{"uv":[2.5,1,3,1.5],"texture":"#0"},"south":{"uv":[2.5,1,3,1.5],"texture":"#0"},"west":{"uv":[2.5,1,3,1.5],"texture":"#0"},"east":{"uv":[2.5,1,3,1.5],"texture":"#0"}}},{"__comment":"element","from":[4.2875,12.9,7.8778],"to":[4.8875,14.1,8.122141],"faces":{"down":{"uv":[2.5,1,3,1.5],"texture":"#0","rotation":270},"up":{"uv":[2.5,1,3,1.5],"texture":"#0","rotation":90},"north":{"uv":[2.5,1,3,1.5],"texture":"#0"},"south":{"uv":[2.5,1,3,1.5],"texture":"#0"},"west":{"uv":[2.5,1,3,1.5],"texture":"#0"},"east":{"uv":[2.5,1,3,1.5],"texture":"#0"}}},{"__comment":"element","from":[7.2653,12.9,7.7],"to":[7.50964,14.1,8.3],"rotation":{"origin":[7.38747,13.5,8],"axis":"y","angle":45},"faces":{"down":{"uv":[2.5,1,3,1.5],"texture":"#0"},"up":{"uv":[2.5,1,3,1.5],"texture":"#0"},"north":{"uv":[2.5,1,3,1.5],"texture":"#0"},"south":{"uv":[2.5,1,3,1.5],"texture":"#0"},"west":{"uv":[2.5,1,3,1.5],"texture":"#0"},"east":{"uv":[2.5,1,3,1.5],"texture":"#0"}}},{"__comment":"element","from":[5.2854,12.9,5.7201],"to":[5.52974,14.1,6.3201],"rotation":{"origin":[7.38747,13.5,8],"axis":"y","angle":45},"faces":{"down":{"uv":[2.5,1,3,1.5],"texture":"#0"},"up":{"uv":[2.5,1,3,1.5],"texture":"#0"},"north":{"uv":[2.5,1,3,1.5],"texture":"#0"},"south":{"uv":[2.5,1,3,1.5],"texture":"#0"},"west":{"uv":[2.5,1,3,1.5],"texture":"#0"},"east":{"uv":[2.5,1,3,1.5],"texture":"#0"}}},{"__comment":"element","from":[8.8,13.9883,8.45],"to":[10.7,14.61166,8.75],"rotation":{"origin":[9.75,14.3,8],"axis":"x","angle":45},"faces":{"down":{"uv":[0,0,0.5,1],"texture":"#0"},"up":{"uv":[0,0,0.5,1],"texture":"#0","rotation":180},"north":{"uv":[0,0,0.5,1],"texture":"#0","rotation":180},"south":{"uv":[0,0,0.5,1],"texture":"#0"},"west":{"uv":[0,0,0.5,1],"texture":"#0","rotation":90},"east":{"uv":[0,0,0.5,1],"texture":"#0","rotation":270}}},{"__comment":"element","from":[2.1,14.0257,8.396],"to":[3.4,14.57426,8.66],"rotation":{"origin":[9.75,14.3,8],"axis":"x","angle":-45},"faces":{"down":{"uv":[0,0,0.5,1],"texture":"#0"},"up":{"uv":[0,0,0.5,1],"texture":"#0","rotation":180},"north":{"uv":[0,0,0.5,1],"texture":"#0"},"south":{"uv":[0,0,0.5,1],"texture":"#0","rotation":180},"west":{"uv":[0,0,0.5,1],"texture":"#0","rotation":90},"east":{"uv":[0,0,0.5,1],"texture":"#0","rotation":270}}},{"__comment":"element","from":[2.7,14.108,7.538],"to":[8.4,14.49198,8.462],"rotation":{"origin":[9.75,14.3,8],"axis":"x","angle":45},"faces":{"down":{"uv":[0,0,0.5,1],"texture":"#0"},"up":{"uv":[0,0,0.5,1],"texture":"#0","rotation":180},"north":{"uv":[0,0,0.5,1],"texture":"#0","rotation":180},"south":{"uv":[0,0,0.5,1],"texture":"#0"},"west":{"uv":[0,0,0.5,1],"texture":"#0","rotation":90},"east":{"uv":[0,0,0.5,1],"texture":"#0","rotation":270}}},{"__comment":"element","from":[5.4,14.0888,7.4918],"to":[6.5,14.51118,8.5082],"rotation":{"origin":[9.75,14.3,8],"axis":"x","angle":45},"faces":{"down":{"uv":[0,0,0.5,1],"texture":"#0"},"up":{"uv":[0,0,0.5,1],"texture":"#0","rotation":180},"north":{"uv":[0,0,0.5,1],"texture":"#0","rotation":180},"south":{"uv":[0,0,0.5,1],"texture":"#0"},"west":{"uv":[0,0,0.5,1],"texture":"#0","rotation":90},"east":{"uv":[0,0,0.5,1],"texture":"#0","rotation":270}}},{"__comment":"element","from":[8.325,14.1257,8.36],"to":[8.8,14.47438,8.6],"rotation":{"origin":[9.75,14.3,8],"axis":"x","angle":45},"faces":{"down":{"uv":[0,0,0.5,1],"texture":"#0"},"up":{"uv":[0,0,0.5,1],"texture":"#0","rotation":180},"north":{"uv":[0,0,0.5,1],"texture":"#0","rotation":180},"south":{"uv":[0,0,0.5,1],"texture":"#0"},"west":{"uv":[0,0,0.5,1],"texture":"#0","rotation":90},"east":{"uv":[0,0,0.5,1],"texture":"#0","rotation":270}}},{"__comment":"element","from":[8.8,13.9883,8.45],"to":[10.7,14.61166,8.75],"faces":{"down":{"uv":[0,0,0.5,1],"texture":"#0"},"up":{"uv":[0,0,0.5,1],"texture":"#0","rotation":180},"north":{"uv":[0,0,0.5,1],"texture":"#0","rotation":180},"south":{"uv":[0,0,0.5,1],"texture":"#0"},"west":{"uv":[0,0,0.5,1],"texture":"#0","rotation":90},"east":{"uv":[0,0,0.5,1],"texture":"#0","rotation":270}}},{"__comment":"element","from":[2.1,14.0257,8.396],"to":[3.4,14.57426,8.66],"faces":{"down":{"uv":[0,0,0.5,1],"texture":"#0"},"up":{"uv":[0,0,0.5,1],"texture":"#0","rotation":180},"north":{"uv":[0,0,0.5,1],"texture":"#0"},"south":{"uv":[0,0,0.5,1],"texture":"#0","rotation":180},"west":{"uv":[0,0,0.5,1],"texture":"#0","rotation":90},"east":{"uv":[0,0,0.5,1],"texture":"#0","rotation":270}}},{"__comment":"element","from":[3.2543,14.0257,8.3869],"to":[4.5543,14.57426,8.6509],"rotation":{"origin":[3.35001,14.3,8.2893],"axis":"y","angle":22.5},"faces":{"down":{"uv":[0,0,0.5,1],"texture":"#0"},"up":{"uv":[0,0,0.5,1],"texture":"#0","rotation":180},"north":{"uv":[0,0,0.5,1],"texture":"#0"},"south":{"uv":[0,0,0.5,1],"texture":"#0","rotation":180},"west":{"uv":[0,0,0.5,1],"texture":"#0","rotation":90},"east":{"uv":[0,0,0.5,1],"texture":"#0","rotation":270}}},{"__comment":"element","from":[2.7,14.108,7.538],"to":[8.4,14.49198,8.462],"faces":{"down":{"uv":[0,0,0.5,1],"texture":"#0"},"up":{"uv":[0,0,0.5,1],"texture":"#0","rotation":180},"north":{"uv":[0,0,0.5,1],"texture":"#0","rotation":180},"south":{"uv":[0,0,0.5,1],"texture":"#0"},"west":{"uv":[0,0,0.5,1],"texture":"#0","rotation":90},"east":{"uv":[0,0,0.5,1],"texture":"#0","rotation":270}}},{"__comment":"element","from":[5.4,14.0888,7.4918],"to":[6.5,14.51118,8.5082],"faces":{"down":{"uv":[0,0,0.5,1],"texture":"#0"},"up":{"uv":[0,0,0.5,1],"texture":"#0","rotation":180},"north":{"uv":[0,0,0.5,1],"texture":"#0","rotation":180},"south":{"uv":[0,0,0.5,1],"texture":"#0"},"west":{"uv":[0,0,0.5,1],"texture":"#0","rotation":90},"east":{"uv":[0,0,0.5,1],"texture":"#0","rotation":270}}},{"__comment":"element","from":[8.8,14.75,7.6883],"to":[10.7,15.05,8.311659],"rotation":{"origin":[9.75,14.3,8],"axis":"x","angle":45},"faces":{"down":{"uv":[0,0,0.5,1],"texture":"#0"},"up":{"uv":[0,0,0.5,1],"texture":"#0"},"north":{"uv":[0,0,0.5,1],"texture":"#0"},"south":{"uv":[0,0,0.5,1],"texture":"#0"},"west":{"uv":[0,0,0.5,1],"texture":"#0"},"east":{"uv":[0,0,0.5,1],"texture":"#0"}}},{"__comment":"element","from":[2.1,13.64,7.7257],"to":[3.4,13.904,8.27426],"rotation":{"origin":[9.75,14.3,8],"axis":"x","angle":-45},"faces":{"down":{"uv":[0,0,0.5,1],"texture":"#0","rotation":180},"up":{"uv":[0,0,0.5,1],"texture":"#0","rotation":180},"north":{"uv":[0,0,0.5,1],"texture":"#0","rotation":180},"south":{"uv":[0,0,0.5,1],"texture":"#0","rotation":180},"west":{"uv":[0,0,0.5,1],"texture":"#0","rotation":180},"east":{"uv":[0,0,0.5,1],"texture":"#0","rotation":180}}},{"__comment":"element","from":[8.325,14.66,7.8257],"to":[8.8,14.9,8.174379],"rotation":{"origin":[9.75,14.3,8],"axis":"x","angle":45},"faces":{"down":{"uv":[0,0,0.5,1],"texture":"#0"},"up":{"uv":[0,0,0.5,1],"texture":"#0"},"north":{"uv":[0,0,0.5,1],"texture":"#0"},"south":{"uv":[0,0,0.5,1],"texture":"#0"},"west":{"uv":[0,0,0.5,1],"texture":"#0"},"east":{"uv":[0,0,0.5,1],"texture":"#0"}}},{"__comment":"element","from":[8.8,14.75,7.6883],"to":[10.7,15.05,8.311659],"faces":{"down":{"uv":[0,0,0.5,1],"texture":"#0"},"up":{"uv":[0,0,0.5,1],"texture":"#0"},"north":{"uv":[0,0,0.5,1],"texture":"#0"},"south":{"uv":[0,0,0.5,1],"texture":"#0"},"west":{"uv":[0,0,0.5,1],"texture":"#0"},"east":{"uv":[0,0,0.5,1],"texture":"#0"}}},{"__comment":"element","from":[2.1,13.64,7.7257],"to":[3.4,13.904,8.27426],"faces":{"down":{"uv":[0,0,0.5,1],"texture":"#0","rotation":180},"up":{"uv":[0,0,0.5,1],"texture":"#0","rotation":180},"north":{"uv":[0,0,0.5,1],"texture":"#0","rotation":180},"south":{"uv":[0,0,0.5,1],"texture":"#0","rotation":180},"west":{"uv":[0,0,0.5,1],"texture":"#0","rotation":180},"east":{"uv":[0,0,0.5,1],"texture":"#0","rotation":180}}},{"__comment":"element","from":[3.2543,13.6491,7.7257],"to":[4.5543,13.9131,8.27426],"rotation":{"origin":[3.35001,14.0107,8],"axis":"z","angle":22.5},"faces":{"down":{"uv":[0,0,0.5,1],"texture":"#0","rotation":180},"up":{"uv":[0,0,0.5,1],"texture":"#0","rotation":180},"north":{"uv":[0,0,0.5,1],"texture":"#0","rotation":180},"south":{"uv":[0,0,0.5,1],"texture":"#0","rotation":180},"west":{"uv":[0,0,0.5,1],"texture":"#0","rotation":180},"east":{"uv":[0,0,0.5,1],"texture":"#0","rotation":180}}},{"__comment":"element","from":[7.2593,14.4435,7.6883],"to":[9.1593,14.7435,8.311659],"rotation":{"origin":[8.20933,13.99354,8],"axis":"z","angle":22.5},"faces":{"down":{"uv":[0,0,0.5,1],"texture":"#0"},"up":{"uv":[0,0,0.5,1],"texture":"#0"},"north":{"uv":[0,0,0.5,1],"texture":"#0"},"south":{"uv":[0,0,0.5,1],"texture":"#0"},"west":{"uv":[0,0,0.5,1],"texture":"#0"},"east":{"uv":[0,0,0.5,1],"texture":"#0"}}},{"__comment":"element","from":[6.8001,13.9478,7.6883],"to":[8.7001,14.2478,8.311659],"rotation":{"origin":[7.75011,13.4978,8],"axis":"z","angle":-22.5},"faces":{"down":{"uv":[0,0,0.5,1],"texture":"#0"},"up":{"uv":[0,0,0.5,1],"texture":"#0"},"north":{"uv":[0,0,0.5,1],"texture":"#0"},"south":{"uv":[0,0,0.5,1],"texture":"#0"},"west":{"uv":[0,0,0.5,1],"texture":"#0"},"east":{"uv":[0,0,0.5,1],"texture":"#0"}}},{"__comment":"element","from":[8.8,14.75,7.6883],"to":[10.7,15.05,8.311659],"rotation":{"origin":[9.75,14.3,8],"axis":"x","angle":-45},"faces":{"down":{"uv":[0,0,0.5,1],"texture":"#0"},"up":{"uv":[0,0,0.5,1],"texture":"#0"},"north":{"uv":[0,0,0.5,1],"texture":"#0"},"south":{"uv":[0,0,0.5,1],"texture":"#0"},"west":{"uv":[0,0,0.5,1],"texture":"#0"},"east":{"uv":[0,0,0.5,1],"texture":"#0"}}},{"__comment":"element","from":[2.1,13.64,7.7257],"to":[3.4,13.904,8.27426],"rotation":{"origin":[9.75,14.3,8],"axis":"x","angle":45},"faces":{"down":{"uv":[0,0,0.5,1],"texture":"#0","rotation":180},"up":{"uv":[0,0,0.5,1],"texture":"#0","rotation":180},"north":{"uv":[0,0,0.5,1],"texture":"#0","rotation":180},"south":{"uv":[0,0,0.5,1],"texture":"#0","rotation":180},"west":{"uv":[0,0,0.5,1],"texture":"#0","rotation":180},"east":{"uv":[0,0,0.5,1],"texture":"#0","rotation":180}}},{"__comment":"element","from":[8.325,14.66,7.8257],"to":[8.8,14.9,8.174379],"rotation":{"origin":[9.75,14.3,8],"axis":"x","angle":-45},"faces":{"down":{"uv":[0,0,0.5,1],"texture":"#0"},"up":{"uv":[0,0,0.5,1],"texture":"#0"},"north":{"uv":[0,0,0.5,1],"texture":"#0"},"south":{"uv":[0,0,0.5,1],"texture":"#0"},"west":{"uv":[0,0,0.5,1],"texture":"#0"},"east":{"uv":[0,0,0.5,1],"texture":"#0"}}},{"__comment":"element","from":[8.8,13.9883,7.25],"to":[10.7,14.61166,7.55],"rotation":{"origin":[9.75,14.3,8],"axis":"x","angle":-45},"faces":{"down":{"uv":[0,0,0.5,1],"texture":"#0","rotation":180},"up":{"uv":[0,0,0.5,1],"texture":"#0"},"north":{"uv":[0,0,0.5,1],"texture":"#0","rotation":180},"south":{"uv":[0,0,0.5,1],"texture":"#0"},"west":{"uv":[0,0,0.5,1],"texture":"#0","rotation":270},"east":{"uv":[0,0,0.5,1],"texture":"#0","rotation":90}}},{"__comment":"element","from":[2.1,14.0257,7.34],"to":[3.4,14.57426,7.604],"rotation":{"origin":[9.75,14.3,8],"axis":"x","angle":45},"faces":{"down":{"uv":[0,0,0.5,1],"texture":"#0","rotation":180},"up":{"uv":[0,0,0.5,1],"texture":"#0"},"north":{"uv":[0,0,0.5,1],"texture":"#0"},"south":{"uv":[0,0,0.5,1],"texture":"#0","rotation":180},"west":{"uv":[0,0,0.5,1],"texture":"#0","rotation":270},"east":{"uv":[0,0,0.5,1],"texture":"#0","rotation":90}}},{"__comment":"element","from":[2.7,14.108,7.538],"to":[8.4,14.49198,8.462],"rotation":{"origin":[9.75,14.3,8],"axis":"x","angle":-45},"faces":{"down":{"uv":[0,0,0.5,1],"texture":"#0","rotation":180},"up":{"uv":[0,0,0.5,1],"texture":"#0"},"north":{"uv":[0,0,0.5,1],"texture":"#0","rotation":180},"south":{"uv":[0,0,0.5,1],"texture":"#0"},"west":{"uv":[0,0,0.5,1],"texture":"#0","rotation":270},"east":{"uv":[0,0,0.5,1],"texture":"#0","rotation":90}}},{"__comment":"element","from":[5.4,14.0888,7.4918],"to":[6.5,14.51118,8.5082],"rotation":{"origin":[9.75,14.3,8],"axis":"x","angle":-45},"faces":{"down":{"uv":[0,0,0.5,1],"texture":"#0","rotation":180},"up":{"uv":[0,0,0.5,1],"texture":"#0"},"north":{"uv":[0,0,0.5,1],"texture":"#0","rotation":180},"south":{"uv":[0,0,0.5,1],"texture":"#0"},"west":{"uv":[0,0,0.5,1],"texture":"#0","rotation":270},"east":{"uv":[0,0,0.5,1],"texture":"#0","rotation":90}}},{"__comment":"element","from":[8.325,14.1257,7.4],"to":[8.8,14.47438,7.639999],"rotation":{"origin":[9.75,14.3,8],"axis":"x","angle":-45},"faces":{"down":{"uv":[0,0,0.5,1],"texture":"#0","rotation":180},"up":{"uv":[0,0,0.5,1],"texture":"#0"},"north":{"uv":[0,0,0.5,1],"texture":"#0","rotation":180},"south":{"uv":[0,0,0.5,1],"texture":"#0"},"west":{"uv":[0,0,0.5,1],"texture":"#0","rotation":270},"east":{"uv":[0,0,0.5,1],"texture":"#0","rotation":90}}},{"__comment":"element","from":[8.8,13.9883,7.25],"to":[10.7,14.61166,7.55],"faces":{"down":{"uv":[0,0,0.5,1],"texture":"#0","rotation":180},"up":{"uv":[0,0,0.5,1],"texture":"#0"},"north":{"uv":[0,0,0.5,1],"texture":"#0","rotation":180},"south":{"uv":[0,0,0.5,1],"texture":"#0"},"west":{"uv":[0,0,0.5,1],"texture":"#0","rotation":270},"east":{"uv":[0,0,0.5,1],"texture":"#0","rotation":90}}},{"__comment":"element","from":[2.1,14.0257,7.34],"to":[3.4,14.57426,7.604],"faces":{"down":{"uv":[0,0,0.5,1],"texture":"#0","rotation":180},"up":{"uv":[0,0,0.5,1],"texture":"#0"},"north":{"uv":[0,0,0.5,1],"texture":"#0"},"south":{"uv":[0,0,0.5,1],"texture":"#0","rotation":180},"west":{"uv":[0,0,0.5,1],"texture":"#0","rotation":270},"east":{"uv":[0,0,0.5,1],"texture":"#0","rotation":90}}},{"__comment":"element","from":[3.2543,14.0257,7.3491],"to":[4.5543,14.57426,7.6131],"rotation":{"origin":[3.35001,14.3,7.7107],"axis":"y","angle":-22.5},"faces":{"down":{"uv":[0,0,0.5,1],"texture":"#0","rotation":180},"up":{"uv":[0,0,0.5,1],"texture":"#0"},"north":{"uv":[0,0,0.5,1],"texture":"#0"},"south":{"uv":[0,0,0.5,1],"texture":"#0","rotation":180},"west":{"uv":[0,0,0.5,1],"texture":"#0","rotation":270},"east":{"uv":[0,0,0.5,1],"texture":"#0","rotation":90}}},{"__comment":"element","from":[7.2593,13.9883,7.5565],"to":[9.1593,14.61166,7.8565],"rotation":{"origin":[8.20933,14.3,8.30646],"axis":"y","angle":22.5},"faces":{"down":{"uv":[0,0,0.5,1],"texture":"#0","rotation":180},"up":{"uv":[0,0,0.5,1],"texture":"#0"},"north":{"uv":[0,0,0.5,1],"texture":"#0","rotation":180},"south":{"uv":[0,0,0.5,1],"texture":"#0"},"west":{"uv":[0,0,0.5,1],"texture":"#0","rotation":270},"east":{"uv":[0,0,0.5,1],"texture":"#0","rotation":90}}},{"__comment":"element","from":[6.8762,13.9883,8.434899],"to":[8.776199,14.61166,8.7349],"rotation":{"origin":[8.75011,14.3,8.8022],"axis":"y","angle":-22.5},"faces":{"down":{"uv":[0,0,0.5,1],"texture":"#0","rotation":180},"up":{"uv":[0,0,0.5,1],"texture":"#0"},"north":{"uv":[0,0,0.5,1],"texture":"#0","rotation":180},"south":{"uv":[0,0,0.5,1],"texture":"#0"},"west":{"uv":[0,0,0.5,1],"texture":"#0","rotation":270},"east":{"uv":[0,0,0.5,1],"texture":"#0","rotation":90}}},{"__comment":"element","from":[8.8,13.55,7.6883],"to":[10.7,13.85,8.311659],"faces":{"down":{"uv":[0,0,0.5,1],"texture":"#0"},"up":{"uv":[0,0,0.5,1],"texture":"#0"},"north":{"uv":[0,0,0.5,1],"texture":"#0"},"south":{"uv":[0,0,0.5,1],"texture":"#0"},"west":{"uv":[0,0,0.5,1],"texture":"#0"},"east":{"uv":[0,0,0.5,1],"texture":"#0"}}},{"__comment":"element","from":[2.1,14.696,7.7257],"to":[3.4,14.96,8.27426],"faces":{"down":{"uv":[0,0,0.5,1],"texture":"#0","rotation":180},"up":{"uv":[0,0,0.5,1],"texture":"#0","rotation":180},"north":{"uv":[0,0,0.5,1],"texture":"#0","rotation":180},"south":{"uv":[0,0,0.5,1],"texture":"#0","rotation":180},"west":{"uv":[0,0,0.5,1],"texture":"#0","rotation":180},"east":{"uv":[0,0,0.5,1],"texture":"#0","rotation":180}}},{"__comment":"element","from":[3.2543,14.6869,7.7257],"to":[4.5543,14.9509,8.27426],"rotation":{"origin":[3.35001,14.5893,8],"axis":"z","angle":-22.5},"faces":{"down":{"uv":[0,0,0.5,1],"texture":"#0","rotation":180},"up":{"uv":[0,0,0.5,1],"texture":"#0","rotation":180},"north":{"uv":[0,0,0.5,1],"texture":"#0","rotation":180},"south":{"uv":[0,0,0.5,1],"texture":"#0","rotation":180},"west":{"uv":[0,0,0.5,1],"texture":"#0","rotation":180},"east":{"uv":[0,0,0.5,1],"texture":"#0","rotation":180}}},{"__comment":"element","from":[2.7,13.838,7.808],"to":[8.4,14.762,8.191979],"faces":{"down":{"uv":[0,0,0.5,1],"texture":"#0"},"up":{"uv":[0,0,0.5,1],"texture":"#0"},"north":{"uv":[0,0,0.5,1],"texture":"#0"},"south":{"uv":[0,0,0.5,1],"texture":"#0"},"west":{"uv":[0,0,0.5,1],"texture":"#0"},"east":{"uv":[0,0,0.5,1],"texture":"#0"}}},{"__comment":"element","from":[5.4,13.7918,7.7888],"to":[6.5,14.8082,8.21118],"faces":{"down":{"uv":[0,0,0.5,1],"texture":"#0"},"up":{"uv":[0,0,0.5,1],"texture":"#0"},"north":{"uv":[0,0,0.5,1],"texture":"#0"},"south":{"uv":[0,0,0.5,1],"texture":"#0"},"west":{"uv":[0,0,0.5,1],"texture":"#0"},"east":{"uv":[0,0,0.5,1],"texture":"#0"}}},{"__comment":"element","from":[5.6,14.1545,7.32],"to":[6.3,14.44546,8.08],"faces":{"down":{"uv":[4,3.5,12,6.5],"texture":"#2"},"up":{"uv":[4,3.5,12,6.5],"texture":"#2"},"north":{"uv":[4.5,4.5,5,5],"texture":"#2"},"south":{"uv":[4,3.5,12,6.5],"texture":"#2"},"west":{"uv":[4,3.5,12,6.5],"texture":"#2"},"east":{"uv":[4,3.5,12,6.5],"texture":"#2","rotation":180}}},{"__comment":"element","from":[5.6,14.1545,7.32],"to":[6.3,14.44546,8.08],"rotation":{"origin":[5.95,14.29996,8],"axis":"z","angle":45},"faces":{"down":{"uv":[4,3.5,12,6.5],"texture":"#2"},"up":{"uv":[4,3.5,12,6.5],"texture":"#2"},"north":{"uv":[4.5,4.5,5,5],"texture":"#2"},"south":{"uv":[4,3.5,12,6.5],"texture":"#2"},"west":{"uv":[4,3.5,12,6.5],"texture":"#2"},"east":{"uv":[4,3.5,12,6.5],"texture":"#2","rotation":180}}},{"__comment":"element","from":[5.8045,13.95,7.32],"to":[6.095459,14.65,8.08],"faces":{"down":{"uv":[4,3.5,12,6.5],"texture":"#2","rotation":270},"up":{"uv":[4,3.5,12,6.5],"texture":"#2","rotation":90},"north":{"uv":[4.5,4.5,5,5],"texture":"#2","rotation":90},"south":{"uv":[4,3.5,12,6.5],"texture":"#2","rotation":90},"west":{"uv":[4,3.5,12,6.5],"texture":"#2","rotation":90},"east":{"uv":[4,3.5,12,6.5],"texture":"#2","rotation":90}}},{"__comment":"element","from":[5.6,14.1545,7.32],"to":[6.3,14.44546,8.08],"rotation":{"origin":[5.95,14.29996,8],"axis":"z","angle":-45},"faces":{"down":{"uv":[4,3.5,12,6.5],"texture":"#2","rotation":180},"up":{"uv":[4,3.5,12,6.5],"texture":"#2","rotation":180},"north":{"uv":[4.5,4.5,5,5],"texture":"#2","rotation":180},"south":{"uv":[4,3.5,12,6.5],"texture":"#2","rotation":180},"west":{"uv":[4,3.5,12,6.5],"texture":"#2"},"east":{"uv":[4,3.5,12,6.5],"texture":"#2","rotation":180}}},{"__comment":"element","from":[10.3,13.775,7.7556],"to":[10.5,14.875,8.2193],"faces":{"down":{"uv":[0,0,0.5,0.5],"texture":"#3"},"up":{"uv":[0,0,0.5,0.5],"texture":"#3"},"north":{"uv":[0,0,0.5,0.5],"texture":"#3"},"south":{"uv":[0,0,0.5,0.5],"texture":"#3"},"west":{"uv":[0,0,0.5,0.5],"texture":"#3"},"east":{"uv":[0,0,0.5,0.5],"texture":"#3"}}},{"__comment":"element","from":[2.2,13.775,7.7556],"to":[2.4,14.875,8.2193],"faces":{"down":{"uv":[0,0,0.5,0.5],"texture":"#3"},"up":{"uv":[0,0,0.5,0.5],"texture":"#3"},"north":{"uv":[0,0,0.5,0.5],"texture":"#3"},"south":{"uv":[0,0,0.5,0.5],"texture":"#3"},"west":{"uv":[0,0,0.5,0.5],"texture":"#3"},"east":{"uv":[0,0,0.5,0.5],"texture":"#3"}}},{"__comment":"element","from":[10.3,13.825,8.219299],"to":[10.5,14.875,8.432999],"faces":{"down":{"uv":[0,0,0.5,0.5],"texture":"#3"},"up":{"uv":[0,0,0.5,0.5],"texture":"#3"},"north":{"uv":[0,0,0.5,0.5],"texture":"#3"},"south":{"uv":[0,0,0.5,0.5],"texture":"#3"},"west":{"uv":[0,0,0.5,0.5],"texture":"#3"},"east":{"uv":[0,0,0.5,0.5],"texture":"#3"}}},{"__comment":"element","from":[2.2,13.825,8.219299],"to":[2.4,14.775,8.432999],"faces":{"down":{"uv":[0,0,0.5,0.5],"texture":"#3"},"up":{"uv":[0,0,0.5,0.5],"texture":"#3"},"north":{"uv":[0,0,0.5,0.5],"texture":"#3"},"south":{"uv":[0,0,0.5,0.5],"texture":"#3"},"west":{"uv":[0,0,0.5,0.5],"texture":"#3"},"east":{"uv":[0,0,0.5,0.5],"texture":"#3"}}},{"__comment":"element","from":[10.3,13.825,7.5419],"to":[10.5,14.875,7.755599],"faces":{"down":{"uv":[0,0,0.5,0.5],"texture":"#3"},"up":{"uv":[0,0,0.5,0.5],"texture":"#3"},"north":{"uv":[0,0,0.5,0.5],"texture":"#3"},"south":{"uv":[0,0,0.5,0.5],"texture":"#3"},"west":{"uv":[0,0,0.5,0.5],"texture":"#3"},"east":{"uv":[0,0,0.5,0.5],"texture":"#3"}}},{"__comment":"element","from":[2.2,13.825,7.5419],"to":[2.4,14.775,7.755599],"faces":{"down":{"uv":[0,0,0.5,0.5],"texture":"#3"},"up":{"uv":[0,0,0.5,0.5],"texture":"#3"},"north":{"uv":[0,0,0.5,0.5],"texture":"#3"},"south":{"uv":[0,0,0.5,0.5],"texture":"#3"},"west":{"uv":[0,0,0.5,0.5],"texture":"#3"},"east":{"uv":[0,0,0.5,0.5],"texture":"#3"}}}],"display":{"thirdperson_righthand":{"rotation":[0,90,0],"translation":[0,-1.75,-2.304],"scale":[0.85,0.85,0.85]},"thirdperson_lefthand":{"rotation":[0,-90,0],"translation":[0,-1.75,-2.304],"scale":[0.85,0.85,0.85]},"firstperson_righthand":{"rotation":[0,90,0],"translation":[1,0,-3.75]},"firstperson_lefthand":{"rotation":[0,-90,0],"translation":[1,0,-3.75]},"gui":{"rotation":[180,0,-139],"translation":[0,-2,0],"scale":[0.55,0.55,0.55]},"ground":{"rotation":[105,0,0],"scale":[0.5,0.5,0.5]},"fixed":{"rotation":[0,0,45],"translation":[0,-2.5,0],"scale":[0.6,0.6,0.6]}}}
