{"__comment":"designed_by_yom_with_cubik_studio_-_https://cubik.studio","textures":{"particle":"customblock/e_particle","texture":"customblock/black_wool","2":"custom/light","3":"custom/white","5":"custom/handle","6":"customblock/gray_wool"},"elements":[{"__comment":"element","from":[11.4425,2.7793,8.7483],"to":[14.32869,8.551669,9.81726],"rotation":{"origin":[12.19078,2.51205,8.74827],"axis":"z","angle":22.5},"faces":{"down":{"uv":[0.5,12,0.509,12.009],"texture":"#3"},"north":{"uv":[0.5,12,0.509,12.009],"texture":"#3"},"south":{"uv":[0.5,12,0.509,12.009],"texture":"#3"},"west":{"uv":[0.5,12,0.509,12.009],"texture":"#3"},"east":{"uv":[0.5,12,0.509,12.009],"texture":"#3"}}},{"__comment":"element","from":[13.3744,3.2279,8.722],"to":[15.29852,3.97617,9.84346],"rotation":{"origin":[13.90889,-1.63582,8.64137],"axis":"z","angle":22.5},"faces":{"down":{"uv":[2.5,2.5,2.7,2.7],"texture":"#5"},"north":{"uv":[2.5,2.5,2.7,2.7],"texture":"#5"},"south":{"uv":[2.5,2.5,2.7,2.7],"texture":"#5"},"west":{"uv":[2.5,2.5,2.7,2.7],"texture":"#5"},"east":{"uv":[2.5,2.5,2.7,2.7],"texture":"#5"}}},{"__comment":"element","from":[10.9081,7.9119,8.722],"to":[11.81671,8.335209,9.84346],"faces":{"up":{"uv":[2.5,2.5,2.7,2.7],"texture":"#5"},"north":{"uv":[2.5,2.5,2.7,2.7],"texture":"#5"},"south":{"uv":[2.5,2.5,2.7,2.7],"texture":"#5"},"east":{"uv":[2.5,2.5,2.7,2.7],"texture":"#5"}}},{"__comment":"element","from":[9.888,6.9772,8.722],"to":[10.31558,7.87512,9.84346],"rotation":{"origin":[10.26214,7.56507,9.28275],"axis":"z","angle":-45},"faces":{"north":{"uv":[2.5,2.5,2.7,2.7],"texture":"#5","rotation":90},"south":{"uv":[2.5,2.5,2.7,2.7],"texture":"#5","rotation":90},"west":{"uv":[2.5,2.5,2.7,2.7],"texture":"#5","rotation":90}}},{"__comment":"element","from":[12.994,3.6638,8.722],"to":[13.42158,4.41207,9.84346],"rotation":{"origin":[13.10086,4.14481,9.28275],"axis":"z","angle":-22.5},"faces":{"north":{"uv":[2.5,2.5,2.7,2.7],"texture":"#5"},"south":{"uv":[2.5,2.5,2.7,2.7],"texture":"#5"},"east":{"uv":[2.5,2.5,2.7,2.7],"texture":"#5"}}},{"__comment":"element","from":[11.6563,3.6345,8.722],"to":[14.07215,8.0392,9.84346],"rotation":{"origin":[12.19078,2.51205,8.64137],"axis":"z","angle":22.5},"faces":{"up":{"uv":[2.5,2.5,2.7,2.7],"texture":"#5"},"north":{"uv":[2.5,2.5,2.7,2.7],"texture":"#5"},"south":{"uv":[2.5,2.5,2.7,2.7],"texture":"#5"},"west":{"uv":[2.5,2.5,2.7,2.7],"texture":"#5"},"east":{"uv":[2.5,2.5,2.7,2.7],"texture":"#5"}}},{"__comment":"element","from":[12.2812,8.248799,8.722],"to":[13.02947,8.672109,9.84346],"rotation":{"origin":[12.81566,3.17124,8.64137],"axis":"z","angle":22.5},"faces":{"up":{"uv":[2.5,2.5,2.7,2.7],"texture":"#5"},"north":{"uv":[2.5,2.5,2.7,2.7],"texture":"#5"},"south":{"uv":[2.5,2.5,2.7,2.7],"texture":"#5"}}},{"__comment":"element","from":[12.6928,2.5893,8.8552],"to":[15.76298,2.79469,9.71036],"rotation":{"origin":[12.6928,-1.21391,8.74827],"axis":"z","angle":22.5},"faces":{"down":{"uv":[12,0,16,4],"texture":"#6"},"up":{"uv":[12,0,16,4],"texture":"#6"},"north":{"uv":[12,0,16,4],"texture":"#6"},"south":{"uv":[12,0,16,4],"texture":"#6"},"west":{"uv":[12,0,16,4],"texture":"#6"},"east":{"uv":[12,0,16,4],"texture":"#6"}}},{"__comment":"element","from":[14.0053,3.333,9.0832],"to":[14.1122,3.56545,9.510778],"rotation":{"origin":[14.05879,3.44926,9.29695],"axis":"z","angle":22.5},"faces":{"down":{"uv":[12,0,16,4],"texture":"#6"},"north":{"uv":[12,0,16,4],"texture":"#6"},"south":{"uv":[12,0,16,4],"texture":"#6"},"west":{"uv":[12,0,16,4],"texture":"#6"},"east":{"uv":[12,0,16,4],"texture":"#6"}}},{"__comment":"element","from":[9.8618,5.5339,8.7483],"to":[10.18249,6.20153,9.81726],"rotation":{"origin":[9.96866,5.96151,9.28275],"axis":"z","angle":45},"faces":{"north":{"uv":[0.5,12,0.509,12.009],"texture":"#3"},"south":{"uv":[0.5,12,0.509,12.009],"texture":"#3"},"west":{"uv":[0.5,12,0.509,12.009],"texture":"#3"}}},{"__comment":"element","from":[9.3236,6.1858,8.7483],"to":[9.87121,6.82717,9.81726],"rotation":{"origin":[9.33675,6.29265,9.28275],"axis":"z","angle":-22.5},"faces":{"down":{"uv":[0.5,12,0.509,12.009],"texture":"#3","rotation":90},"north":{"uv":[0.5,12,0.509,12.009],"texture":"#3","rotation":90},"south":{"uv":[0.5,12,0.509,12.009],"texture":"#3","rotation":90}}},{"__comment":"element","from":[8.9949,6.1427,8.7483],"to":[9.675659,7.85303,9.81726],"faces":{"down":{"uv":[0.5,12,0.509,12.009],"texture":"#3","rotation":90},"north":{"uv":[0.5,12,0.509,12.009],"texture":"#3","rotation":90},"south":{"uv":[0.5,12,0.509,12.009],"texture":"#3","rotation":90},"west":{"uv":[0.5,12,0.509,12.009],"texture":"#3","rotation":90}}},{"__comment":"element","from":[6.9349,6.1434,8.9621],"to":[9.072809,6.250299,9.60348],"faces":{"down":{"uv":[6.099,16,7.099,15],"texture":"#2","rotation":90},"up":{"uv":[6.099,16,7.099,15],"texture":"#2","rotation":90},"north":{"uv":[6.099,16,7.099,15],"texture":"#2","rotation":90},"south":{"uv":[6.099,16,7.099,15],"texture":"#2","rotation":90}}},{"__comment":"element","from":[8.8751,6.4137,8.7483],"to":[9.195781,6.62749,9.81726],"rotation":{"origin":[8.76817,6.52059,9.28275],"axis":"z","angle":-45},"faces":{"down":{"uv":[0.5,12,0.509,12.009],"texture":"#3","rotation":90},"north":{"uv":[0.5,12,0.509,12.009],"texture":"#3","rotation":90},"south":{"uv":[0.5,12,0.509,12.009],"texture":"#3","rotation":90}}},{"__comment":"element","from":[7.9988,7.4685,8.7483],"to":[8.74707,7.68229,9.81726],"rotation":{"origin":[8.64017,7.5754,9.28275],"axis":"z","angle":-22.5},"faces":{"down":{"uv":[0.5,12,0.509,12.009],"texture":"#3","rotation":90},"north":{"uv":[0.5,12,0.509,12.009],"texture":"#3","rotation":90},"south":{"uv":[0.5,12,0.509,12.009],"texture":"#3","rotation":90},"west":{"uv":[0.5,12,0.509,12.009],"texture":"#3","rotation":90}}},{"__comment":"element","from":[5.0407,7.7565,8.7483],"to":[6.21655,8.18408,9.81726],"rotation":{"origin":[6.10962,7.86341,9.28275],"axis":"z","angle":-22.5},"faces":{"down":{"uv":[0.5,12,0.509,12.009],"texture":"#3","rotation":90},"north":{"uv":[0.5,12,0.509,12.009],"texture":"#3","rotation":90},"south":{"uv":[0.5,12,0.509,12.009],"texture":"#3","rotation":90}}},{"__comment":"element","from":[8.8827,7.0612,8.7483],"to":[9.0965,7.381888,9.81726],"rotation":{"origin":[8.98965,7.16807,9.28275],"axis":"z","angle":22.5},"faces":{"north":{"uv":[0.5,12,0.509,12.009],"texture":"#3"},"south":{"uv":[0.5,12,0.509,12.009],"texture":"#3"},"west":{"uv":[0.5,12,0.509,12.009],"texture":"#3"}}},{"__comment":"element","from":[8.7485,7.2996,8.7483],"to":[9.17608,7.940969,9.81726],"rotation":{"origin":[8.85542,7.40649,9.28275],"axis":"z","angle":45},"faces":{"north":{"uv":[0.5,12,0.509,12.009],"texture":"#3"},"south":{"uv":[0.5,12,0.509,12.009],"texture":"#3"},"west":{"uv":[0.5,12,0.509,12.009],"texture":"#3"},"east":{"uv":[0.5,12,0.509,12.009],"texture":"#3"}}},{"__comment":"element","from":[6.4828,7.2619,8.9621],"to":[6.5897,7.58258,9.60348],"rotation":{"origin":[6.42931,7.20846,9.28275],"axis":"z","angle":-22.5},"faces":{"north":{"uv":[6.099,16,7.099,15],"texture":"#2","rotation":90},"south":{"uv":[6.099,16,7.099,15],"texture":"#2","rotation":90},"east":{"uv":[6.099,16,7.099,15],"texture":"#2","rotation":90}}},{"__comment":"element","from":[6.3405,7.1364,8.9621],"to":[6.4474,7.457088,9.60348],"rotation":{"origin":[6.25423,7.57093,9.28275],"axis":"z","angle":22.5},"faces":{"north":{"uv":[6.099,16,7.099,15],"texture":"#2","rotation":90},"south":{"uv":[6.099,16,7.099,15],"texture":"#2","rotation":90},"west":{"uv":[6.099,16,7.099,15],"texture":"#2","rotation":90}}},{"__comment":"element","from":[6.4991,6.8098,8.9621],"to":[6.605989,7.55807,9.60348],"faces":{"north":{"uv":[6.099,16,7.099,15],"texture":"#2","rotation":90},"south":{"uv":[6.099,16,7.099,15],"texture":"#2","rotation":90},"west":{"uv":[6.099,16,7.099,15],"texture":"#2","rotation":90},"east":{"uv":[6.099,16,7.099,15],"texture":"#2","rotation":90}}},{"__comment":"element","from":[8.495299,7.1221,9.175799],"to":[8.922879,7.65658,9.389589],"faces":{"north":{"uv":[6.099,16,7.099,15],"texture":"#2","rotation":90},"south":{"uv":[6.099,16,7.099,15],"texture":"#2","rotation":90},"west":{"uv":[6.099,16,7.099,15],"texture":"#2","rotation":90}}},{"__comment":"element","from":[6.7681,6.1178,8.9621],"to":[6.875,6.50262,9.60348],"rotation":{"origin":[6.82151,6.33162,9.28275],"axis":"z","angle":45},"faces":{"down":{"uv":[6.099,16,7.099,15],"texture":"#2","rotation":90},"north":{"uv":[6.099,16,7.099,15],"texture":"#2","rotation":90},"south":{"uv":[6.099,16,7.099,15],"texture":"#2","rotation":90},"west":{"uv":[6.099,16,7.099,15],"texture":"#2","rotation":90},"east":{"uv":[6.099,16,7.099,15],"texture":"#2","rotation":90}}},{"__comment":"element","from":[8.513,6.4259,9.175799],"to":[8.940579,6.81072,9.389589],"rotation":{"origin":[8.74887,6.98772,9.28275],"axis":"z","angle":-45},"faces":{"down":{"uv":[6.099,16,7.099,15],"texture":"#2","rotation":90},"north":{"uv":[6.099,16,7.099,15],"texture":"#2","rotation":90},"south":{"uv":[6.099,16,7.099,15],"texture":"#2","rotation":90},"west":{"uv":[6.099,16,7.099,15],"texture":"#2","rotation":90},"east":{"uv":[6.099,16,7.099,15],"texture":"#2","rotation":90}}},{"__comment":"element","from":[6.536,6.4108,8.9621],"to":[6.6429,6.83838,9.60348],"rotation":{"origin":[6.58943,6.7315,9.28275],"axis":"z","angle":22.5},"faces":{"north":{"uv":[6.099,16,7.099,15],"texture":"#2","rotation":90},"south":{"uv":[6.099,16,7.099,15],"texture":"#2","rotation":90},"west":{"uv":[6.099,16,7.099,15],"texture":"#2","rotation":90},"east":{"uv":[6.099,16,7.099,15],"texture":"#2","rotation":90}}},{"__comment":"element","from":[8.4306,6.7509,9.175799],"to":[8.858191,7.17848,9.389589],"rotation":{"origin":[8.74887,6.98772,9.28275],"axis":"z","angle":-22.5},"faces":{"north":{"uv":[6.099,16,7.099,15],"texture":"#2","rotation":90},"south":{"uv":[6.099,16,7.099,15],"texture":"#2","rotation":90},"west":{"uv":[6.099,16,7.099,15],"texture":"#2","rotation":90},"east":{"uv":[6.099,16,7.099,15],"texture":"#2","rotation":90}}},{"__comment":"element","from":[6.359,7.3757,8.9621],"to":[6.893479,8.01707,9.60348],"rotation":{"origin":[6.67972,7.69634,9.28275],"axis":"z","angle":-45},"faces":{"north":{"uv":[6.099,16,7.099,15],"texture":"#2","rotation":90},"south":{"uv":[6.099,16,7.099,15],"texture":"#2","rotation":90},"east":{"uv":[6.099,16,7.099,15],"texture":"#2","rotation":90}}},{"__comment":"element","from":[6.2332,7.4135,8.9621],"to":[6.34009,7.94798,9.60348],"rotation":{"origin":[6.25594,7.641,9.28275],"axis":"z","angle":45},"faces":{"north":{"uv":[6.099,16,7.099,15],"texture":"#2","rotation":90},"south":{"uv":[6.099,16,7.099,15],"texture":"#2","rotation":90},"west":{"uv":[6.099,16,7.099,15],"texture":"#2","rotation":90}}},{"__comment":"element","from":[8.7682,6.3694,8.7483],"to":[9.088889,6.58319,9.81726],"faces":{"north":{"uv":[0.5,12,0.509,12.009],"texture":"#3"},"south":{"uv":[0.5,12,0.509,12.009],"texture":"#3"},"west":{"uv":[0.5,12,0.509,12.009],"texture":"#3"}}},{"__comment":"element","from":[8.8418,6.526,8.7483],"to":[9.05559,6.95358,9.81726],"rotation":{"origin":[8.94874,6.73982,9.28275],"axis":"z","angle":-22.5},"faces":{"north":{"uv":[0.5,12,0.509,12.009],"texture":"#3"},"south":{"uv":[0.5,12,0.509,12.009],"texture":"#3"},"west":{"uv":[0.5,12,0.509,12.009],"texture":"#3"}}},{"__comment":"element","from":[6.8684,7.694,8.9621],"to":[7.18908,7.8009,9.60348],"rotation":{"origin":[7.08214,7.74741,9.28275],"axis":"z","angle":22.5},"faces":{"down":{"uv":[6.099,16,7.099,15],"texture":"#2","rotation":90},"north":{"uv":[6.099,16,7.099,15],"texture":"#2","rotation":90},"south":{"uv":[6.099,16,7.099,15],"texture":"#2","rotation":90},"west":{"uv":[6.099,16,7.099,15],"texture":"#2","rotation":90}}},{"__comment":"element","from":[8.1578,6.7344,8.9621],"to":[8.94883,6.8413,9.60348],"rotation":{"origin":[8.98956,6.73438,9.28275],"axis":"z","angle":45},"faces":{"up":{"uv":[6.099,16,7.099,15],"texture":"#2","rotation":90},"north":{"uv":[6.099,16,7.099,15],"texture":"#2","rotation":90},"south":{"uv":[6.099,16,7.099,15],"texture":"#2","rotation":90}}},{"__comment":"element","from":[8.521999,6.4137,8.9621],"to":[8.868549,6.734388,9.60348],"rotation":{"origin":[8.98956,6.62748,9.28275],"axis":"z","angle":45},"faces":{"north":{"uv":[6.099,16,7.099,15],"texture":"#2","rotation":90},"south":{"uv":[6.099,16,7.099,15],"texture":"#2","rotation":90},"west":{"uv":[6.099,16,7.099,15],"texture":"#2","rotation":90}}},{"__comment":"element","from":[8.3502,6.3068,8.9621],"to":[8.512679,6.52059,9.60348],"rotation":{"origin":[8.66887,6.52059,9.28275],"axis":"z","angle":45},"faces":{"down":{"uv":[6.099,16,7.099,15],"texture":"#2","rotation":90},"north":{"uv":[6.099,16,7.099,15],"texture":"#2","rotation":90},"south":{"uv":[6.099,16,7.099,15],"texture":"#2","rotation":90}}},{"__comment":"element","from":[8.9155,6.8964,8.7483],"to":[9.12929,7.11019,9.81726],"faces":{"north":{"uv":[0.5,12,0.509,12.009],"texture":"#3"},"south":{"uv":[0.5,12,0.509,12.009],"texture":"#3"},"west":{"uv":[0.5,12,0.509,12.009],"texture":"#3"}}},{"__comment":"element","from":[12.5115,7.0266,8.7483],"to":[12.61839,7.34729,9.81726],"faces":{"north":{"uv":[0.5,12,0.509,12.009],"texture":"#3"},"south":{"uv":[0.5,12,0.509,12.009],"texture":"#3"},"east":{"uv":[0.5,12,0.509,12.009],"texture":"#3"}}},{"__comment":"element","from":[12.5115,6.8296,9.1422],"to":[12.61839,7.15028,9.423188],"faces":{"north":{"uv":[0.5,12,0.509,12.009],"texture":"#3"},"south":{"uv":[0.5,12,0.509,12.009],"texture":"#3"}}},{"__comment":"element","from":[12.5535,7.1628,8.7483],"to":[12.66039,7.59038,9.81726],"rotation":{"origin":[12.50007,7.37658,8.74827],"axis":"z","angle":-22.5},"faces":{"north":{"uv":[0.5,12,0.509,12.009],"texture":"#3"},"south":{"uv":[0.5,12,0.509,12.009],"texture":"#3"},"east":{"uv":[0.5,12,0.509,12.009],"texture":"#3"}}},{"__comment":"element","from":[12.4311,7.2457,8.7483],"to":[12.85868,7.99397,9.81726],"rotation":{"origin":[12.6983,7.67325,8.74827],"axis":"z","angle":-45},"faces":{"north":{"uv":[0.5,12,0.509,12.009],"texture":"#3"},"south":{"uv":[0.5,12,0.509,12.009],"texture":"#3"},"east":{"uv":[0.5,12,0.509,12.009],"texture":"#3"}}},{"__comment":"element","from":[12.9424,7.7512,8.7483],"to":[13.47688,8.07189,9.81726],"rotation":{"origin":[12.9424,7.9116,8.74827],"axis":"z","angle":22.5},"faces":{"down":{"uv":[0.5,12,0.509,12.009],"texture":"#3","rotation":270},"north":{"uv":[0.5,12,0.509,12.009],"texture":"#3","rotation":270},"south":{"uv":[0.5,12,0.509,12.009],"texture":"#3","rotation":270}}},{"__comment":"element","from":[13.4443,7.9149,8.7483],"to":[13.76499,8.12869,9.81726],"rotation":{"origin":[13.33744,8.07523,8.74827],"axis":"z","angle":22.5},"faces":{"down":{"uv":[0.5,12,0.509,12.009],"texture":"#3","rotation":270},"north":{"uv":[0.5,12,0.509,12.009],"texture":"#3","rotation":270},"south":{"uv":[0.5,12,0.509,12.009],"texture":"#3","rotation":270}}},{"__comment":"element","from":[13.7118,8.3018,8.7483],"to":[13.92559,8.4087,9.81726],"rotation":{"origin":[13.60486,8.35527,8.74827],"axis":"z","angle":-45},"faces":{"up":{"uv":[0.5,12,0.509,12.009],"texture":"#3","rotation":270},"north":{"uv":[0.5,12,0.509,12.009],"texture":"#3","rotation":270},"south":{"uv":[0.5,12,0.509,12.009],"texture":"#3","rotation":270},"east":{"uv":[0.5,12,0.509,12.009],"texture":"#3","rotation":270}}},{"__comment":"element","from":[12.9592,7.8535,8.7483],"to":[13.47688,8.09325,9.81726],"rotation":{"origin":[13.81899,8.49343,8.53448],"axis":"z","angle":-45},"faces":{"up":{"uv":[0.5,12,0.509,12.009],"texture":"#3","rotation":270},"north":{"uv":[0.5,12,0.509,12.009],"texture":"#3","rotation":270},"south":{"uv":[0.5,12,0.509,12.009],"texture":"#3","rotation":270}}},{"__comment":"element","from":[11.8988,7.8997,8.7483],"to":[12.96401,9.07556,9.81726],"rotation":{"origin":[12.9143,8.75486,8.74827],"axis":"z","angle":22.5},"faces":{"north":{"uv":[0.5,12,0.509,12.009],"texture":"#3","rotation":180},"south":{"uv":[0.5,12,0.509,12.009],"texture":"#3","rotation":180}}},{"__comment":"element","from":[6.1675,7.7238,8.7483],"to":[11.97925,8.578959,9.81726],"faces":{"down":{"uv":[0.5,12,0.509,12.009],"texture":"#3","rotation":180},"north":{"uv":[0.5,12,0.509,12.009],"texture":"#3","rotation":180},"south":{"uv":[0.5,12,0.509,12.009],"texture":"#3","rotation":180}}},{"__comment":"element","from":[2.6662,7.9375,8.7483],"to":[6.1675,8.57887,9.81726],"faces":{"down":{"uv":[0.5,12,0.509,12.009],"texture":"#3","rotation":180},"north":{"uv":[0.5,12,0.509,12.009],"texture":"#3","rotation":180},"south":{"uv":[0.5,12,0.509,12.009],"texture":"#3","rotation":180},"west":{"uv":[0.5,12,0.509,12.009],"texture":"#3","rotation":180}}},{"__comment":"element","from":[12.811,9.9712,8.9621],"to":[13.23858,10.07809,9.60348],"rotation":{"origin":[12.97137,10.02462,8.74827],"axis":"z","angle":22.5},"faces":{"up":{"uv":[4,16,4.099,16],"texture":"#2","rotation":90},"north":{"uv":[4,16,4.099,16],"texture":"#2","rotation":90},"south":{"uv":[4,16,4.099,16],"texture":"#2","rotation":90}}},{"__comment":"element","from":[12.4366,9.9098,8.9621],"to":[12.65039,10.0167,9.60348],"rotation":{"origin":[12.65035,9.96326,8.74827],"axis":"z","angle":-22.5},"faces":{"down":{"uv":[4,16,4.099,16],"texture":"#2","rotation":90},"up":{"uv":[4,16,4.099,16],"texture":"#2","rotation":90},"north":{"uv":[4,16,4.099,16],"texture":"#2","rotation":90},"south":{"uv":[4,16,4.099,16],"texture":"#2","rotation":90},"west":{"uv":[4,16,4.099,16],"texture":"#2","rotation":90}}},{"__comment":"element","from":[12.4866,9.1739,8.9621],"to":[13.02108,9.815269,9.60348],"rotation":{"origin":[13.05231,9.89153,8.74827],"axis":"z","angle":-22.5},"faces":{"north":{"uv":[4,16,4.099,16],"texture":"#2"},"south":{"uv":[4,16,4.099,16],"texture":"#2"},"west":{"uv":[4,16,4.099,16],"texture":"#2"},"east":{"uv":[4,16,4.099,16],"texture":"#2"}}},{"__comment":"element","from":[12.6299,9.873199,8.9621],"to":[13.04068,10.02685,9.60348],"faces":{"up":{"uv":[4,16,4.099,16],"texture":"#2","rotation":90},"north":{"uv":[4,16,4.099,16],"texture":"#2","rotation":90},"south":{"uv":[4,16,4.099,16],"texture":"#2","rotation":90}}},{"__comment":"element","from":[12.929,9.8831,8.9621],"to":[13.35658,9.99,9.60348],"rotation":{"origin":[13.05231,9.89153,8.74827],"axis":"z","angle":45},"faces":{"down":{"uv":[4,16,4.099,16],"texture":"#2","rotation":270},"north":{"uv":[4,16,4.099,16],"texture":"#2","rotation":270},"south":{"uv":[4,16,4.099,16],"texture":"#2","rotation":270},"east":{"uv":[4,16,4.099,16],"texture":"#2","rotation":270}}},{"__comment":"element","from":[13.0528,8.086599,8.7483],"to":[13.58728,8.40729,9.81726],"rotation":{"origin":[13.42693,8.03318,8.74827],"axis":"z","angle":-22.5},"faces":{"up":{"uv":[0.5,12,0.509,12.009],"texture":"#3","rotation":270},"north":{"uv":[0.5,12,0.509,12.009],"texture":"#3","rotation":270},"south":{"uv":[0.5,12,0.509,12.009],"texture":"#3","rotation":270}}},{"__comment":"element","from":[9.777599,8.5933,8.6339],"to":[9.836699,9.86165,9.927899],"faces":{"down":{"uv":[7,5,7.099,5.000999],"texture":"#2","rotation":90},"up":{"uv":[7,5,7.099,5.000999],"texture":"#2","rotation":90},"north":{"uv":[7,5,7.099,5.000999],"texture":"#2","rotation":90},"south":{"uv":[7,5,7.099,5.000999],"texture":"#2","rotation":90},"west":{"uv":[7,5,7.099,5.000999],"texture":"#2","rotation":90},"east":{"uv":[7,5,7.099,5.000999],"texture":"#2","rotation":90}}},{"__comment":"element","from":[9.965099,8.5933,8.6339],"to":[10.0242,9.86165,9.927899],"faces":{"down":{"uv":[7,5,7.099,5.000999],"texture":"#2","rotation":90},"up":{"uv":[7,5,7.099,5.000999],"texture":"#2","rotation":90},"north":{"uv":[7,5,7.099,5.000999],"texture":"#2","rotation":90},"south":{"uv":[7,5,7.099,5.000999],"texture":"#2","rotation":90},"west":{"uv":[7,5,7.099,5.000999],"texture":"#2","rotation":90},"east":{"uv":[7,5,7.099,5.000999],"texture":"#2","rotation":90}}},{"__comment":"element","from":[9.585299,8.5933,8.6339],"to":[9.6444,9.86165,9.927899],"faces":{"down":{"uv":[7,5,7.099,5.000999],"texture":"#2","rotation":90},"up":{"uv":[7,5,7.099,5.000999],"texture":"#2","rotation":90},"north":{"uv":[7,5,7.099,5.000999],"texture":"#2","rotation":90},"south":{"uv":[7,5,7.099,5.000999],"texture":"#2","rotation":90},"west":{"uv":[7,5,7.099,5.000999],"texture":"#2","rotation":90},"east":{"uv":[7,5,7.099,5.000999],"texture":"#2","rotation":90}}},{"__comment":"element","from":[10.1526,8.5933,8.6339],"to":[10.21169,9.86165,9.927899],"faces":{"down":{"uv":[7,5,7.099,5.000999],"texture":"#2","rotation":90},"up":{"uv":[7,5,7.099,5.000999],"texture":"#2","rotation":90},"north":{"uv":[7,5,7.099,5.000999],"texture":"#2","rotation":90},"south":{"uv":[7,5,7.099,5.000999],"texture":"#2","rotation":90},"west":{"uv":[7,5,7.099,5.000999],"texture":"#2","rotation":90},"east":{"uv":[7,5,7.099,5.000999],"texture":"#2","rotation":90}}},{"__comment":"element","from":[10.3402,8.5933,8.6339],"to":[10.3993,9.86165,9.927899],"faces":{"down":{"uv":[7,5,7.099,5.000999],"texture":"#2","rotation":90},"up":{"uv":[7,5,7.099,5.000999],"texture":"#2","rotation":90},"north":{"uv":[7,5,7.099,5.000999],"texture":"#2","rotation":90},"south":{"uv":[7,5,7.099,5.000999],"texture":"#2","rotation":90},"west":{"uv":[7,5,7.099,5.000999],"texture":"#2","rotation":90},"east":{"uv":[7,5,7.099,5.000999],"texture":"#2","rotation":90}}},{"__comment":"element","from":[10.5277,8.5933,8.6339],"to":[10.5868,9.86165,9.927899],"faces":{"down":{"uv":[7,5,7.099,5.000999],"texture":"#2","rotation":90},"up":{"uv":[7,5,7.099,5.000999],"texture":"#2","rotation":90},"north":{"uv":[7,5,7.099,5.000999],"texture":"#2","rotation":90},"south":{"uv":[7,5,7.099,5.000999],"texture":"#2","rotation":90},"west":{"uv":[7,5,7.099,5.000999],"texture":"#2","rotation":90},"east":{"uv":[7,5,7.099,5.000999],"texture":"#2","rotation":90}}},{"__comment":"element","from":[10.7152,8.5933,8.6339],"to":[10.7743,9.86165,9.927899],"faces":{"down":{"uv":[7,5,7.099,5.000999],"texture":"#2","rotation":90},"up":{"uv":[7,5,7.099,5.000999],"texture":"#2","rotation":90},"north":{"uv":[7,5,7.099,5.000999],"texture":"#2","rotation":90},"south":{"uv":[7,5,7.099,5.000999],"texture":"#2","rotation":90},"west":{"uv":[7,5,7.099,5.000999],"texture":"#2","rotation":90},"east":{"uv":[7,5,7.099,5.000999],"texture":"#2","rotation":90}}},{"__comment":"element","from":[10.9028,8.5933,8.6339],"to":[10.9619,9.86165,9.927899],"faces":{"down":{"uv":[7,5,7.099,5.000999],"texture":"#2","rotation":90},"up":{"uv":[7,5,7.099,5.000999],"texture":"#2","rotation":90},"north":{"uv":[7,5,7.099,5.000999],"texture":"#2","rotation":90},"south":{"uv":[7,5,7.099,5.000999],"texture":"#2","rotation":90},"west":{"uv":[7,5,7.099,5.000999],"texture":"#2","rotation":90},"east":{"uv":[7,5,7.099,5.000999],"texture":"#2","rotation":90}}},{"__comment":"element","from":[11.0903,8.5933,8.6339],"to":[11.14939,9.86165,9.927899],"faces":{"down":{"uv":[7,5,7.099,5.000999],"texture":"#2","rotation":90},"up":{"uv":[7,5,7.099,5.000999],"texture":"#2","rotation":90},"north":{"uv":[7,5,7.099,5.000999],"texture":"#2","rotation":90},"south":{"uv":[7,5,7.099,5.000999],"texture":"#2","rotation":90},"west":{"uv":[7,5,7.099,5.000999],"texture":"#2","rotation":90},"east":{"uv":[7,5,7.099,5.000999],"texture":"#2","rotation":90}}},{"__comment":"element","from":[11.2778,8.5933,8.6339],"to":[11.3369,9.86165,9.927899],"faces":{"down":{"uv":[7,5,7.099,5.000999],"texture":"#2","rotation":90},"up":{"uv":[7,5,7.099,5.000999],"texture":"#2","rotation":90},"north":{"uv":[7,5,7.099,5.000999],"texture":"#2","rotation":90},"south":{"uv":[7,5,7.099,5.000999],"texture":"#2","rotation":90},"west":{"uv":[7,5,7.099,5.000999],"texture":"#2","rotation":90},"east":{"uv":[7,5,7.099,5.000999],"texture":"#2","rotation":90}}},{"__comment":"element","from":[11.4654,8.5933,8.6339],"to":[11.5245,9.86165,9.927899],"faces":{"down":{"uv":[7,5,7.099,5.000999],"texture":"#2","rotation":90},"up":{"uv":[7,5,7.099,5.000999],"texture":"#2","rotation":90},"north":{"uv":[7,5,7.099,5.000999],"texture":"#2","rotation":90},"south":{"uv":[7,5,7.099,5.000999],"texture":"#2","rotation":90},"west":{"uv":[7,5,7.099,5.000999],"texture":"#2","rotation":90},"east":{"uv":[7,5,7.099,5.000999],"texture":"#2","rotation":90}}},{"__comment":"element","from":[11.6529,8.5933,8.6339],"to":[11.71199,9.86165,9.927899],"faces":{"down":{"uv":[7,5,7.099,5.000999],"texture":"#2","rotation":90},"up":{"uv":[7,5,7.099,5.000999],"texture":"#2","rotation":90},"north":{"uv":[7,5,7.099,5.000999],"texture":"#2","rotation":90},"south":{"uv":[7,5,7.099,5.000999],"texture":"#2","rotation":90},"west":{"uv":[7,5,7.099,5.000999],"texture":"#2","rotation":90},"east":{"uv":[7,5,7.099,5.000999],"texture":"#2","rotation":90}}},{"__comment":"element","from":[11.8405,8.5933,8.6339],"to":[11.8996,9.86165,9.927899],"faces":{"down":{"uv":[7,5,7.099,5.000999],"texture":"#2","rotation":90},"up":{"uv":[7,5,7.099,5.000999],"texture":"#2","rotation":90},"north":{"uv":[7,5,7.099,5.000999],"texture":"#2","rotation":90},"south":{"uv":[7,5,7.099,5.000999],"texture":"#2","rotation":90},"west":{"uv":[7,5,7.099,5.000999],"texture":"#2","rotation":90},"east":{"uv":[7,5,7.099,5.000999],"texture":"#2","rotation":90}}},{"__comment":"element","from":[12.028,8.5933,8.6339],"to":[12.0871,9.86165,9.927899],"faces":{"down":{"uv":[7,5,7.099,5.000999],"texture":"#2","rotation":90},"up":{"uv":[7,5,7.099,5.000999],"texture":"#2","rotation":90},"north":{"uv":[7,5,7.099,5.000999],"texture":"#2","rotation":90},"south":{"uv":[7,5,7.099,5.000999],"texture":"#2","rotation":90},"west":{"uv":[7,5,7.099,5.000999],"texture":"#2","rotation":90},"east":{"uv":[7,5,7.099,5.000999],"texture":"#2","rotation":90}}},{"__comment":"element","from":[2.5724,8.578899,8.641399],"to":[12.6206,9.540959,9.92415],"faces":{"down":{"uv":[3.098,16,4.098,15],"texture":"#2","rotation":90},"up":{"uv":[3.098,16,4.098,15],"texture":"#2","rotation":90},"north":{"uv":[3.098,16,4.098,15],"texture":"#2","rotation":90},"south":{"uv":[3.098,16,4.098,15],"texture":"#2","rotation":90}}},{"__comment":"element","from":[2.5724,8.3819,9.035399],"to":[12.6206,9.34396,9.530179],"faces":{"north":{"uv":[3.098,16,4.098,15],"texture":"#2","rotation":90},"south":{"uv":[3.098,16,4.098,15],"texture":"#2","rotation":90},"west":{"uv":[3.098,16,4.098,15],"texture":"#2","rotation":90}}},{"__comment":"element","from":[12.6206,8.578899,8.641399],"to":[12.93701,8.81407,9.92415],"faces":{"down":{"uv":[3.098,16,4.098,15],"texture":"#2","rotation":90},"north":{"uv":[3.098,16,4.098,15],"texture":"#2","rotation":90},"south":{"uv":[3.098,16,4.098,15],"texture":"#2","rotation":90},"east":{"uv":[3.098,16,4.098,15],"texture":"#2","rotation":90}}},{"__comment":"element","from":[12.8867,8.5802,8.641399],"to":[13.03673,8.601581,9.92415],"faces":{"down":{"uv":[3.098,16,4.098,15],"texture":"#2","rotation":90},"up":{"uv":[3.098,16,4.098,15],"texture":"#2","rotation":90},"north":{"uv":[3.098,16,4.098,15],"texture":"#2","rotation":90},"south":{"uv":[3.098,16,4.098,15],"texture":"#2","rotation":90},"east":{"uv":[3.098,16,4.098,15],"texture":"#2","rotation":90}}},{"__comment":"element","from":[12.5402,8.7227,8.641399],"to":[12.96778,9.928491,9.92415],"rotation":{"origin":[12.9143,8.75486,8.74827],"axis":"z","angle":22.5},"faces":{"up":{"uv":[3.098,16,4.098,15],"texture":"#2","rotation":90},"north":{"uv":[3.098,16,4.098,15],"texture":"#2","rotation":90},"south":{"uv":[3.098,16,4.098,15],"texture":"#2","rotation":90},"east":{"uv":[3.098,16,4.098,15],"texture":"#2","rotation":90}}},{"__comment":"element","from":[12.8867,8.6016,8.641399],"to":[12.99922,8.622979,9.92415],"faces":{"north":{"uv":[3.098,16,4.098,15],"texture":"#2","rotation":90},"south":{"uv":[3.098,16,4.098,15],"texture":"#2","rotation":90}}},{"__comment":"element","from":[13.4677,8.6944,8.641399],"to":[13.51046,8.73191,9.92415],"rotation":{"origin":[13.52111,7.45749,8.74827],"axis":"z","angle":22.5},"faces":{"down":{"uv":[3.098,16,4.098,15],"texture":"#2","rotation":90},"north":{"uv":[3.098,16,4.098,15],"texture":"#2","rotation":90},"south":{"uv":[3.098,16,4.098,15],"texture":"#2","rotation":90},"west":{"uv":[3.098,16,4.098,15],"texture":"#2","rotation":90},"east":{"uv":[3.098,16,4.098,15],"texture":"#2","rotation":90}}},{"__comment":"element","from":[13.2878,8.7148,8.641399],"to":[13.42433,8.93984,9.92415],"rotation":{"origin":[13.43499,7.66541,8.74827],"axis":"z","angle":22.5},"faces":{"down":{"uv":[3.098,16,4.098,15],"texture":"#2","rotation":90},"north":{"uv":[3.098,16,4.098,15],"texture":"#2","rotation":90},"south":{"uv":[3.098,16,4.098,15],"texture":"#2","rotation":90},"west":{"uv":[3.098,16,4.098,15],"texture":"#2","rotation":90},"east":{"uv":[3.098,16,4.098,15],"texture":"#2","rotation":90}}},{"__comment":"element","from":[8.558599,9.330299,8.641399],"to":[12.51374,9.861629,9.175879],"rotation":{"origin":[11.87233,9.596,9.28275],"axis":"x","angle":45},"faces":{"north":{"uv":[3.098,16,4.098,15],"texture":"#2","rotation":90},"west":{"uv":[3.098,16,4.098,15],"texture":"#2","rotation":90},"east":{"uv":[3.098,16,4.098,15],"texture":"#2","rotation":90}}},{"__comment":"element","from":[8.558599,9.4372,8.641399],"to":[12.51374,9.86164,9.92415],"faces":{"up":{"uv":[3.098,16,4.098,15],"texture":"#2","rotation":90},"north":{"uv":[3.098,16,4.098,15],"texture":"#2","rotation":90},"south":{"uv":[3.098,16,4.098,15],"texture":"#2","rotation":90},"east":{"uv":[3.098,16,4.098,15],"texture":"#2","rotation":90}}},{"__comment":"element","from":[8.339399,9.3326,8.641399],"to":[8.660079,9.86393,9.92415],"rotation":{"origin":[8.44629,9.59822,9.28275],"axis":"z","angle":-45},"faces":{"north":{"uv":[3.098,16,4.098,15],"texture":"#2","rotation":90},"south":{"uv":[3.098,16,4.098,15],"texture":"#2","rotation":90},"west":{"uv":[3.098,16,4.098,15],"texture":"#2","rotation":90}}},{"__comment":"element","from":[6.6344,9.4372,8.8552],"to":[8.66542,10.07543,9.71036],"faces":{"up":{"uv":[6,9,7,8],"texture":"#2","rotation":90},"north":{"uv":[6,9,7,8],"texture":"#2","rotation":90},"south":{"uv":[6,9,7,8],"texture":"#2","rotation":90},"west":{"uv":[6,9,7,8],"texture":"#2","rotation":90},"east":{"uv":[6,9,7,8],"texture":"#2","rotation":90}}},{"__comment":"element","from":[0.0069,9.4372,8.641399],"to":[6.63444,9.86164,9.92415],"faces":{"north":{"uv":[3.098,16,4.098,15],"texture":"#2","rotation":90},"south":{"uv":[3.098,16,4.098,15],"texture":"#2","rotation":90},"west":{"uv":[3.098,16,4.098,15],"texture":"#2","rotation":90}}},{"__comment":"element","from":[0.0069,9.330299,8.641399],"to":[6.63444,9.861629,9.175879],"rotation":{"origin":[5.56548,9.596,9.28275],"axis":"x","angle":45},"faces":{"north":{"uv":[3.098,16,4.098,15],"texture":"#2","rotation":90},"west":{"uv":[3.098,16,4.098,15],"texture":"#2","rotation":90},"east":{"uv":[3.098,16,4.098,15],"texture":"#2","rotation":90}}},{"__comment":"element","from":[6.602,9.2726,8.641399],"to":[6.922689,9.80393,9.92415],"rotation":{"origin":[6.70891,9.48484,8.80172],"axis":"z","angle":45},"faces":{"north":{"uv":[3.098,16,4.098,15],"texture":"#2","rotation":90},"south":{"uv":[3.098,16,4.098,15],"texture":"#2","rotation":90},"east":{"uv":[3.098,16,4.098,15],"texture":"#2","rotation":90}}},{"__comment":"element","from":[1.6838,8.7344,8.641399],"to":[2.64586,9.16199,9.92415],"rotation":{"origin":[2.21827,8.8413,9.28275],"axis":"z","angle":-22.5},"faces":{"down":{"uv":[3.098,16,4.098,15],"texture":"#2","rotation":90},"north":{"uv":[3.098,16,4.098,15],"texture":"#2","rotation":90},"south":{"uv":[3.098,16,4.098,15],"texture":"#2","rotation":90}}},{"__comment":"element","from":[0.0069,9.4891,9.017099],"to":[6.63444,10.23737,9.548439],"faces":{"up":{"uv":[3.098,16,4.098,15],"texture":"#2","rotation":90},"west":{"uv":[3.098,16,4.098,15],"texture":"#2","rotation":90},"east":{"uv":[3.098,16,4.098,15],"texture":"#2","rotation":90}}},{"__comment":"element","from":[0.0069,9.7029,9.017099],"to":[6.63444,10.23738,9.548439],"rotation":{"origin":[5.56548,9.596,9.28275],"axis":"x","angle":45},"faces":{"up":{"uv":[3.098,16,4.098,15],"texture":"#2","rotation":90},"west":{"uv":[3.098,16,4.098,15],"texture":"#2","rotation":90},"east":{"uv":[3.098,16,4.098,15],"texture":"#2","rotation":90}}},{"__comment":"element","from":[0.0069,8.8996,8.641399],"to":[2.67929,9.54097,9.92415],"faces":{"down":{"uv":[3.098,16,4.098,15],"texture":"#2","rotation":90},"north":{"uv":[3.098,16,4.098,15],"texture":"#2","rotation":90},"south":{"uv":[3.098,16,4.098,15],"texture":"#2","rotation":90},"west":{"uv":[3.098,16,4.098,15],"texture":"#2","rotation":90}}},{"__comment":"element","from":[8.558599,9.4891,9.017099],"to":[12.51374,10.23737,9.548439],"faces":{"up":{"uv":[3.098,16,4.098,15],"texture":"#2","rotation":90},"south":{"uv":[3.098,16,4.098,15],"texture":"#2","rotation":90},"west":{"uv":[3.098,16,4.098,15],"texture":"#2","rotation":90},"east":{"uv":[3.098,16,4.098,15],"texture":"#2","rotation":90}}},{"__comment":"element","from":[8.558599,9.7029,9.017099],"to":[12.51187,10.23738,9.548439],"rotation":{"origin":[11.87233,9.596,9.28275],"axis":"x","angle":45},"faces":{"up":{"uv":[3.098,16,4.098,15],"texture":"#2","rotation":90},"west":{"uv":[3.098,16,4.098,15],"texture":"#2","rotation":90},"east":{"uv":[3.098,16,4.098,15],"texture":"#2","rotation":90}}},{"__comment":"element","from":[12.028,10.1455,9.1108],"to":[12.23242,10.33116,9.454599],"faces":{"up":{"uv":[7,5,7.099,5.000999],"texture":"#2","rotation":90},"north":{"uv":[7,5,7.099,5.000999],"texture":"#2","rotation":90},"south":{"uv":[7,5,7.099,5.000999],"texture":"#2","rotation":90},"west":{"uv":[7,5,7.099,5.000999],"texture":"#2","rotation":90},"east":{"uv":[7,5,7.099,5.000999],"texture":"#2","rotation":90}}},{"__comment":"element","from":[0.1242,10.1057,9.204599],"to":[0.51615,10.31672,9.360859],"rotation":{"origin":[0.32013,10.29551,9.28275],"axis":"z","angle":-22.5},"faces":{"up":{"uv":[7,5,7.099,5.000999],"texture":"#2","rotation":90},"north":{"uv":[7,5,7.099,5.000999],"texture":"#2","rotation":90},"south":{"uv":[7,5,7.099,5.000999],"texture":"#2","rotation":90},"west":{"uv":[7,5,7.099,5.000999],"texture":"#2","rotation":90},"east":{"uv":[7,5,7.099,5.000999],"texture":"#2","rotation":90}}},{"__comment":"element","from":[12.028,10.3311,9.1108],"to":[12.23242,10.38736,9.223319],"faces":{"up":{"uv":[7,5,7.099,5.000999],"texture":"#2","rotation":90},"north":{"uv":[7,5,7.099,5.000999],"texture":"#2","rotation":90},"west":{"uv":[7,5,7.099,5.000999],"texture":"#2","rotation":90},"east":{"uv":[7,5,7.099,5.000999],"texture":"#2","rotation":90}}},{"__comment":"element","from":[12.028,10.2684,9.1908],"to":[12.23242,10.38093,9.24706],"rotation":{"origin":[12.13019,10.32465,9.21892],"axis":"x","angle":-22.5},"faces":{"south":{"uv":[7,5,7.099,5.000999],"texture":"#2","rotation":90},"west":{"uv":[7,5,7.099,5.000999],"texture":"#2","rotation":90},"east":{"uv":[7,5,7.099,5.000999],"texture":"#2","rotation":90}}},{"__comment":"element","from":[12.028,10.2684,9.318399],"to":[12.23242,10.38093,9.37466],"rotation":{"origin":[12.13019,10.32465,9.34658],"axis":"x","angle":22.5},"faces":{"north":{"uv":[7,5,7.099,5.000999],"texture":"#2","rotation":90},"west":{"uv":[7,5,7.099,5.000999],"texture":"#2","rotation":90},"east":{"uv":[7,5,7.099,5.000999],"texture":"#2","rotation":90}}},{"__comment":"element","from":[12.028,10.3311,9.3421],"to":[12.23242,10.38736,9.45462],"faces":{"up":{"uv":[7,5,7.099,5.000999],"texture":"#2","rotation":90},"south":{"uv":[7,5,7.099,5.000999],"texture":"#2","rotation":90},"west":{"uv":[7,5,7.099,5.000999],"texture":"#2","rotation":90},"east":{"uv":[7,5,7.099,5.000999],"texture":"#2","rotation":90}}},{"__comment":"element","from":[0.0122,8.4902,9.211599],"to":[2.73148,8.94075,9.811719],"rotation":{"origin":[0.00012,8.71545,9.28663],"axis":"x","angle":45},"faces":{"down":{"uv":[7,5,7.099,5.000999],"texture":"#2","rotation":90},"up":{"uv":[7,5,7.099,5.000999],"texture":"#2","rotation":90},"south":{"uv":[7,5,7.099,5.000999],"texture":"#2","rotation":90},"west":{"uv":[7,5,7.099,5.000999],"texture":"#2","rotation":90},"east":{"uv":[7,5,7.099,5.000999],"texture":"#2","rotation":90}}},{"__comment":"element","from":[0.0122,8.5034,8.7486],"to":[2.73148,8.95394,9.816299],"faces":{"north":{"uv":[7,5,7.099,5.000999],"texture":"#2","rotation":90},"south":{"uv":[7,5,7.099,5.000999],"texture":"#2","rotation":90},"west":{"uv":[7,5,7.099,5.000999],"texture":"#2","rotation":90}}},{"__comment":"element","from":[0.0122,8.184899,9.0668],"to":[2.73148,8.803769,9.51735],"rotation":{"origin":[0.00012,8.72871,9.29213],"axis":"x","angle":45},"faces":{"down":{"uv":[7,5,7.099,5.000999],"texture":"#2","rotation":90},"north":{"uv":[7,5,7.099,5.000999],"texture":"#2","rotation":90},"south":{"uv":[7,5,7.099,5.000999],"texture":"#2","rotation":90},"west":{"uv":[7,5,7.099,5.000999],"texture":"#2","rotation":90},"east":{"uv":[7,5,7.099,5.000999],"texture":"#2","rotation":90}}},{"__comment":"element","from":[0.0122,8.184899,9.0671],"to":[2.73148,8.991299,9.49844],"faces":{"down":{"uv":[7,5,7.099,5.000999],"texture":"#2","rotation":90},"north":{"uv":[7,5,7.099,5.000999],"texture":"#2","rotation":90},"south":{"uv":[7,5,7.099,5.000999],"texture":"#2","rotation":90},"west":{"uv":[7,5,7.099,5.000999],"texture":"#2","rotation":90}}},{"__comment":"element","from":[13.5946,3.6007,8.7239],"to":[13.74996,3.97577,9.849119],"rotation":{"origin":[13.67232,3.78823,8.66388],"axis":"z","angle":45},"faces":{"down":{"uv":[8,3,8.099,3.099],"texture":"#2","rotation":90},"up":{"uv":[8,3,8.099,3.099],"texture":"#2","rotation":90},"north":{"uv":[8,3,8.099,3.099],"texture":"#2","rotation":90},"south":{"uv":[8,3,8.099,3.099],"texture":"#2","rotation":90}}},{"__comment":"element","from":[13.5946,3.6007,8.7239],"to":[13.74996,3.97577,9.849119],"faces":{"down":{"uv":[8,3,8.099,3.099],"texture":"#2","rotation":90},"up":{"uv":[8,3,8.099,3.099],"texture":"#2","rotation":90},"north":{"uv":[8,3,8.099,3.099],"texture":"#2","rotation":90},"south":{"uv":[8,3,8.099,3.099],"texture":"#2","rotation":90}}},{"__comment":"element","from":[13.4848,3.7106,8.7239],"to":[13.85988,3.86597,9.849119],"rotation":{"origin":[13.67232,3.78823,8.66388],"axis":"z","angle":45},"faces":{"north":{"uv":[8,3,8.099,3.099],"texture":"#2","rotation":90},"south":{"uv":[8,3,8.099,3.099],"texture":"#2","rotation":90},"west":{"uv":[8,3,8.099,3.099],"texture":"#2","rotation":90},"east":{"uv":[8,3,8.099,3.099],"texture":"#2","rotation":90}}},{"__comment":"element","from":[13.4848,3.7106,8.7239],"to":[13.85988,3.86597,9.849119],"faces":{"north":{"uv":[8,3,8.099,3.099],"texture":"#2","rotation":90},"south":{"uv":[8,3,8.099,3.099],"texture":"#2","rotation":90},"west":{"uv":[8,3,8.099,3.099],"texture":"#2","rotation":90},"east":{"uv":[8,3,8.099,3.099],"texture":"#2","rotation":90}}},{"__comment":"element","from":[10.8443,7.1826,8.7126],"to":[11.0618,7.70771,9.85657],"rotation":{"origin":[10.95304,7.44519,8.57011],"axis":"z","angle":45},"faces":{"down":{"uv":[9.5,1.5,9.501,1.501],"texture":"#5"},"up":{"uv":[9.5,1.5,9.501,1.501],"texture":"#5"},"north":{"uv":[9.5,1.5,9.501,1.501],"texture":"#5"},"south":{"uv":[9.5,1.5,9.501,1.501],"texture":"#5"}}},{"__comment":"element","from":[10.8443,7.1826,8.7126],"to":[11.0618,7.70771,9.85657],"faces":{"down":{"uv":[9.5,1.5,9.501,1.501],"texture":"#5"},"up":{"uv":[9.5,1.5,9.501,1.501],"texture":"#5"},"north":{"uv":[9.5,1.5,9.501,1.501],"texture":"#5"},"south":{"uv":[9.5,1.5,9.501,1.501],"texture":"#5"}}},{"__comment":"element","from":[10.6905,7.3364,8.7126],"to":[11.2156,7.55391,9.85657],"rotation":{"origin":[10.95304,7.44519,8.57011],"axis":"z","angle":45},"faces":{"north":{"uv":[9.5,1.5,9.501,1.501],"texture":"#5"},"south":{"uv":[9.5,1.5,9.501,1.501],"texture":"#5"},"west":{"uv":[9.5,1.5,9.501,1.501],"texture":"#5"},"east":{"uv":[9.5,1.5,9.501,1.501],"texture":"#5"}}},{"__comment":"element","from":[10.6905,7.3364,8.7126],"to":[11.2156,7.55391,9.85657],"faces":{"north":{"uv":[9.5,1.5,9.501,1.501],"texture":"#5"},"south":{"uv":[9.5,1.5,9.501,1.501],"texture":"#5"},"west":{"uv":[9.5,1.5,9.501,1.501],"texture":"#5"},"east":{"uv":[9.5,1.5,9.501,1.501],"texture":"#5"}}},{"__comment":"element","from":[12.157,3.9008,8.7126],"to":[12.37451,4.4259,9.85657],"rotation":{"origin":[12.2658,4.16331,8.57011],"axis":"z","angle":45},"faces":{"down":{"uv":[9.5,1.5,9.501,1.501],"texture":"#5"},"up":{"uv":[9.5,1.5,9.501,1.501],"texture":"#5"},"north":{"uv":[9.5,1.5,9.501,1.501],"texture":"#5"},"south":{"uv":[9.5,1.5,9.501,1.501],"texture":"#5"}}},{"__comment":"element","from":[12.157,3.9008,8.7126],"to":[12.37451,4.4259,9.85657],"faces":{"down":{"uv":[9.5,1.5,9.501,1.501],"texture":"#5"},"up":{"uv":[9.5,1.5,9.501,1.501],"texture":"#5"},"north":{"uv":[9.5,1.5,9.501,1.501],"texture":"#5"},"south":{"uv":[9.5,1.5,9.501,1.501],"texture":"#5"}}},{"__comment":"element","from":[12.0032,4.0546,8.7126],"to":[12.5283,4.272099,9.85657],"rotation":{"origin":[12.2658,4.16331,8.57011],"axis":"z","angle":45},"faces":{"north":{"uv":[9.5,1.5,9.501,1.501],"texture":"#5"},"south":{"uv":[9.5,1.5,9.501,1.501],"texture":"#5"},"west":{"uv":[9.5,1.5,9.501,1.501],"texture":"#5"},"east":{"uv":[9.5,1.5,9.501,1.501],"texture":"#5"}}},{"__comment":"element","from":[12.0032,4.0546,8.7126],"to":[12.5283,4.272099,9.85657],"faces":{"north":{"uv":[9.5,1.5,9.501,1.501],"texture":"#5"},"south":{"uv":[9.5,1.5,9.501,1.501],"texture":"#5"},"west":{"uv":[9.5,1.5,9.501,1.501],"texture":"#5"},"east":{"uv":[9.5,1.5,9.501,1.501],"texture":"#5"}}},{"__comment":"element","from":[7.5152,8.0453,8.7164],"to":[7.737988,8.24686,9.84162],"faces":{"down":{"uv":[3.098,16,4.098,15],"texture":"#2","rotation":90},"up":{"uv":[3.098,16,4.098,15],"texture":"#2","rotation":90},"north":{"uv":[3.098,16,4.098,15],"texture":"#2","rotation":90},"south":{"uv":[3.098,16,4.098,15],"texture":"#2","rotation":90},"west":{"uv":[3.098,16,4.098,15],"texture":"#2","rotation":90},"east":{"uv":[3.098,16,4.098,15],"texture":"#2","rotation":90}}},{"__comment":"element","from":[-0.1806,9.3706,8.8364],"to":[0.10071,9.74346,9.736581],"rotation":{"origin":[-0.08687,9.55708,9.2865],"axis":"x","angle":45},"faces":{"north":{"uv":[7,5,7.099,5.000999],"texture":"#2","rotation":90},"south":{"uv":[7,5,7.099,5.000999],"texture":"#2","rotation":90},"west":{"uv":[12,12,16,16],"texture":"#6","rotation":90},"east":{"uv":[7,5,7.099,5.000999],"texture":"#2","rotation":90}}},{"__comment":"element","from":[-0.1806,9.3706,8.8364],"to":[0.10071,9.74346,9.736581],"faces":{"north":{"uv":[7,5,7.099,5.000999],"texture":"#2","rotation":90},"south":{"uv":[7,5,7.099,5.000999],"texture":"#2","rotation":90},"west":{"uv":[12,12,16,16],"texture":"#6","rotation":90}}},{"__comment":"element","from":[-0.1806,9.106999,9.1001],"to":[0.10071,10.00717,9.47296],"rotation":{"origin":[-0.08687,9.55708,9.2865],"axis":"x","angle":45},"faces":{"down":{"uv":[7,5,7.099,5.000999],"texture":"#2","rotation":90},"up":{"uv":[7,5,7.099,5.000999],"texture":"#2","rotation":90},"west":{"uv":[12,12,16,16],"texture":"#6","rotation":90},"east":{"uv":[7,5,7.099,5.000999],"texture":"#2","rotation":90}}},{"__comment":"element","from":[-0.1806,9.106999,9.1001],"to":[0.10071,10.00717,9.47296],"faces":{"down":{"uv":[7,5,7.099,5.000999],"texture":"#2","rotation":90},"up":{"uv":[7,5,7.099,5.000999],"texture":"#2","rotation":90},"west":{"uv":[12,12,16,16],"texture":"#6","rotation":90}}},{"__comment":"element","from":[9.0912,6.3709,8.7164],"to":[9.21549,6.670959,9.84162],"rotation":{"origin":[9.15332,6.52091,8.75765],"axis":"z","angle":45},"faces":{"down":{"uv":[8,12,8.099,12.099],"texture":"#2","rotation":90},"up":{"uv":[8,12,8.099,12.099],"texture":"#2","rotation":90},"north":{"uv":[8,12,8.099,12.099],"texture":"#2","rotation":90},"south":{"uv":[8,12,8.099,12.099],"texture":"#2","rotation":90}}},{"__comment":"element","from":[9.0912,6.3709,8.7164],"to":[9.21549,6.670959,9.84162],"faces":{"down":{"uv":[8,12,8.099,12.099],"texture":"#2","rotation":90},"up":{"uv":[8,12,8.099,12.099],"texture":"#2","rotation":90},"north":{"uv":[8,12,8.099,12.099],"texture":"#2","rotation":90},"south":{"uv":[8,12,8.099,12.099],"texture":"#2","rotation":90}}},{"__comment":"element","from":[9.0033,6.4588,8.7164],"to":[9.30336,6.58309,9.84162],"rotation":{"origin":[9.15332,6.52091,8.75765],"axis":"z","angle":45},"faces":{"north":{"uv":[8,12,8.099,12.099],"texture":"#2","rotation":90},"south":{"uv":[8,12,8.099,12.099],"texture":"#2","rotation":90},"west":{"uv":[8,12,8.099,12.099],"texture":"#2","rotation":90},"east":{"uv":[8,12,8.099,12.099],"texture":"#2","rotation":90}}},{"__comment":"element","from":[9.0033,6.4588,8.7164],"to":[9.30336,6.58309,9.84162],"faces":{"north":{"uv":[8,12,8.099,12.099],"texture":"#2","rotation":90},"south":{"uv":[8,12,8.099,12.099],"texture":"#2","rotation":90},"west":{"uv":[8,12,8.099,12.099],"texture":"#2","rotation":90},"east":{"uv":[8,12,8.099,12.099],"texture":"#2","rotation":90}}}],"display":{"thirdperson_righthand":{"rotation":[0,-90,0],"translation":[0.6956,0.6956,0],"scale":[0.7,0.7,0.7]},"thirdperson_lefthand":{"rotation":[0,90,0],"translation":[-0.695,0.6956,0],"scale":[0.7,0.7,0.7]},"firstperson_righthand":{"rotation":[0,-90,0],"translation":[2.0869,2.0869,-2.782],"scale":[0.9,0.9,0.9]},"firstperson_lefthand":{"rotation":[0,90,0],"translation":[2.0869,2.0869,-2.782],"scale":[0.9,0.9,0.9]},"gui":{"rotation":[0,0,-36],"translation":[0.6956,0,0]},"ground":{"rotation":[94,0,0],"scale":[0.5,0.5,0.5]}}}
