{"__comment":"designed_by_yom_with_cubik_studio_-_https://cubik.studio","textures":{"0":"custom/gray5","2":"custom/gray2","3":"custom/bacon","particle":"custom/gray5"},"elements":[{"__comment":"element","from":[7.625,0,12.75],"to":[8.375,3.75,13.75],"rotation":{"origin":[15.375,8,8],"axis":"x","angle":-22.5},"faces":{"down":{"uv":[0,0,5.75,4.75],"texture":"#0"},"up":{"uv":[0,0,5.75,4.75],"texture":"#0"},"north":{"uv":[0,0,5.75,4.75],"texture":"#0"},"south":{"uv":[0,0,5.75,4.75],"texture":"#0"},"west":{"uv":[0,0,5.75,4.75],"texture":"#0"},"east":{"uv":[0,0,5.75,4.75],"texture":"#0"}}},{"__comment":"element","from":[7.825,-0.5,9.94],"to":[8.175,0.5,10.44],"rotation":{"origin":[15.575,8,8],"axis":"x","angle":-45},"faces":{"down":{"uv":[0,0,5.75,4.75],"texture":"#0"},"up":{"uv":[0,0,5.75,4.75],"texture":"#0"},"north":{"uv":[0,0,5.75,4.75],"texture":"#0"},"south":{"uv":[0,0,5.75,4.75],"texture":"#0"},"west":{"uv":[0,0,5.75,4.75],"texture":"#0"},"east":{"uv":[0,0,5.75,4.75],"texture":"#0"}}},{"__comment":"element","from":[7.825,9.969999,15.33],"to":[8.175,10.97,16.33],"rotation":{"origin":[15.575,8,8],"axis":"x","angle":45},"faces":{"down":{"uv":[0,0,5.75,4.75],"texture":"#0"},"up":{"uv":[0,0,5.75,4.75],"texture":"#0"},"north":{"uv":[0,0,5.75,4.75],"texture":"#0"},"south":{"uv":[0,0,5.75,4.75],"texture":"#0"},"west":{"uv":[0,0,5.75,4.75],"texture":"#0"},"east":{"uv":[0,0,5.75,4.75],"texture":"#0"}}},{"__comment":"element","from":[7.825,4.07,13.25],"to":[8.175,4.219999,14.75],"faces":{"down":{"uv":[0,0,5.75,4.75],"texture":"#0"},"up":{"uv":[0,0,5.75,4.75],"texture":"#0"},"north":{"uv":[0,0,5.75,4.75],"texture":"#0"},"south":{"uv":[0,0,5.75,4.75],"texture":"#0"},"west":{"uv":[0,0,5.75,4.75],"texture":"#0"},"east":{"uv":[0,0,5.75,4.75],"texture":"#0"}}},{"__comment":"element","from":[7.825,1.46,9.04],"to":[8.175,1.61,9.24],"rotation":{"origin":[15.775,8,8],"axis":"x","angle":-45},"faces":{"down":{"uv":[0,0,5.75,4.75],"texture":"#0"},"up":{"uv":[0,0,5.75,4.75],"texture":"#0"},"north":{"uv":[0,0,5.75,4.75],"texture":"#0"},"south":{"uv":[0,0,5.75,4.75],"texture":"#0"},"west":{"uv":[0,0,5.75,4.75],"texture":"#0"},"east":{"uv":[0,0,5.75,4.75],"texture":"#0"}}},{"__comment":"element","from":[7.825,9.71,13.7],"to":[8.175,9.86,13.9],"rotation":{"origin":[15.775,8,8],"axis":"x","angle":45},"faces":{"down":{"uv":[0,0,5.75,4.75],"texture":"#0"},"up":{"uv":[0,0,5.75,4.75],"texture":"#0"},"north":{"uv":[0,0,5.75,4.75],"texture":"#0"},"south":{"uv":[0,0,5.75,4.75],"texture":"#0"},"west":{"uv":[0,0,5.75,4.75],"texture":"#0"},"east":{"uv":[0,0,5.75,4.75],"texture":"#0"}}},{"__comment":"element","from":[7.825,4.26,13.35],"to":[8.175,5.21,13.5],"faces":{"down":{"uv":[0,0,5.75,4.75],"texture":"#0","rotation":180},"up":{"uv":[0,0,5.75,4.75],"texture":"#0","rotation":180},"north":{"uv":[0,0,5.75,4.75],"texture":"#0","rotation":180},"south":{"uv":[0,0,5.75,4.75],"texture":"#0","rotation":180},"west":{"uv":[0,0,5.75,4.75],"texture":"#0","rotation":180},"east":{"uv":[0,0,5.75,4.75],"texture":"#0","rotation":180}}},{"__comment":"element","from":[7.825,7.01,15.1],"to":[8.175,7.96,15.25],"rotation":{"origin":[15.775,8,8],"axis":"x","angle":22.5},"faces":{"down":{"uv":[13,6,15.75,7.749001],"texture":"#2"},"up":{"uv":[13,6,15.75,7.749001],"texture":"#2"},"north":{"uv":[13,6,15.75,7.749001],"texture":"#2"},"south":{"uv":[13,6,15.75,7.749001],"texture":"#2"},"west":{"uv":[13,6,15.75,7.749001],"texture":"#2"},"east":{"uv":[13,6,15.75,7.749001],"texture":"#2"}}},{"__comment":"element","from":[7.825,4.76,14.35],"to":[8.175,5.71,14.5],"faces":{"down":{"uv":[13,6,15.75,7.749001],"texture":"#2"},"up":{"uv":[13,6,15.75,7.749001],"texture":"#2"},"north":{"uv":[13,6,15.75,7.749001],"texture":"#2"},"south":{"uv":[13,6,15.75,7.749001],"texture":"#2"},"west":{"uv":[13,6,15.75,7.749001],"texture":"#2"},"east":{"uv":[13,6,15.75,7.749001],"texture":"#2"}}},{"__comment":"element","from":[7.7,5.2,11.85],"to":[8.3,5.9,15],"faces":{"down":{"uv":[0,0,5.75,4.75],"texture":"#0","rotation":180},"up":{"uv":[0,0,5.75,4.75],"texture":"#0","rotation":180},"north":{"uv":[0,0,5.75,4.75],"texture":"#0","rotation":180},"south":{"uv":[0,0,5.75,4.75],"texture":"#0","rotation":180},"west":{"uv":[0,0,5.75,4.75],"texture":"#0","rotation":180},"east":{"uv":[0,0,5.75,4.75],"texture":"#0","rotation":180}}},{"__comment":"element","from":[7.65,5.54,13.1],"to":[8.35,5.99,15],"faces":{"down":{"uv":[0,0,5.75,4.75],"texture":"#0","rotation":180},"up":{"uv":[0,0,5.75,4.75],"texture":"#0","rotation":180},"north":{"uv":[0,0,5.75,4.75],"texture":"#0","rotation":180},"south":{"uv":[0,0,5.75,4.75],"texture":"#0","rotation":180},"west":{"uv":[0,0,5.75,4.75],"texture":"#0","rotation":180},"east":{"uv":[0,0,5.75,4.75],"texture":"#0","rotation":180}}},{"__comment":"element","from":[7.575,5.54,13.85],"to":[8.425,5.59,14.5],"faces":{"down":{"uv":[0,0,5.75,4.75],"texture":"#0","rotation":180},"up":{"uv":[0,0,5.75,4.75],"texture":"#0","rotation":180},"north":{"uv":[0,0,5.75,4.75],"texture":"#0","rotation":180},"south":{"uv":[0,0,5.75,4.75],"texture":"#0","rotation":180},"west":{"uv":[0,0,5.75,4.75],"texture":"#0","rotation":180},"east":{"uv":[0,0,5.75,4.75],"texture":"#0","rotation":180}}},{"__comment":"element","from":[7.6,5.54,13.85],"to":[8.4,5.64,14.5],"faces":{"down":{"uv":[0,0,5.75,4.75],"texture":"#0","rotation":180},"up":{"uv":[0,0,5.75,4.75],"texture":"#0","rotation":180},"north":{"uv":[0,0,5.75,4.75],"texture":"#0","rotation":180},"south":{"uv":[0,0,5.75,4.75],"texture":"#0","rotation":180},"west":{"uv":[0,0,5.75,4.75],"texture":"#0","rotation":180},"east":{"uv":[0,0,5.75,4.75],"texture":"#0","rotation":180}}},{"__comment":"element","from":[7.625,5.54,13.85],"to":[8.375,5.69,14.5],"faces":{"down":{"uv":[0,0,5.75,4.75],"texture":"#0","rotation":180},"up":{"uv":[0,0,5.75,4.75],"texture":"#0","rotation":180},"north":{"uv":[0,0,5.75,4.75],"texture":"#0","rotation":180},"south":{"uv":[0,0,5.75,4.75],"texture":"#0","rotation":180},"west":{"uv":[0,0,5.75,4.75],"texture":"#0","rotation":180},"east":{"uv":[0,0,5.75,4.75],"texture":"#0","rotation":180}}},{"__comment":"element","from":[7.7,5.55,9.849999],"to":[8.3,5.9,15],"faces":{"down":{"uv":[0,0,5.75,4.75],"texture":"#0","rotation":180},"up":{"uv":[0,0,5.75,4.75],"texture":"#0","rotation":180},"north":{"uv":[0,0,5.75,4.75],"texture":"#0","rotation":180},"south":{"uv":[0,0,5.75,4.75],"texture":"#0","rotation":180},"west":{"uv":[0,0,5.75,4.75],"texture":"#0","rotation":180},"east":{"uv":[0,0,5.75,4.75],"texture":"#0","rotation":180}}},{"__comment":"element","from":[7.8,5.51,9.849999],"to":[8.199999,5.86,15],"faces":{"down":{"uv":[0,0,5.75,4.75],"texture":"#0","rotation":180},"up":{"uv":[0,0,5.75,4.75],"texture":"#0","rotation":180},"north":{"uv":[0,0,5.75,4.75],"texture":"#0","rotation":180},"south":{"uv":[0,0,5.75,4.75],"texture":"#0","rotation":180},"west":{"uv":[0,0,5.75,4.75],"texture":"#0","rotation":180},"east":{"uv":[0,0,5.75,4.75],"texture":"#0","rotation":180}}},{"__comment":"element","from":[9.27,2.6,9.849999],"to":[9.369999,2.95,15],"rotation":{"origin":[15.9,8,8],"axis":"z","angle":-22.5},"faces":{"down":{"uv":[0,0,5.75,4.75],"texture":"#0","rotation":180},"up":{"uv":[0,0,5.75,4.75],"texture":"#0","rotation":180},"north":{"uv":[0,0,5.75,4.75],"texture":"#0","rotation":180},"south":{"uv":[0,0,5.75,4.75],"texture":"#0","rotation":180},"west":{"uv":[0,0,5.75,4.75],"texture":"#0","rotation":180},"east":{"uv":[0,0,5.75,4.75],"texture":"#0","rotation":180}}},{"__comment":"element","from":[6.63,2.6,9.849999],"to":[6.73,2.95,15],"rotation":{"origin":[0.1,8,8],"axis":"z","angle":22.5},"faces":{"down":{"uv":[0,0,5.75,4.75],"texture":"#0","rotation":180},"up":{"uv":[0,0,5.75,4.75],"texture":"#0","rotation":180},"north":{"uv":[0,0,5.75,4.75],"texture":"#0","rotation":180},"south":{"uv":[0,0,5.75,4.75],"texture":"#0","rotation":180},"west":{"uv":[0,0,5.75,4.75],"texture":"#0","rotation":180},"east":{"uv":[0,0,5.75,4.75],"texture":"#0","rotation":180}}},{"__comment":"element","from":[7.7,3.95,10.476],"to":[8.3,4.4,10.876],"rotation":{"origin":[15.9,8,8],"axis":"x","angle":-22.5},"faces":{"down":{"uv":[0,0,5.75,4.75],"texture":"#0","rotation":180},"up":{"uv":[0,0,5.75,4.75],"texture":"#0","rotation":180},"north":{"uv":[0,0,5.75,4.75],"texture":"#0","rotation":180},"south":{"uv":[0,0,5.75,4.75],"texture":"#0","rotation":180},"west":{"uv":[0,0,5.75,4.75],"texture":"#0","rotation":180},"east":{"uv":[0,0,5.75,4.75],"texture":"#0","rotation":180}}},{"__comment":"element","from":[7.7,7.056,12.1],"to":[8.3,7.455999,12.55],"rotation":{"origin":[15.9,8,8],"axis":"x","angle":22.5},"faces":{"down":{"uv":[0,0,5.75,4.75],"texture":"#0"},"up":{"uv":[0,0,5.75,4.75],"texture":"#0"},"north":{"uv":[0,0,5.75,4.75],"texture":"#0"},"south":{"uv":[0,0,5.75,4.75],"texture":"#0"},"west":{"uv":[0,0,5.75,4.75],"texture":"#0"},"east":{"uv":[0,0,5.75,4.75],"texture":"#0"}}},{"__comment":"element","from":[7.625,4.5,14.94],"to":[8.375,5.5,15.44],"faces":{"down":{"uv":[0,0,5.75,4.75],"texture":"#0"},"up":{"uv":[0,0,5.75,4.75],"texture":"#0"},"north":{"uv":[0,0,5.75,4.75],"texture":"#0"},"south":{"uv":[0,0,5.75,4.75],"texture":"#0"},"west":{"uv":[0,0,5.75,4.75],"texture":"#0"},"east":{"uv":[0,0,5.75,4.75],"texture":"#0"}}},{"__comment":"element","from":[7.625,7.75,15.44],"to":[8.375,8.75,15.94],"rotation":{"origin":[15.375,8,8],"axis":"x","angle":22.5},"faces":{"down":{"uv":[0,0,5.75,4.75],"texture":"#0"},"up":{"uv":[0,0,5.75,4.75],"texture":"#0"},"north":{"uv":[0,0,5.75,4.75],"texture":"#0"},"south":{"uv":[0,0,5.75,4.75],"texture":"#0"},"west":{"uv":[0,0,5.75,4.75],"texture":"#0"},"east":{"uv":[0,0,5.75,4.75],"texture":"#0"}}},{"__comment":"element","from":[7.625,11,14.94],"to":[8.375,11.75,15.19],"rotation":{"origin":[15.375,8,8],"axis":"x","angle":45},"faces":{"down":{"uv":[0,0,5.75,4.75],"texture":"#0"},"up":{"uv":[0,0,5.75,4.75],"texture":"#0"},"north":{"uv":[0,0,5.75,4.75],"texture":"#0"},"south":{"uv":[0,0,5.75,4.75],"texture":"#0"},"west":{"uv":[0,0,5.75,4.75],"texture":"#0"},"east":{"uv":[0,0,5.75,4.75],"texture":"#0"}}},{"__comment":"element","from":[7.625,5.56,15],"to":[8.375,5.81,16.5],"faces":{"down":{"uv":[0,0,5.75,4.75],"texture":"#0"},"up":{"uv":[0,0,5.75,4.75],"texture":"#0"},"north":{"uv":[0,0,5.75,4.75],"texture":"#0"},"south":{"uv":[0,0,5.75,4.75],"texture":"#0"},"west":{"uv":[0,0,5.75,4.75],"texture":"#0"},"east":{"uv":[0,0,5.75,4.75],"texture":"#0"}}},{"__comment":"element","from":[7.625,8.925,15.798],"to":[8.375,9.175,16.548],"rotation":{"origin":[15.375,8,8],"axis":"x","angle":22.5},"faces":{"down":{"uv":[0,0,5.75,4.75],"texture":"#0"},"up":{"uv":[0,0,5.75,4.75],"texture":"#0"},"north":{"uv":[0,0,5.75,4.75],"texture":"#0"},"south":{"uv":[0,0,5.75,4.75],"texture":"#0"},"west":{"uv":[0,0,5.75,4.75],"texture":"#0"},"east":{"uv":[0,0,5.75,4.75],"texture":"#0"}}},{"__comment":"element","from":[7.625,2.702,14.425],"to":[8.375,3.452,14.675],"rotation":{"origin":[15.375,8,8],"axis":"x","angle":-22.5},"faces":{"down":{"uv":[0,0,5.75,4.75],"texture":"#0"},"up":{"uv":[0,0,5.75,4.75],"texture":"#0"},"north":{"uv":[0,0,5.75,4.75],"texture":"#0"},"south":{"uv":[0,0,5.75,4.75],"texture":"#0"},"west":{"uv":[0,0,5.75,4.75],"texture":"#0"},"east":{"uv":[0,0,5.75,4.75],"texture":"#0"}}},{"__comment":"element","from":[7.625,2.7,14],"to":[8.375,2.95,14.59],"rotation":{"origin":[15.375,8,8],"axis":"x","angle":-22.5},"faces":{"down":{"uv":[0,0,5.75,4.75],"texture":"#0"},"up":{"uv":[0,0,5.75,4.75],"texture":"#0"},"north":{"uv":[0,0,5.75,4.75],"texture":"#0"},"south":{"uv":[0,0,5.75,4.75],"texture":"#0"},"west":{"uv":[0,0,5.75,4.75],"texture":"#0"},"east":{"uv":[0,0,5.75,4.75],"texture":"#0"}}},{"__comment":"element","from":[7.625,8,15.8],"to":[8.375,8.84,16.1],"rotation":{"origin":[15.375,8,8],"axis":"x","angle":22.5},"faces":{"down":{"uv":[0,0,5.75,4.75],"texture":"#0"},"up":{"uv":[0,0,5.75,4.75],"texture":"#0"},"north":{"uv":[0,0,5.75,4.75],"texture":"#0"},"south":{"uv":[0,0,5.75,4.75],"texture":"#0"},"west":{"uv":[0,0,5.75,4.75],"texture":"#0"},"east":{"uv":[0,0,5.75,4.75],"texture":"#0"}}},{"__comment":"element","from":[7.625,8.74,15.526],"to":[8.375,8.99,16.116],"rotation":{"origin":[15.375,8,8],"axis":"x","angle":22.5},"faces":{"down":{"uv":[0,0,5.75,4.75],"texture":"#0"},"up":{"uv":[0,0,5.75,4.75],"texture":"#0"},"north":{"uv":[0,0,5.75,4.75],"texture":"#0"},"south":{"uv":[0,0,5.75,4.75],"texture":"#0"},"west":{"uv":[0,0,5.75,4.75],"texture":"#0"},"east":{"uv":[0,0,5.75,4.75],"texture":"#0"}}},{"__comment":"element","from":[7.625,11.55,14.276],"to":[8.375,11.8,14.866],"rotation":{"origin":[15.375,8,8],"axis":"x","angle":45},"faces":{"down":{"uv":[0,0,5.75,4.75],"texture":"#0"},"up":{"uv":[0,0,5.75,4.75],"texture":"#0"},"north":{"uv":[0,0,5.75,4.75],"texture":"#0"},"south":{"uv":[0,0,5.75,4.75],"texture":"#0"},"west":{"uv":[0,0,5.75,4.75],"texture":"#0"},"east":{"uv":[0,0,5.75,4.75],"texture":"#0"}}},{"__comment":"element","from":[7.625,3.384,13.8],"to":[8.375,3.724,14.015],"rotation":{"origin":[15.375,8,8],"axis":"x","angle":-22.5},"faces":{"down":{"uv":[0,0,5.75,4.75],"texture":"#0","rotation":180},"up":{"uv":[0,0,5.75,4.75],"texture":"#0","rotation":180},"north":{"uv":[0,0,5.75,4.75],"texture":"#0","rotation":180},"south":{"uv":[0,0,5.75,4.75],"texture":"#0","rotation":180},"west":{"uv":[0,0,5.75,4.75],"texture":"#0","rotation":180},"east":{"uv":[0,0,5.75,4.75],"texture":"#0","rotation":180}}},{"__comment":"element","from":[7.625,2.884,12.93],"to":[8.375,3.724,13.93],"rotation":{"origin":[15.375,8,8],"axis":"x","angle":-22.5},"faces":{"down":{"uv":[0,0,5.75,4.75],"texture":"#0","rotation":180},"up":{"uv":[0,0,5.75,4.75],"texture":"#0","rotation":180},"north":{"uv":[0,0,5.75,4.75],"texture":"#0","rotation":180},"south":{"uv":[0,0,5.75,4.75],"texture":"#0","rotation":180},"west":{"uv":[0,0,5.75,4.75],"texture":"#0","rotation":180},"east":{"uv":[0,0,5.75,4.75],"texture":"#0","rotation":180}}},{"__comment":"element","from":[7.625,0,12.25],"to":[8.375,0.25,13.75],"rotation":{"origin":[15.375,8,8],"axis":"x","angle":-22.5},"faces":{"down":{"uv":[0,0,5.75,4.75],"texture":"#0"},"up":{"uv":[0,0,5.75,4.75],"texture":"#0"},"north":{"uv":[0,0,5.75,4.75],"texture":"#0"},"south":{"uv":[0,0,5.75,4.75],"texture":"#0"},"west":{"uv":[0,0,5.75,4.75],"texture":"#0"},"east":{"uv":[0,0,5.75,4.75],"texture":"#0"}}},{"__comment":"element","from":[7.75,2.25,15],"to":[8.25,2.5,16.25],"faces":{"down":{"uv":[13,6,15.75,7.749001],"texture":"#2"},"up":{"uv":[13,6,15.75,7.749001],"texture":"#2"},"north":{"uv":[13,6,15.75,7.749001],"texture":"#2"},"south":{"uv":[13,6,15.75,7.749001],"texture":"#2"},"west":{"uv":[13,6,15.75,7.749001],"texture":"#2"},"east":{"uv":[13,6,15.75,7.749001],"texture":"#2"}}},{"__comment":"element","from":[7.75,2.25,15.25],"to":[8.25,3,16.5],"faces":{"down":{"uv":[13,6,15.75,7.749001],"texture":"#2"},"up":{"uv":[13,6,15.75,7.749001],"texture":"#2"},"north":{"uv":[13,6,15.75,7.749001],"texture":"#2"},"south":{"uv":[13,6,15.75,7.749001],"texture":"#2"},"west":{"uv":[13,6,15.75,7.749001],"texture":"#2"},"east":{"uv":[13,6,15.75,7.749001],"texture":"#2"}}},{"__comment":"element","from":[7.625,6.42,17.5],"to":[8.375,6.76,17.73],"rotation":{"origin":[15.375,8,8],"axis":"x","angle":22.5},"faces":{"down":{"uv":[0,0,5.75,4.75],"texture":"#0"},"up":{"uv":[0,0,5.75,4.75],"texture":"#0"},"north":{"uv":[0,0,5.75,4.75],"texture":"#0"},"south":{"uv":[0,0,5.75,4.75],"texture":"#0"},"west":{"uv":[0,0,5.75,4.75],"texture":"#0"},"east":{"uv":[0,0,5.75,4.75],"texture":"#0"}}},{"__comment":"element","from":[7.625,-1.02,8.969999],"to":[8.375,-0.77,10.47],"rotation":{"origin":[15.375,8,8],"axis":"x","angle":-45},"faces":{"down":{"uv":[0,0,5.75,4.75],"texture":"#0"},"up":{"uv":[0,0,5.75,4.75],"texture":"#0"},"north":{"uv":[0,0,5.75,4.75],"texture":"#0"},"south":{"uv":[0,0,5.75,4.75],"texture":"#0"},"west":{"uv":[0,0,5.75,4.75],"texture":"#0"},"east":{"uv":[0,0,5.75,4.75],"texture":"#0"}}},{"__comment":"element","from":[7.625,2.47,15.12],"to":[8.375,3.97,15.37],"faces":{"down":{"uv":[0,0,5.75,4.75],"texture":"#0"},"up":{"uv":[0,0,5.75,4.75],"texture":"#0"},"north":{"uv":[0,0,5.75,4.75],"texture":"#0"},"south":{"uv":[0,0,5.75,4.75],"texture":"#0"},"west":{"uv":[0,0,5.75,4.75],"texture":"#0"},"east":{"uv":[0,0,5.75,4.75],"texture":"#0"}}},{"__comment":"element","from":[7.625,0.25,12.75],"to":[8.375,3.12,14.01],"rotation":{"origin":[15.375,8,8],"axis":"x","angle":-22.5},"faces":{"down":{"uv":[0,0,5.75,4.75],"texture":"#0"},"up":{"uv":[0,0,5.75,4.75],"texture":"#0"},"north":{"uv":[0,0,5.75,4.75],"texture":"#0"},"south":{"uv":[0,0,5.75,4.75],"texture":"#0"},"west":{"uv":[0,0,5.75,4.75],"texture":"#0"},"east":{"uv":[0,0,5.75,4.75],"texture":"#0"}}},{"__comment":"element","from":[7.6,0.25,13],"to":[8.4,3,13.95],"rotation":{"origin":[15.35,8,8],"axis":"x","angle":-22.5},"faces":{"down":{"uv":[3.748,10.748,4.748,11.748],"texture":"#0"},"up":{"uv":[3.748,10.748,4.748,11.748],"texture":"#0"},"north":{"uv":[3.748,10.748,4.748,11.748],"texture":"#0"},"south":{"uv":[3.748,10.748,4.748,11.748],"texture":"#0"},"west":{"uv":[3.748,10.748,4.748,11.748],"texture":"#0"},"east":{"uv":[3.748,10.748,4.748,11.748],"texture":"#0"}}},{"__comment":"element","from":[7.6,0.25,12.8],"to":[8.4,2.95,13.766],"rotation":{"origin":[15.35,8,8],"axis":"x","angle":-22.5},"faces":{"down":{"uv":[3.748,10.748,4.748,11.748],"texture":"#0"},"up":{"uv":[3.748,10.748,4.748,11.748],"texture":"#0"},"north":{"uv":[3.748,10.748,4.748,11.748],"texture":"#0"},"south":{"uv":[3.748,10.748,4.748,11.748],"texture":"#0"},"west":{"uv":[3.748,10.748,4.748,11.748],"texture":"#0"},"east":{"uv":[3.748,10.748,4.748,11.748],"texture":"#0"}}},{"__comment":"element","from":[7.6,0.65,10.58],"to":[8.4,1.11,11.39],"rotation":{"origin":[15.35,8,8],"axis":"x","angle":-45},"faces":{"down":{"uv":[3.748,10.748,4.748,11.748],"texture":"#0"},"up":{"uv":[3.748,10.748,4.748,11.748],"texture":"#0"},"north":{"uv":[3.748,10.748,4.748,11.748],"texture":"#0"},"south":{"uv":[3.748,10.748,4.748,11.748],"texture":"#0"},"west":{"uv":[3.748,10.748,4.748,11.748],"texture":"#0"},"east":{"uv":[3.748,10.748,4.748,11.748],"texture":"#0"}}},{"__comment":"element","from":[7.824,5.725,9.719999],"to":[8.17608,6.575,15.72],"rotation":{"origin":[8,6.15,10.22],"axis":"z","angle":45},"faces":{"down":{"uv":[0,0,5.75,4.75],"texture":"#0"},"up":{"uv":[0,0,5.75,4.75],"texture":"#0"},"north":{"uv":[0,0,5.75,4.75],"texture":"#0"},"south":{"uv":[0,0,5.75,4.75],"texture":"#0"},"west":{"uv":[0,0,5.75,4.75],"texture":"#0"},"east":{"uv":[0,0,5.75,4.75],"texture":"#0"}}},{"__comment":"element","from":[7.824,5.725,9.969999],"to":[7.934,6.575,15.97],"rotation":{"origin":[8,6.15,10.22],"axis":"z","angle":45},"faces":{"down":{"uv":[0,0,5.75,4.75],"texture":"#0"},"up":{"uv":[0,0,5.75,4.75],"texture":"#0"},"north":{"uv":[0,0,5.75,4.75],"texture":"#0"},"south":{"uv":[0,0,5.75,4.75],"texture":"#0"},"west":{"uv":[0,0,5.75,4.75],"texture":"#0"},"east":{"uv":[0,0,5.75,4.75],"texture":"#0"}}},{"__comment":"element","from":[8.066,5.725,9.969999],"to":[8.176,6.575,15.97],"rotation":{"origin":[8,6.15,10.22],"axis":"z","angle":-45},"faces":{"down":{"uv":[0,0,5.75,4.75],"texture":"#0"},"up":{"uv":[0,0,5.75,4.75],"texture":"#0"},"north":{"uv":[0,0,5.75,4.75],"texture":"#0"},"south":{"uv":[0,0,5.75,4.75],"texture":"#0"},"west":{"uv":[0,0,5.75,4.75],"texture":"#0"},"east":{"uv":[0,0,5.75,4.75],"texture":"#0"}}},{"__comment":"element","from":[7.824,5.725,9.719999],"to":[8.17608,6.575,15.72],"faces":{"down":{"uv":[0,0,5.75,4.75],"texture":"#0"},"up":{"uv":[0,0,5.75,4.75],"texture":"#0"},"north":{"uv":[0,0,5.75,4.75],"texture":"#0"},"south":{"uv":[0,0,5.75,4.75],"texture":"#0"},"west":{"uv":[0,0,5.75,4.75],"texture":"#0"},"east":{"uv":[0,0,5.75,4.75],"texture":"#0"}}},{"__comment":"element","from":[7.575,5.974,9.719999],"to":[8.425,6.32608,15.72],"rotation":{"origin":[8,6.15,10.22],"axis":"z","angle":45},"faces":{"down":{"uv":[0,0,5.75,4.75],"texture":"#0"},"up":{"uv":[0,0,5.75,4.75],"texture":"#0"},"north":{"uv":[0,0,5.75,4.75],"texture":"#0"},"south":{"uv":[0,0,5.75,4.75],"texture":"#0"},"west":{"uv":[0,0,5.75,4.75],"texture":"#0"},"east":{"uv":[0,0,5.75,4.75],"texture":"#0"}}},{"__comment":"element","from":[7.575,5.724,9.719999],"to":[8.425,6.32608,15.97],"faces":{"down":{"uv":[0,0,5.75,4.75],"texture":"#0"},"up":{"uv":[0,0,5.75,4.75],"texture":"#0"},"north":{"uv":[0,0,5.75,4.75],"texture":"#0"},"south":{"uv":[0,0,5.75,4.75],"texture":"#0"},"west":{"uv":[0,0,5.75,4.75],"texture":"#0"},"east":{"uv":[0,0,5.75,4.75],"texture":"#0"}}},{"__comment":"element","from":[7.855,6.3,9.469999],"to":[8.144939,7,9.969999],"rotation":{"origin":[8,6.65,9.97],"axis":"z","angle":45},"faces":{"down":{"uv":[0,0,5.75,4.75],"texture":"#0"},"up":{"uv":[0,0,5.75,4.75],"texture":"#0"},"north":{"uv":[0,0,5.75,4.75],"texture":"#0"},"south":{"uv":[0,0,5.75,4.75],"texture":"#0"},"west":{"uv":[0,0,5.75,4.75],"texture":"#0"},"east":{"uv":[0,0,5.75,4.75],"texture":"#0"}}},{"__comment":"element","from":[7.855,6.3,9.469999],"to":[8.144939,7,9.969999],"faces":{"down":{"uv":[0,0,5.75,4.75],"texture":"#0"},"up":{"uv":[0,0,5.75,4.75],"texture":"#0"},"north":{"uv":[0,0,5.75,4.75],"texture":"#0"},"south":{"uv":[0,0,5.75,4.75],"texture":"#0"},"west":{"uv":[0,0,5.75,4.75],"texture":"#0"},"east":{"uv":[0,0,5.75,4.75],"texture":"#0"}}},{"__comment":"element","from":[7.95,6.3,9.469999],"to":[8.05,7.099999,9.619999],"faces":{"down":{"uv":[0,0,5.75,4.75],"texture":"#0"},"up":{"uv":[0,0,5.75,4.75],"texture":"#0"},"north":{"uv":[0,0,5.75,4.75],"texture":"#0"},"south":{"uv":[0,0,5.75,4.75],"texture":"#0"},"west":{"uv":[0,0,5.75,4.75],"texture":"#0"},"east":{"uv":[0,0,5.75,4.75],"texture":"#0"}}},{"__comment":"element","from":[7.85,6.3,15.47],"to":[7.95,7.099999,15.62],"faces":{"down":{"uv":[0,0,5.75,4.75],"texture":"#0"},"up":{"uv":[0,0,5.75,4.75],"texture":"#0"},"north":{"uv":[0,0,5.75,4.75],"texture":"#0"},"south":{"uv":[0,0,5.75,4.75],"texture":"#0"},"west":{"uv":[0,0,5.75,4.75],"texture":"#0"},"east":{"uv":[0,0,5.75,4.75],"texture":"#0"}}},{"__comment":"element","from":[8.05,6.3,15.47],"to":[8.15,7.099999,15.62],"faces":{"down":{"uv":[0,0,5.75,4.75],"texture":"#0"},"up":{"uv":[0,0,5.75,4.75],"texture":"#0"},"north":{"uv":[0,0,5.75,4.75],"texture":"#0"},"south":{"uv":[0,0,5.75,4.75],"texture":"#0"},"west":{"uv":[0,0,5.75,4.75],"texture":"#0"},"east":{"uv":[0,0,5.75,4.75],"texture":"#0"}}},{"__comment":"element","from":[7.95,6.79,9.48],"to":[8.05,6.933,9.78],"rotation":{"origin":[8.09497,6.65,9.97],"axis":"x","angle":22.5},"faces":{"down":{"uv":[0,0,5.75,4.75],"texture":"#0"},"up":{"uv":[0,0,5.75,4.75],"texture":"#0"},"north":{"uv":[0,0,5.75,4.75],"texture":"#0"},"south":{"uv":[0,0,5.75,4.75],"texture":"#0"},"west":{"uv":[0,0,5.75,4.75],"texture":"#0"},"east":{"uv":[0,0,5.75,4.75],"texture":"#0"}}},{"__comment":"element","from":[7.65,6.505,9.469999],"to":[8.35,6.79494,9.969999],"rotation":{"origin":[8,6.65,9.97],"axis":"z","angle":45},"faces":{"down":{"uv":[0,0,5.75,4.75],"texture":"#0"},"up":{"uv":[0,0,5.75,4.75],"texture":"#0"},"north":{"uv":[0,0,5.75,4.75],"texture":"#0"},"south":{"uv":[0,0,5.75,4.75],"texture":"#0"},"west":{"uv":[0,0,5.75,4.75],"texture":"#0"},"east":{"uv":[0,0,5.75,4.75],"texture":"#0"}}},{"__comment":"element","from":[7.65,6.255,9.469999],"to":[8.35,6.79494,9.969999],"faces":{"down":{"uv":[0,0,5.75,4.75],"texture":"#0"},"up":{"uv":[0,0,5.75,4.75],"texture":"#0"},"north":{"uv":[0,0,5.75,4.75],"texture":"#0"},"south":{"uv":[0,0,5.75,4.75],"texture":"#0"},"west":{"uv":[0,0,5.75,4.75],"texture":"#0"},"east":{"uv":[0,0,5.75,4.75],"texture":"#0"}}},{"__comment":"element","from":[7.8964,6.4,9.219999],"to":[8.1035,6.5,9.969999],"rotation":{"origin":[8,6.65,9.72],"axis":"z","angle":45},"faces":{"down":{"uv":[0,0,5.75,4.75],"texture":"#0"},"up":{"uv":[0,0,5.75,4.75],"texture":"#0"},"north":{"uv":[0,0,5.75,4.75],"texture":"#0"},"south":{"uv":[0,0,5.75,4.75],"texture":"#0"},"west":{"uv":[0,0,5.75,4.75],"texture":"#0"},"east":{"uv":[0,0,5.75,4.75],"texture":"#0"}}},{"__comment":"element","from":[7.8964,6.4,9.219999],"to":[8.1035,6.5,9.969999],"faces":{"down":{"uv":[0,0,5.75,4.75],"texture":"#0"},"up":{"uv":[0,0,5.75,4.75],"texture":"#0"},"north":{"uv":[0,0,5.75,4.75],"texture":"#0"},"south":{"uv":[0,0,5.75,4.75],"texture":"#0"},"west":{"uv":[0,0,5.75,4.75],"texture":"#0"},"east":{"uv":[0,0,5.75,4.75],"texture":"#0"}}},{"__comment":"element","from":[7.8964,6.8,9.219999],"to":[8.1035,6.9,9.969999],"rotation":{"origin":[8,6.65,9.72],"axis":"z","angle":45},"faces":{"down":{"uv":[0,0,5.75,4.75],"texture":"#0"},"up":{"uv":[0,0,5.75,4.75],"texture":"#0"},"north":{"uv":[0,0,5.75,4.75],"texture":"#0"},"south":{"uv":[0,0,5.75,4.75],"texture":"#0"},"west":{"uv":[0,0,5.75,4.75],"texture":"#0"},"east":{"uv":[0,0,5.75,4.75],"texture":"#0"}}},{"__comment":"element","from":[7.8964,6.8,9.219999],"to":[8.1035,6.9,9.969999],"faces":{"down":{"uv":[0,0,5.75,4.75],"texture":"#0"},"up":{"uv":[0,0,5.75,4.75],"texture":"#0"},"north":{"uv":[0,0,5.75,4.75],"texture":"#0"},"south":{"uv":[0,0,5.75,4.75],"texture":"#0"},"west":{"uv":[0,0,5.75,4.75],"texture":"#0"},"east":{"uv":[0,0,5.75,4.75],"texture":"#0"}}},{"__comment":"element","from":[7.75,6.5464,9.219999],"to":[7.85,6.7535,9.969999],"rotation":{"origin":[8,6.65,9.72],"axis":"z","angle":45},"faces":{"down":{"uv":[0,0,5.75,4.75],"texture":"#0"},"up":{"uv":[0,0,5.75,4.75],"texture":"#0"},"north":{"uv":[0,0,5.75,4.75],"texture":"#0"},"south":{"uv":[0,0,5.75,4.75],"texture":"#0"},"west":{"uv":[0,0,5.75,4.75],"texture":"#0"},"east":{"uv":[0,0,5.75,4.75],"texture":"#0"}}},{"__comment":"element","from":[7.75,6.5464,9.219999],"to":[7.85,6.7535,9.969999],"faces":{"down":{"uv":[0,0,5.75,4.75],"texture":"#0"},"up":{"uv":[0,0,5.75,4.75],"texture":"#0"},"north":{"uv":[0,0,5.75,4.75],"texture":"#0"},"south":{"uv":[0,0,5.75,4.75],"texture":"#0"},"west":{"uv":[0,0,5.75,4.75],"texture":"#0"},"east":{"uv":[0,0,5.75,4.75],"texture":"#0"}}},{"__comment":"element","from":[8.15,6.5464,9.219999],"to":[8.25,6.7535,9.969999],"rotation":{"origin":[8,6.65,9.72],"axis":"z","angle":45},"faces":{"down":{"uv":[0,0,5.75,4.75],"texture":"#0"},"up":{"uv":[0,0,5.75,4.75],"texture":"#0"},"north":{"uv":[0,0,5.75,4.75],"texture":"#0"},"south":{"uv":[0,0,5.75,4.75],"texture":"#0"},"west":{"uv":[0,0,5.75,4.75],"texture":"#0"},"east":{"uv":[0,0,5.75,4.75],"texture":"#0"}}},{"__comment":"element","from":[8.15,6.5464,9.219999],"to":[8.25,6.7535,9.969999],"faces":{"down":{"uv":[0,0,5.75,4.75],"texture":"#0"},"up":{"uv":[0,0,5.75,4.75],"texture":"#0"},"north":{"uv":[0,0,5.75,4.75],"texture":"#0"},"south":{"uv":[0,0,5.75,4.75],"texture":"#0"},"west":{"uv":[0,0,5.75,4.75],"texture":"#0"},"east":{"uv":[0,0,5.75,4.75],"texture":"#0"}}},{"__comment":"element","from":[7.9068,5.925,9.469999],"to":[8.0932,6.375,10.47],"rotation":{"origin":[8,6.15,9.97],"axis":"z","angle":45},"faces":{"down":{"uv":[0,0,5.75,4.75],"texture":"#0"},"up":{"uv":[0,0,5.75,4.75],"texture":"#0"},"north":{"uv":[0,0,5.75,4.75],"texture":"#0"},"south":{"uv":[0,0,5.75,4.75],"texture":"#0"},"west":{"uv":[0,0,5.75,4.75],"texture":"#0"},"east":{"uv":[0,0,5.75,4.75],"texture":"#0"}}},{"__comment":"element","from":[7.9068,5.925,9.469999],"to":[8.0932,6.375,10.47],"faces":{"down":{"uv":[0,0,5.75,4.75],"texture":"#0"},"up":{"uv":[0,0,5.75,4.75],"texture":"#0"},"north":{"uv":[0,0,5.75,4.75],"texture":"#0"},"south":{"uv":[0,0,5.75,4.75],"texture":"#0"},"west":{"uv":[0,0,5.75,4.75],"texture":"#0"},"east":{"uv":[0,0,5.75,4.75],"texture":"#0"}}},{"__comment":"element","from":[7.775,6.0568,9.469999],"to":[8.225,6.2432,10.47],"rotation":{"origin":[8,6.15,9.97],"axis":"z","angle":45},"faces":{"down":{"uv":[0,0,5.75,4.75],"texture":"#0"},"up":{"uv":[0,0,5.75,4.75],"texture":"#0"},"north":{"uv":[0,0,5.75,4.75],"texture":"#0"},"south":{"uv":[0,0,5.75,4.75],"texture":"#0"},"west":{"uv":[0,0,5.75,4.75],"texture":"#0"},"east":{"uv":[0,0,5.75,4.75],"texture":"#0"}}},{"__comment":"element","from":[7.775,6.0568,9.469999],"to":[8.225,6.2432,10.47],"faces":{"down":{"uv":[0,0,5.75,4.75],"texture":"#0"},"up":{"uv":[0,0,5.75,4.75],"texture":"#0"},"north":{"uv":[0,0,5.75,4.75],"texture":"#0"},"south":{"uv":[0,0,5.75,4.75],"texture":"#0"},"west":{"uv":[0,0,5.75,4.75],"texture":"#0"},"east":{"uv":[0,0,5.75,4.75],"texture":"#0"}}},{"__comment":"element","from":[7.855,6.3,13.97],"to":[8.144939,7,15.72],"rotation":{"origin":[8,6.65,14.47],"axis":"z","angle":45},"faces":{"down":{"uv":[0,0,5.75,4.75],"texture":"#0"},"up":{"uv":[0,0,5.75,4.75],"texture":"#0"},"north":{"uv":[0,0,5.75,4.75],"texture":"#0"},"south":{"uv":[0,0,5.75,4.75],"texture":"#0"},"west":{"uv":[0,0,5.75,4.75],"texture":"#0"},"east":{"uv":[0,0,5.75,4.75],"texture":"#0"}}},{"__comment":"element","from":[7.855,6.3,13.97],"to":[8.144939,7,15.72],"faces":{"down":{"uv":[0,0,5.75,4.75],"texture":"#0"},"up":{"uv":[0,0,5.75,4.75],"texture":"#0"},"north":{"uv":[0,0,5.75,4.75],"texture":"#0"},"south":{"uv":[0,0,5.75,4.75],"texture":"#0"},"west":{"uv":[0,0,5.75,4.75],"texture":"#0"},"east":{"uv":[0,0,5.75,4.75],"texture":"#0"}}},{"__comment":"element","from":[7.65,6.505,13.97],"to":[8.35,6.79494,15.72],"rotation":{"origin":[8,6.65,14.47],"axis":"z","angle":45},"faces":{"down":{"uv":[0,0,5.75,4.75],"texture":"#0"},"up":{"uv":[0,0,5.75,4.75],"texture":"#0"},"north":{"uv":[0,0,5.75,4.75],"texture":"#0"},"south":{"uv":[0,0,5.75,4.75],"texture":"#0"},"west":{"uv":[0,0,5.75,4.75],"texture":"#0"},"east":{"uv":[0,0,5.75,4.75],"texture":"#0"}}},{"__comment":"element","from":[7.65,6.255,13.97],"to":[8.35,6.79494,15.72],"faces":{"down":{"uv":[0,0,5.75,4.75],"texture":"#0"},"up":{"uv":[0,0,5.75,4.75],"texture":"#0"},"north":{"uv":[0,0,5.75,4.75],"texture":"#0"},"south":{"uv":[0,0,5.75,4.75],"texture":"#0"},"west":{"uv":[0,0,5.75,4.75],"texture":"#0"},"east":{"uv":[0,0,5.75,4.75],"texture":"#0"}}},{"__comment":"element","from":[7.65,5.755,14.01],"to":[8.35,6.29494,15.76],"rotation":{"origin":[8,6.65,14.47],"axis":"x","angle":-22.5},"faces":{"down":{"uv":[0,0,5.75,4.75],"texture":"#0"},"up":{"uv":[0,0,5.75,4.75],"texture":"#0"},"north":{"uv":[0,0,5.75,4.75],"texture":"#0"},"south":{"uv":[0,0,5.75,4.75],"texture":"#0"},"west":{"uv":[0,0,5.75,4.75],"texture":"#0"},"east":{"uv":[0,0,5.75,4.75],"texture":"#0"}}},{"__comment":"element","from":[7.8575,5.77,15.01],"to":[8.1425,6.49,15.76],"rotation":{"origin":[8.2075,6.65,14.47],"axis":"x","angle":-22.5},"faces":{"down":{"uv":[0,0,5.75,4.75],"texture":"#0"},"up":{"uv":[0,0,5.75,4.75],"texture":"#0"},"north":{"uv":[0,0,5.75,4.75],"texture":"#0"},"south":{"uv":[0,0,5.75,4.75],"texture":"#0"},"west":{"uv":[0,0,5.75,4.75],"texture":"#0"},"east":{"uv":[0,0,5.75,4.75],"texture":"#0"}}},{"__comment":"element","from":[7.8964,6.4,9.969999],"to":[8.1035,6.9,14.22],"rotation":{"origin":[8,6.65,10.47],"axis":"z","angle":45},"faces":{"down":{"uv":[13,6,15.75,7.749001],"texture":"#2"},"up":{"uv":[13,6,15.75,7.749001],"texture":"#2"},"north":{"uv":[13,6,15.75,7.749001],"texture":"#2"},"south":{"uv":[13,6,15.75,7.749001],"texture":"#2"},"west":{"uv":[13,6,15.75,7.749001],"texture":"#2"},"east":{"uv":[13,6,15.75,7.749001],"texture":"#2"}}},{"__comment":"element","from":[7.8964,6.4,9.969999],"to":[8.1035,6.9,14.22],"faces":{"down":{"uv":[13,6,15.75,7.749001],"texture":"#2"},"up":{"uv":[13,6,15.75,7.749001],"texture":"#2"},"north":{"uv":[13,6,15.75,7.749001],"texture":"#2"},"south":{"uv":[13,6,15.75,7.749001],"texture":"#2"},"west":{"uv":[13,6,15.75,7.749001],"texture":"#2"},"east":{"uv":[13,6,15.75,7.749001],"texture":"#2"}}},{"__comment":"element","from":[7.75,6.5464,9.969999],"to":[8.25,6.7535,14.22],"rotation":{"origin":[8,6.65,10.47],"axis":"z","angle":45},"faces":{"down":{"uv":[13,6,15.75,7.749001],"texture":"#2"},"up":{"uv":[13,6,15.75,7.749001],"texture":"#2"},"north":{"uv":[13,6,15.75,7.749001],"texture":"#2"},"south":{"uv":[13,6,15.75,7.749001],"texture":"#2"},"west":{"uv":[13,6,15.75,7.749001],"texture":"#2"},"east":{"uv":[13,6,15.75,7.749001],"texture":"#2"}}},{"__comment":"element","from":[7.75,6.5464,9.969999],"to":[8.25,6.7535,14.22],"faces":{"down":{"uv":[13,6,15.75,7.749001],"texture":"#2"},"up":{"uv":[13,6,15.75,7.749001],"texture":"#2"},"north":{"uv":[13,6,15.75,7.749001],"texture":"#2"},"south":{"uv":[13,6,15.75,7.749001],"texture":"#2"},"west":{"uv":[13,6,15.75,7.749001],"texture":"#2"},"east":{"uv":[13,6,15.75,7.749001],"texture":"#2"}}},{"__comment":"element","from":[7.875,6.0672,16.02],"to":[8.125,6.73288,16.12],"rotation":{"origin":[8.375,6.65,16.22],"axis":"x","angle":45},"faces":{"down":{"uv":[13,6,15.75,7.749001],"texture":"#2"},"up":{"uv":[13,6,15.75,7.749001],"texture":"#2"},"north":{"uv":[13,6,15.75,7.749001],"texture":"#2"},"south":{"uv":[13,6,15.75,7.749001],"texture":"#2"},"west":{"uv":[13,6,15.75,7.749001],"texture":"#2"},"east":{"uv":[13,6,15.75,7.749001],"texture":"#2"}}},{"__comment":"element","from":[7.875,6.5672,16.02],"to":[8.125,6.73288,16.12],"faces":{"down":{"uv":[13,6,15.75,7.749001],"texture":"#2"},"up":{"uv":[13,6,15.75,7.749001],"texture":"#2"},"north":{"uv":[13,6,15.75,7.749001],"texture":"#2"},"south":{"uv":[13,6,15.75,7.749001],"texture":"#2"},"west":{"uv":[13,6,15.75,7.749001],"texture":"#2"},"east":{"uv":[13,6,15.75,7.749001],"texture":"#2"}}},{"__comment":"element","from":[7.875,6.0672,16.32],"to":[8.125,6.73288,16.42],"rotation":{"origin":[8.375,6.65,16.22],"axis":"x","angle":45},"faces":{"down":{"uv":[13,6,15.75,7.749001],"texture":"#2"},"up":{"uv":[13,6,15.75,7.749001],"texture":"#2"},"north":{"uv":[13,6,15.75,7.749001],"texture":"#2"},"south":{"uv":[13,6,15.75,7.749001],"texture":"#2"},"west":{"uv":[13,6,15.75,7.749001],"texture":"#2"},"east":{"uv":[13,6,15.75,7.749001],"texture":"#2"}}},{"__comment":"element","from":[7.875,5.8172,16.2],"to":[8.125,6.48288,16.3],"rotation":{"origin":[8.375,6.65,16.22],"axis":"x","angle":22.5},"faces":{"down":{"uv":[13,6,15.75,7.749001],"texture":"#2"},"up":{"uv":[13,6,15.75,7.749001],"texture":"#2"},"north":{"uv":[13,6,15.75,7.749001],"texture":"#2"},"south":{"uv":[13,6,15.75,7.749001],"texture":"#2"},"west":{"uv":[13,6,15.75,7.749001],"texture":"#2"},"east":{"uv":[13,6,15.75,7.749001],"texture":"#2"}}},{"__comment":"element","from":[7.875,6.5672,16.32],"to":[8.125,6.73288,16.42],"faces":{"down":{"uv":[13,6,15.75,7.749001],"texture":"#2"},"up":{"uv":[13,6,15.75,7.749001],"texture":"#2"},"north":{"uv":[13,6,15.75,7.749001],"texture":"#2"},"south":{"uv":[13,6,15.75,7.749001],"texture":"#2"},"west":{"uv":[13,6,15.75,7.749001],"texture":"#2"},"east":{"uv":[13,6,15.75,7.749001],"texture":"#2"}}},{"__comment":"element","from":[7.875,5.95,16.1],"to":[8.125,6.55,16.34],"rotation":{"origin":[8.375,6.65,16.22],"axis":"x","angle":45},"faces":{"down":{"uv":[13,6,15.75,7.749001],"texture":"#2"},"up":{"uv":[13,6,15.75,7.749001],"texture":"#2"},"north":{"uv":[13,6,15.75,7.749001],"texture":"#2"},"south":{"uv":[13,6,15.75,7.749001],"texture":"#2"},"west":{"uv":[13,6,15.75,7.749001],"texture":"#2"},"east":{"uv":[13,6,15.75,7.749001],"texture":"#2"}}},{"__comment":"element","from":[7.875,6.45,16.1372],"to":[8.125,6.55,16.30288],"faces":{"down":{"uv":[13,6,15.75,7.749001],"texture":"#2"},"up":{"uv":[13,6,15.75,7.749001],"texture":"#2"},"north":{"uv":[13,6,15.75,7.749001],"texture":"#2"},"south":{"uv":[13,6,15.75,7.749001],"texture":"#2"},"west":{"uv":[13,6,15.75,7.749001],"texture":"#2"},"east":{"uv":[13,6,15.75,7.749001],"texture":"#2"}}},{"__comment":"element","from":[7.875,6.75,16.1372],"to":[8.125,6.85,16.30288],"rotation":{"origin":[8.375,6.65,16.22],"axis":"x","angle":45},"faces":{"down":{"uv":[13,6,15.75,7.749001],"texture":"#2"},"up":{"uv":[13,6,15.75,7.749001],"texture":"#2"},"north":{"uv":[13,6,15.75,7.749001],"texture":"#2"},"south":{"uv":[13,6,15.75,7.749001],"texture":"#2"},"west":{"uv":[13,6,15.75,7.749001],"texture":"#2"},"east":{"uv":[13,6,15.75,7.749001],"texture":"#2"}}},{"__comment":"element","from":[7.875,6.75,16.1372],"to":[8.125,6.85,16.30288],"faces":{"down":{"uv":[13,6,15.75,7.749001],"texture":"#2"},"up":{"uv":[13,6,15.75,7.749001],"texture":"#2"},"north":{"uv":[13,6,15.75,7.749001],"texture":"#2"},"south":{"uv":[13,6,15.75,7.749001],"texture":"#2"},"west":{"uv":[13,6,15.75,7.749001],"texture":"#2"},"east":{"uv":[13,6,15.75,7.749001],"texture":"#2"}}},{"__comment":"element","from":[7.625,6.5464,14.72],"to":[8.375,6.7535,15.22],"rotation":{"origin":[8.125,6.65,14.97],"axis":"x","angle":45},"faces":{"down":{"uv":[0,0,5.75,4.75],"texture":"#0"},"up":{"uv":[0,0,5.75,4.75],"texture":"#0"},"north":{"uv":[0,0,5.75,4.75],"texture":"#0"},"south":{"uv":[0,0,5.75,4.75],"texture":"#0"},"west":{"uv":[0,0,5.75,4.75],"texture":"#0"},"east":{"uv":[0,0,5.75,4.75],"texture":"#0"}}},{"__comment":"element","from":[7.625,6.5464,14.72],"to":[8.375,6.7535,15.22],"faces":{"down":{"uv":[0,0,5.75,4.75],"texture":"#0"},"up":{"uv":[0,0,5.75,4.75],"texture":"#0"},"north":{"uv":[0,0,5.75,4.75],"texture":"#0"},"south":{"uv":[0,0,5.75,4.75],"texture":"#0"},"west":{"uv":[0,0,5.75,4.75],"texture":"#0"},"east":{"uv":[0,0,5.75,4.75],"texture":"#0"}}},{"__comment":"element","from":[7.625,6.4,14.8664],"to":[8.375,6.9,15.0735],"rotation":{"origin":[8.125,6.65,14.97],"axis":"x","angle":45},"faces":{"down":{"uv":[0,0,5.75,4.75],"texture":"#0"},"up":{"uv":[0,0,5.75,4.75],"texture":"#0"},"north":{"uv":[0,0,5.75,4.75],"texture":"#0"},"south":{"uv":[0,0,5.75,4.75],"texture":"#0"},"west":{"uv":[0,0,5.75,4.75],"texture":"#0"},"east":{"uv":[0,0,5.75,4.75],"texture":"#0"}}},{"__comment":"element","from":[7.625,6.4,14.8664],"to":[8.375,6.9,15.0735],"faces":{"down":{"uv":[0,0,5.75,4.75],"texture":"#0"},"up":{"uv":[0,0,5.75,4.75],"texture":"#0"},"north":{"uv":[0,0,5.75,4.75],"texture":"#0"},"south":{"uv":[0,0,5.75,4.75],"texture":"#0"},"west":{"uv":[0,0,5.75,4.75],"texture":"#0"},"east":{"uv":[0,0,5.75,4.75],"texture":"#0"}}},{"__comment":"element","from":[7.625,6.6086,15.37],"to":[8.375,6.69144,15.57],"rotation":{"origin":[8.125,6.65,15.47],"axis":"x","angle":45},"faces":{"down":{"uv":[8.749,4.749001,9.749,5.749001],"texture":"#3"},"up":{"uv":[8.749,4.749001,9.749,5.749001],"texture":"#3"},"north":{"uv":[8.749,4.749001,9.749,5.749001],"texture":"#3"},"south":{"uv":[8.749,4.749001,9.749,5.749001],"texture":"#3"},"west":{"uv":[8.749,4.749001,9.749,5.749001],"texture":"#3"},"east":{"uv":[8.749,4.749001,9.749,5.749001],"texture":"#3"}}},{"__comment":"element","from":[7.625,6.6086,15.37],"to":[8.375,6.69144,15.57],"faces":{"down":{"uv":[8.749,4.749001,9.749,5.749001],"texture":"#3"},"up":{"uv":[8.749,4.749001,9.749,5.749001],"texture":"#3"},"north":{"uv":[8.749,4.749001,9.749,5.749001],"texture":"#3"},"south":{"uv":[8.749,4.749001,9.749,5.749001],"texture":"#3"},"west":{"uv":[8.749,4.749001,9.749,5.749001],"texture":"#3"},"east":{"uv":[8.749,4.749001,9.749,5.749001],"texture":"#3"}}},{"__comment":"element","from":[7.625,6.55,15.4286],"to":[8.375,6.75,15.51144],"rotation":{"origin":[8.125,6.65,15.47],"axis":"x","angle":45},"faces":{"down":{"uv":[8.749,4.749001,9.749,5.749001],"texture":"#3"},"up":{"uv":[8.749,4.749001,9.749,5.749001],"texture":"#3"},"north":{"uv":[8.749,4.749001,9.749,5.749001],"texture":"#3"},"south":{"uv":[8.749,4.749001,9.749,5.749001],"texture":"#3"},"west":{"uv":[8.749,4.749001,9.749,5.749001],"texture":"#3"},"east":{"uv":[8.749,4.749001,9.749,5.749001],"texture":"#3"}}},{"__comment":"element","from":[7.625,6.55,15.4286],"to":[8.375,6.75,15.51144],"faces":{"down":{"uv":[8.749,4.749001,9.749,5.749001],"texture":"#3"},"up":{"uv":[8.749,4.749001,9.749,5.749001],"texture":"#3"},"north":{"uv":[8.749,4.749001,9.749,5.749001],"texture":"#3"},"south":{"uv":[8.749,4.749001,9.749,5.749001],"texture":"#3"},"west":{"uv":[8.749,4.749001,9.749,5.749001],"texture":"#3"},"east":{"uv":[8.749,4.749001,9.749,5.749001],"texture":"#3"}}},{"__comment":"element","from":[7.525,5.8586,15.62],"to":[8.475,5.94144,15.82],"rotation":{"origin":[8.025,5.9,15.72],"axis":"x","angle":45},"faces":{"down":{"uv":[9.749,1.749,10.749,2.749001],"texture":"#0"},"up":{"uv":[9.749,1.749,10.749,2.749001],"texture":"#0"},"north":{"uv":[9.749,1.749,10.749,2.749001],"texture":"#0"},"south":{"uv":[9.749,1.749,10.749,2.749001],"texture":"#0"},"west":{"uv":[9.749,1.749,10.749,2.749001],"texture":"#0"},"east":{"uv":[9.749,1.749,10.749,2.749001],"texture":"#0"}}},{"__comment":"element","from":[7.525,5.8586,15.62],"to":[8.475,5.94144,15.82],"faces":{"down":{"uv":[9.749,1.749,10.749,2.749001],"texture":"#0"},"up":{"uv":[9.749,1.749,10.749,2.749001],"texture":"#0"},"north":{"uv":[9.749,1.749,10.749,2.749001],"texture":"#0"},"south":{"uv":[9.749,1.749,10.749,2.749001],"texture":"#0"},"west":{"uv":[9.749,1.749,10.749,2.749001],"texture":"#0"},"east":{"uv":[9.749,1.749,10.749,2.749001],"texture":"#0"}}},{"__comment":"element","from":[7.525,5.8,15.6786],"to":[8.475,6,15.76144],"rotation":{"origin":[8.025,5.9,15.72],"axis":"x","angle":45},"faces":{"down":{"uv":[9.749,1.749,10.749,2.749001],"texture":"#0"},"up":{"uv":[9.749,1.749,10.749,2.749001],"texture":"#0"},"north":{"uv":[9.749,1.749,10.749,2.749001],"texture":"#0"},"south":{"uv":[9.749,1.749,10.749,2.749001],"texture":"#0"},"west":{"uv":[9.749,1.749,10.749,2.749001],"texture":"#0"},"east":{"uv":[9.749,1.749,10.749,2.749001],"texture":"#0"}}},{"__comment":"element","from":[7.525,5.8,15.6786],"to":[8.475,6,15.76144],"faces":{"down":{"uv":[9.749,1.749,10.749,2.749001],"texture":"#0"},"up":{"uv":[9.749,1.749,10.749,2.749001],"texture":"#0"},"north":{"uv":[9.749,1.749,10.749,2.749001],"texture":"#0"},"south":{"uv":[9.749,1.749,10.749,2.749001],"texture":"#0"},"west":{"uv":[9.749,1.749,10.749,2.749001],"texture":"#0"},"east":{"uv":[9.749,1.749,10.749,2.749001],"texture":"#0"}}},{"__comment":"element","from":[7.525,5.8586,9.87],"to":[8.475,5.94144,10.07],"rotation":{"origin":[8.025,5.9,9.97],"axis":"x","angle":45},"faces":{"down":{"uv":[9.749,1.749,10.749,2.749001],"texture":"#0"},"up":{"uv":[9.749,1.749,10.749,2.749001],"texture":"#0"},"north":{"uv":[9.749,1.749,10.749,2.749001],"texture":"#0"},"south":{"uv":[9.749,1.749,10.749,2.749001],"texture":"#0"},"west":{"uv":[9.749,1.749,10.749,2.749001],"texture":"#0"},"east":{"uv":[9.749,1.749,10.749,2.749001],"texture":"#0"}}},{"__comment":"element","from":[7.525,5.8586,9.87],"to":[8.475,5.94144,10.07],"faces":{"down":{"uv":[9.749,1.749,10.749,2.749001],"texture":"#0"},"up":{"uv":[9.749,1.749,10.749,2.749001],"texture":"#0"},"north":{"uv":[9.749,1.749,10.749,2.749001],"texture":"#0"},"south":{"uv":[9.749,1.749,10.749,2.749001],"texture":"#0"},"west":{"uv":[9.749,1.749,10.749,2.749001],"texture":"#0"},"east":{"uv":[9.749,1.749,10.749,2.749001],"texture":"#0"}}},{"__comment":"element","from":[7.525,5.8,9.928599],"to":[8.475,6,10.01144],"rotation":{"origin":[8.025,5.9,9.97],"axis":"x","angle":45},"faces":{"down":{"uv":[9.749,1.749,10.749,2.749001],"texture":"#0"},"up":{"uv":[9.749,1.749,10.749,2.749001],"texture":"#0"},"north":{"uv":[9.749,1.749,10.749,2.749001],"texture":"#0"},"south":{"uv":[9.749,1.749,10.749,2.749001],"texture":"#0"},"west":{"uv":[9.749,1.749,10.749,2.749001],"texture":"#0"},"east":{"uv":[9.749,1.749,10.749,2.749001],"texture":"#0"}}},{"__comment":"element","from":[7.525,5.8,9.928599],"to":[8.475,6,10.01144],"faces":{"down":{"uv":[9.749,1.749,10.749,2.749001],"texture":"#0"},"up":{"uv":[9.749,1.749,10.749,2.749001],"texture":"#0"},"north":{"uv":[9.749,1.749,10.749,2.749001],"texture":"#0"},"south":{"uv":[9.749,1.749,10.749,2.749001],"texture":"#0"},"west":{"uv":[9.749,1.749,10.749,2.749001],"texture":"#0"},"east":{"uv":[9.749,1.749,10.749,2.749001],"texture":"#0"}}},{"__comment":"element","from":[7.525,6.1086,12.87],"to":[8.475,6.19144,13.07],"rotation":{"origin":[8.025,6.15,12.97],"axis":"x","angle":45},"faces":{"down":{"uv":[9.749,1.749,10.749,2.749001],"texture":"#0"},"up":{"uv":[9.749,1.749,10.749,2.749001],"texture":"#0"},"north":{"uv":[9.749,1.749,10.749,2.749001],"texture":"#0"},"south":{"uv":[9.749,1.749,10.749,2.749001],"texture":"#0"},"west":{"uv":[9.749,1.749,10.749,2.749001],"texture":"#0"},"east":{"uv":[9.749,1.749,10.749,2.749001],"texture":"#0"}}},{"__comment":"element","from":[7.525,6.1086,12.87],"to":[8.475,6.19144,13.07],"faces":{"down":{"uv":[9.749,1.749,10.749,2.749001],"texture":"#0"},"up":{"uv":[9.749,1.749,10.749,2.749001],"texture":"#0"},"north":{"uv":[9.749,1.749,10.749,2.749001],"texture":"#0"},"south":{"uv":[9.749,1.749,10.749,2.749001],"texture":"#0"},"west":{"uv":[9.749,1.749,10.749,2.749001],"texture":"#0"},"east":{"uv":[9.749,1.749,10.749,2.749001],"texture":"#0"}}},{"__comment":"element","from":[7.525,6.05,12.9286],"to":[8.475,6.25,13.01144],"rotation":{"origin":[8.025,6.15,12.97],"axis":"x","angle":45},"faces":{"down":{"uv":[9.749,1.749,10.749,2.749001],"texture":"#0"},"up":{"uv":[9.749,1.749,10.749,2.749001],"texture":"#0"},"north":{"uv":[9.749,1.749,10.749,2.749001],"texture":"#0"},"south":{"uv":[9.749,1.749,10.749,2.749001],"texture":"#0"},"west":{"uv":[9.749,1.749,10.749,2.749001],"texture":"#0"},"east":{"uv":[9.749,1.749,10.749,2.749001],"texture":"#0"}}},{"__comment":"element","from":[7.525,6.05,12.9286],"to":[8.475,6.25,13.01144],"faces":{"down":{"uv":[9.749,1.749,10.749,2.749001],"texture":"#0"},"up":{"uv":[9.749,1.749,10.749,2.749001],"texture":"#0"},"north":{"uv":[9.749,1.749,10.749,2.749001],"texture":"#0"},"south":{"uv":[9.749,1.749,10.749,2.749001],"texture":"#0"},"west":{"uv":[9.749,1.749,10.749,2.749001],"texture":"#0"},"east":{"uv":[9.749,1.749,10.749,2.749001],"texture":"#0"}}},{"__comment":"element","from":[7.675,5.3586,11.87],"to":[8.324999,5.44144,12.07],"rotation":{"origin":[8.175,5.4,11.97],"axis":"x","angle":45},"faces":{"down":{"uv":[9.749,1.749,10.749,2.749001],"texture":"#0"},"up":{"uv":[9.749,1.749,10.749,2.749001],"texture":"#0"},"north":{"uv":[9.749,1.749,10.749,2.749001],"texture":"#0"},"south":{"uv":[9.749,1.749,10.749,2.749001],"texture":"#0"},"west":{"uv":[9.749,1.749,10.749,2.749001],"texture":"#0"},"east":{"uv":[9.749,1.749,10.749,2.749001],"texture":"#0"}}},{"__comment":"element","from":[7.675,5.3586,11.87],"to":[8.324999,5.44144,12.07],"faces":{"down":{"uv":[9.749,1.749,10.749,2.749001],"texture":"#0"},"up":{"uv":[9.749,1.749,10.749,2.749001],"texture":"#0"},"north":{"uv":[9.749,1.749,10.749,2.749001],"texture":"#0"},"south":{"uv":[9.749,1.749,10.749,2.749001],"texture":"#0"},"west":{"uv":[9.749,1.749,10.749,2.749001],"texture":"#0"},"east":{"uv":[9.749,1.749,10.749,2.749001],"texture":"#0"}}},{"__comment":"element","from":[7.675,5.3,11.9286],"to":[8.324999,5.5,12.01144],"rotation":{"origin":[8.175,5.4,11.97],"axis":"x","angle":45},"faces":{"down":{"uv":[9.749,1.749,10.749,2.749001],"texture":"#0"},"up":{"uv":[9.749,1.749,10.749,2.749001],"texture":"#0"},"north":{"uv":[9.749,1.749,10.749,2.749001],"texture":"#0"},"south":{"uv":[9.749,1.749,10.749,2.749001],"texture":"#0"},"west":{"uv":[9.749,1.749,10.749,2.749001],"texture":"#0"},"east":{"uv":[9.749,1.749,10.749,2.749001],"texture":"#0"}}},{"__comment":"element","from":[7.675,5.3,11.9286],"to":[8.324999,5.5,12.01144],"faces":{"down":{"uv":[9.749,1.749,10.749,2.749001],"texture":"#0"},"up":{"uv":[9.749,1.749,10.749,2.749001],"texture":"#0"},"north":{"uv":[9.749,1.749,10.749,2.749001],"texture":"#0"},"south":{"uv":[9.749,1.749,10.749,2.749001],"texture":"#0"},"west":{"uv":[9.749,1.749,10.749,2.749001],"texture":"#0"},"east":{"uv":[9.749,1.749,10.749,2.749001],"texture":"#0"}}},{"__comment":"element","from":[7.675,5.3586,13.87],"to":[8.324999,5.44144,14.07],"rotation":{"origin":[8.175,5.4,13.97],"axis":"x","angle":45},"faces":{"down":{"uv":[9.749,1.749,10.749,2.749001],"texture":"#0"},"up":{"uv":[9.749,1.749,10.749,2.749001],"texture":"#0"},"north":{"uv":[9.749,1.749,10.749,2.749001],"texture":"#0"},"south":{"uv":[9.749,1.749,10.749,2.749001],"texture":"#0"},"west":{"uv":[9.749,1.749,10.749,2.749001],"texture":"#0"},"east":{"uv":[9.749,1.749,10.749,2.749001],"texture":"#0"}}},{"__comment":"element","from":[7.675,5.3586,13.87],"to":[8.324999,5.44144,14.07],"faces":{"down":{"uv":[9.749,1.749,10.749,2.749001],"texture":"#0"},"up":{"uv":[9.749,1.749,10.749,2.749001],"texture":"#0"},"north":{"uv":[9.749,1.749,10.749,2.749001],"texture":"#0"},"south":{"uv":[9.749,1.749,10.749,2.749001],"texture":"#0"},"west":{"uv":[9.749,1.749,10.749,2.749001],"texture":"#0"},"east":{"uv":[9.749,1.749,10.749,2.749001],"texture":"#0"}}},{"__comment":"element","from":[7.675,5.3,13.9286],"to":[8.324999,5.5,14.01144],"rotation":{"origin":[8.175,5.4,13.97],"axis":"x","angle":45},"faces":{"down":{"uv":[9.749,1.749,10.749,2.749001],"texture":"#0"},"up":{"uv":[9.749,1.749,10.749,2.749001],"texture":"#0"},"north":{"uv":[9.749,1.749,10.749,2.749001],"texture":"#0"},"south":{"uv":[9.749,1.749,10.749,2.749001],"texture":"#0"},"west":{"uv":[9.749,1.749,10.749,2.749001],"texture":"#0"},"east":{"uv":[9.749,1.749,10.749,2.749001],"texture":"#0"}}},{"__comment":"element","from":[7.675,5.3,13.9286],"to":[8.324999,5.5,14.01144],"faces":{"down":{"uv":[9.749,1.749,10.749,2.749001],"texture":"#0"},"up":{"uv":[9.749,1.749,10.749,2.749001],"texture":"#0"},"north":{"uv":[9.749,1.749,10.749,2.749001],"texture":"#0"},"south":{"uv":[9.749,1.749,10.749,2.749001],"texture":"#0"},"west":{"uv":[9.749,1.749,10.749,2.749001],"texture":"#0"},"east":{"uv":[9.749,1.749,10.749,2.749001],"texture":"#0"}}}],"display":{"thirdperson_righthand":{"translation":[0,4.1,-8.695],"scale":[1.45,1.45,1.45]},"thirdperson_lefthand":{"translation":[0,4.1,-8.695],"scale":[1.45,1.45,1.45]},"firstperson_righthand":{"translation":[-0.75,7.3043,-9.336],"scale":[1.38,1.38,1.38]},"firstperson_lefthand":{"translation":[-0.75,7.3043,-9.336],"scale":[1.38,1.38,1.38]},"gui":{"rotation":[90,65,-90],"translation":[-6.477,8.8913,0],"scale":[1.8,1.8,1.8]},"ground":{"rotation":[0,0,90],"translation":[0,-2.781,-6.26]},"fixed":{"rotation":[0,90,0],"translation":[-10.43,4.8695,0],"scale":[2,2,2]}}}
