{"__comment":"designed_by_yom_with_cubik_studio_-_https://cubik.studio","textures":{"particle":"customblock/e_particle","texture":"customblock/e_texture","2":"custom/glock1823"},"elements":[{"__comment":"element","from":[11.3093,1.3995,5.9329],"to":[11.51602,1.81292,7.79331],"rotation":{"origin":[1.47054,5.62524,7.12147],"axis":"z","angle":22.5},"faces":{"down":{"uv":[0,5,0.5,5.5],"texture":"#2","rotation":90},"north":{"uv":[0,5,0.5,5.5],"texture":"#2","rotation":90},"south":{"uv":[0,5,0.5,5.5],"texture":"#2","rotation":90},"west":{"uv":[0,5,0.5,5.5],"texture":"#2","rotation":90}}},{"__comment":"element","from":[12.695,-2.6394,5.9329],"to":[17.30484,4.57337,7.79331],"rotation":{"origin":[4.89932,3.11771,7.12147],"axis":"z","angle":22.5},"faces":{"north":{"uv":[0,5,0.5,5.5],"texture":"#2","rotation":90},"south":{"uv":[0,5,0.5,5.5],"texture":"#2","rotation":90},"west":{"uv":[0,5,0.5,5.5],"texture":"#2","rotation":90},"east":{"uv":[0,5,0.5,5.5],"texture":"#2","rotation":90}}},{"__comment":"element","from":[11.5448,9.6382,5.9329],"to":[11.94827,9.84491,7.79331],"rotation":{"origin":[1.42475,5.97174,7.12147],"axis":"z","angle":-22.5},"faces":{"down":{"uv":[0,5,0.5,5.5],"texture":"#2","rotation":90},"north":{"uv":[0,5,0.5,5.5],"texture":"#2","rotation":90},"south":{"uv":[0,5,0.5,5.5],"texture":"#2","rotation":90}}},{"__comment":"element","from":[11.3548,9.9484,5.9329],"to":[11.56151,10.35186,7.79331],"rotation":{"origin":[1.43099,6.23816,7.12147],"axis":"z","angle":-22.5},"faces":{"north":{"uv":[0,5,0.5,5.5],"texture":"#2","rotation":90},"south":{"uv":[0,5,0.5,5.5],"texture":"#2","rotation":90},"west":{"uv":[0,5,0.5,5.5],"texture":"#2","rotation":90}}},{"__comment":"element","from":[12.9552,8.375,5.9329],"to":[13.16191,8.778461,7.79331],"rotation":{"origin":[1.43099,6.23816,7.12147],"axis":"z","angle":-22.5},"faces":{"north":{"uv":[0,5,0.5,5.5],"texture":"#2","rotation":90},"south":{"uv":[0,5,0.5,5.5],"texture":"#2","rotation":90},"west":{"uv":[0,5,0.5,5.5],"texture":"#2","rotation":90}}},{"__comment":"element","from":[11.3284,-0.8446,5.9329],"to":[11.53511,-0.43118,7.79331],"rotation":{"origin":[1.47054,5.62524,7.12147],"axis":"z","angle":22.5},"faces":{"north":{"uv":[0,5,0.5,5.5],"texture":"#2","rotation":90},"south":{"uv":[0,5,0.5,5.5],"texture":"#2","rotation":90},"west":{"uv":[0,5,0.5,5.5],"texture":"#2","rotation":90}}},{"__comment":"element","from":[13.1451,8.0648,5.9329],"to":[13.54857,8.27151,7.79331],"rotation":{"origin":[1.42475,5.97174,7.12147],"axis":"z","angle":-22.5},"faces":{"down":{"uv":[0,5,0.5,5.5],"texture":"#2","rotation":90},"north":{"uv":[0,5,0.5,5.5],"texture":"#2","rotation":90},"south":{"uv":[0,5,0.5,5.5],"texture":"#2","rotation":90}}},{"__comment":"element","from":[10.8867,-3.4902,5.9329],"to":[11.25001,-3.07677,7.79331],"rotation":{"origin":[1.76907,6.5686,7.12147],"axis":"z","angle":22.5},"faces":{"up":{"uv":[0,5,0.5,5.5],"texture":"#2","rotation":90},"north":{"uv":[0,5,0.5,5.5],"texture":"#2","rotation":90},"south":{"uv":[0,5,0.5,5.5],"texture":"#2","rotation":90},"west":{"uv":[0,5,0.5,5.5],"texture":"#2","rotation":90}}},{"__comment":"element","from":[14.6106,11.611,5.9329],"to":[14.81731,11.76447,7.79331],"rotation":{"origin":[1.81614,7.25617,7.12147],"axis":"z","angle":-45},"faces":{"north":{"uv":[0,5,0.5,5.5],"texture":"#2","rotation":90},"south":{"uv":[0,5,0.5,5.5],"texture":"#2","rotation":90},"west":{"uv":[0,5,0.5,5.5],"texture":"#2","rotation":90}}},{"__comment":"element","from":[15.2681,6.2572,5.9329],"to":[15.47481,6.41067,7.79331],"rotation":{"origin":[1.72952,7.18152,7.12147],"axis":"z","angle":-22.5},"faces":{"north":{"uv":[0,5,0.5,5.5],"texture":"#2","rotation":90},"south":{"uv":[0,5,0.5,5.5],"texture":"#2","rotation":90},"west":{"uv":[0,5,0.5,5.5],"texture":"#2","rotation":90}}},{"__comment":"element","from":[15.458,5.947,5.9329],"to":[15.61147,6.15371,7.79331],"rotation":{"origin":[1.72328,6.91511,7.12147],"axis":"z","angle":-22.5},"faces":{"down":{"uv":[0,5,0.5,5.5],"texture":"#2","rotation":90},"north":{"uv":[0,5,0.5,5.5],"texture":"#2","rotation":90},"south":{"uv":[0,5,0.5,5.5],"texture":"#2","rotation":90},"east":{"uv":[0,5,0.5,5.5],"texture":"#2","rotation":90}}},{"__comment":"element","from":[14.1838,0.7059,5.9329],"to":[14.33727,0.9126099,7.79331],"faces":{"down":{"uv":[0,5,0.5,5.5],"texture":"#2","rotation":90},"north":{"uv":[0,5,0.5,5.5],"texture":"#2","rotation":90},"south":{"uv":[0,5,0.5,5.5],"texture":"#2","rotation":90},"west":{"uv":[0,5,0.5,5.5],"texture":"#2","rotation":90}}},{"__comment":"element","from":[14.3373,0.7059,5.9329],"to":[18.36819,1.83913,7.79331],"faces":{"down":{"uv":[0,5,0.5,5.5],"texture":"#2","rotation":90},"north":{"uv":[0,5,0.5,5.5],"texture":"#2","rotation":90},"south":{"uv":[0,5,0.5,5.5],"texture":"#2","rotation":90},"west":{"uv":[0,5,0.5,5.5],"texture":"#2","rotation":90}}},{"__comment":"element","from":[17.5805,-2.3861,5.9329],"to":[18.30713,-1.14269,7.79331],"rotation":{"origin":[9.16292,1.3465,7.58658],"axis":"z","angle":22.5},"faces":{"north":{"uv":[0,5,0.5,5.5],"texture":"#2","rotation":90},"south":{"uv":[0,5,0.5,5.5],"texture":"#2","rotation":90},"east":{"uv":[0,5,0.5,5.5],"texture":"#2","rotation":90}}},{"__comment":"element","from":[16.3631,-2.5278,5.9329],"to":[17.08972,-2.11438,7.79331],"rotation":{"origin":[9.23716,4.12915,7.58658],"axis":"z","angle":22.5},"faces":{"down":{"uv":[0,5,0.5,5.5],"texture":"#2","rotation":90},"north":{"uv":[0,5,0.5,5.5],"texture":"#2","rotation":90},"south":{"uv":[0,5,0.5,5.5],"texture":"#2","rotation":90}}},{"__comment":"element","from":[16.3731,1.4889,5.9329],"to":[18.36819,2.46553,7.79331],"faces":{"north":{"uv":[0,5,0.5,5.5],"texture":"#2","rotation":90},"south":{"uv":[0,5,0.5,5.5],"texture":"#2","rotation":90}}},{"__comment":"element","from":[18.6261,0.984,5.9329],"to":[19.03952,1.39742,7.79331],"faces":{"down":{"uv":[0,5,0.5,5.5],"texture":"#2","rotation":90},"north":{"uv":[0,5,0.5,5.5],"texture":"#2","rotation":90},"south":{"uv":[0,5,0.5,5.5],"texture":"#2","rotation":90},"east":{"uv":[0,5,0.5,5.5],"texture":"#2","rotation":90}}},{"__comment":"element","from":[13.0857,3.6259,5.9329],"to":[13.781,6.67647,7.79331],"rotation":{"origin":[2.71314,1.66182,7.12147],"axis":"z","angle":22.5},"faces":{"north":{"uv":[0,5,0.5,5.5],"texture":"#2","rotation":90},"south":{"uv":[0,5,0.5,5.5],"texture":"#2","rotation":90},"west":{"uv":[0,5,0.5,5.5],"texture":"#2","rotation":90},"east":{"uv":[0,5,0.5,5.5],"texture":"#2","rotation":90}}},{"__comment":"element","from":[11.4737,8.934899,5.9329],"to":[12.14834,10.42019,7.79331],"faces":{"north":{"uv":[0,5,0.5,5.5],"texture":"#2","rotation":90},"south":{"uv":[0,5,0.5,5.5],"texture":"#2","rotation":90},"west":{"uv":[0,5,0.5,5.5],"texture":"#2","rotation":90}}},{"__comment":"element","from":[4.4267,10.3443,5.9329],"to":[15.90674,11.67299,7.79331],"faces":{"down":{"uv":[0,5,0.5,5.5],"texture":"#2","rotation":90},"north":{"uv":[0,5,0.5,5.5],"texture":"#2","rotation":90},"south":{"uv":[0,5,0.5,5.5],"texture":"#2","rotation":90},"west":{"uv":[0,5,0.5,5.5],"texture":"#2","rotation":90}}},{"__comment":"element","from":[15.0697,8.433,5.9329],"to":[15.95292,9.82047,7.79331],"faces":{"north":{"uv":[0,5,0.5,5.5],"texture":"#2","rotation":90},"south":{"uv":[0,5,0.5,5.5],"texture":"#2","rotation":90},"west":{"uv":[0,5,0.5,5.5],"texture":"#2","rotation":90},"east":{"uv":[0,5,0.5,5.5],"texture":"#2","rotation":90}}},{"__comment":"element","from":[15.0697,9.6858,5.9329],"to":[15.95292,10.44687,7.79331],"faces":{"north":{"uv":[0,5,0.5,5.5],"texture":"#2","rotation":90},"south":{"uv":[0,5,0.5,5.5],"texture":"#2","rotation":90},"west":{"uv":[0,5,0.5,5.5],"texture":"#2","rotation":90},"east":{"uv":[0,5,0.5,5.5],"texture":"#2","rotation":90}}},{"__comment":"element","from":[11.4737,7.6821,5.9329],"to":[15.90674,9.01079,7.79331],"faces":{"up":{"uv":[0,5,0.5,5.5],"texture":"#2","rotation":90},"north":{"uv":[0,5,0.5,5.5],"texture":"#2","rotation":90},"south":{"uv":[0,5,0.5,5.5],"texture":"#2","rotation":90}}},{"__comment":"element","from":[13.8002,5.5076,5.9329],"to":[14.18231,6.67897,7.79331],"rotation":{"origin":[2.72912,1.6147,7.12147],"axis":"z","angle":22.5},"faces":{"down":{"uv":[0,5,0.5,5.5],"texture":"#2","rotation":90},"north":{"uv":[0,5,0.5,5.5],"texture":"#2","rotation":90},"south":{"uv":[0,5,0.5,5.5],"texture":"#2","rotation":90}}},{"__comment":"element","from":[14.2655,17.315,5.9329],"to":[14.67893,18.30158,7.79331],"rotation":{"origin":[7.10099,12.34308,7.58658],"axis":"z","angle":-45},"faces":{"north":{"uv":[0,5,0.5,5.5],"texture":"#2","rotation":90},"south":{"uv":[0,5,0.5,5.5],"texture":"#2","rotation":90},"east":{"uv":[0,5,0.5,5.5],"texture":"#2","rotation":90}}},{"__comment":"element","from":[15.8585,10.9707,5.9329],"to":[16.21994,11.67299,7.79331],"faces":{"north":{"uv":[0,5,0.5,5.5],"texture":"#2","rotation":90},"south":{"uv":[0,5,0.5,5.5],"texture":"#2","rotation":90}}},{"__comment":"element","from":[15.6441,13.837,5.9329],"to":[15.90092,14.35378,7.79331],"rotation":{"origin":[6.77459,11.85459,7.58658],"axis":"z","angle":-22.5},"faces":{"down":{"uv":[0,5,0.5,5.5],"texture":"#2","rotation":90},"up":{"uv":[0,5,0.5,5.5],"texture":"#2","rotation":90},"north":{"uv":[0,5,0.5,5.5],"texture":"#2","rotation":90},"south":{"uv":[0,5,0.5,5.5],"texture":"#2","rotation":90},"east":{"uv":[0,5,0.5,5.5],"texture":"#2","rotation":90}}},{"__comment":"element","from":[14.9326,7.6536,5.9329],"to":[16.07265,8.06703,7.79331],"rotation":{"origin":[7.60521,12.69373,7.17315],"axis":"z","angle":22.5},"faces":{"down":{"uv":[0,5,0.5,5.5],"texture":"#2","rotation":90},"north":{"uv":[0,5,0.5,5.5],"texture":"#2","rotation":90},"south":{"uv":[0,5,0.5,5.5],"texture":"#2","rotation":90}}},{"__comment":"element","from":[16.2093,11.2776,5.9329],"to":[17.20028,11.67295,7.79331],"faces":{"north":{"uv":[0,5,0.5,5.5],"texture":"#2","rotation":90},"south":{"uv":[0,5,0.5,5.5],"texture":"#2","rotation":90},"east":{"uv":[0,5,0.5,5.5],"texture":"#2","rotation":90}}},{"__comment":"element","from":[17.1489,11.2776,5.9329],"to":[17.35688,11.51635,7.79331],"faces":{"north":{"uv":[0,5,0.5,5.5],"texture":"#2","rotation":90},"south":{"uv":[0,5,0.5,5.5],"texture":"#2","rotation":90},"east":{"uv":[0,5,0.5,5.5],"texture":"#2","rotation":90}}},{"__comment":"element","from":[15.9496,8.894899,5.9329],"to":[16.18836,9.115299,7.79331],"rotation":{"origin":[13.60822,11.61621,6.86308],"axis":"z","angle":45},"faces":{"up":{"uv":[0,5,0.5,5.5],"texture":"#2","rotation":90},"north":{"uv":[0,5,0.5,5.5],"texture":"#2","rotation":90},"south":{"uv":[0,5,0.5,5.5],"texture":"#2","rotation":90},"east":{"uv":[0,5,0.5,5.5],"texture":"#2","rotation":90}}},{"__comment":"element","from":[9.737,10.5496,6.3466],"to":[10.22722,11.20363,7.40785],"rotation":{"origin":[5.21492,7.32426,7.02225],"axis":"z","angle":-22.5},"faces":{"north":{"uv":[0,5,0.5,5.5],"texture":"#2","rotation":90},"south":{"uv":[0,5,0.5,5.5],"texture":"#2","rotation":90},"west":{"uv":[0,5,0.5,5.5],"texture":"#2","rotation":90}}},{"__comment":"element","from":[10.6256,9.964499,6.3466],"to":[11.4983,10.72407,7.40785],"rotation":{"origin":[5.56861,9.46503,7.24447],"axis":"z","angle":-22.5},"faces":{"down":{"uv":[0,5,0.5,5.5],"texture":"#2","rotation":90},"north":{"uv":[0,5,0.5,5.5],"texture":"#2","rotation":90},"south":{"uv":[0,5,0.5,5.5],"texture":"#2","rotation":90}}},{"__comment":"element","from":[8.5147,3.8048,6.3466],"to":[8.87025,4.51589,7.40785],"rotation":{"origin":[5.9337,9.27322,7.24447],"axis":"z","angle":45},"faces":{"down":{"uv":[0,5,0.5,5.5],"texture":"#2","rotation":90},"north":{"uv":[0,5,0.5,5.5],"texture":"#2","rotation":90},"south":{"uv":[0,5,0.5,5.5],"texture":"#2","rotation":90},"west":{"uv":[0,5,0.5,5.5],"texture":"#2","rotation":90}}},{"__comment":"element","from":[8.2603,11.6281,6.3466],"to":[8.48117,12.1668,7.40785],"rotation":{"origin":[5.2166,7.49122,7.02225],"axis":"z","angle":-45},"faces":{"north":{"uv":[0,5,0.5,5.5],"texture":"#2","rotation":90},"south":{"uv":[0,5,0.5,5.5],"texture":"#2","rotation":90},"west":{"uv":[0,5,0.5,5.5],"texture":"#2","rotation":90}}},{"__comment":"element","from":[10.504,6.3778,6.3466],"to":[10.97267,6.73334,7.40785],"rotation":{"origin":[7.12367,6.1918,7.02225],"axis":"z","angle":22.5},"faces":{"down":{"uv":[0,5,0.5,5.5],"texture":"#2","rotation":90},"north":{"uv":[0,5,0.5,5.5],"texture":"#2","rotation":90},"south":{"uv":[0,5,0.5,5.5],"texture":"#2","rotation":90}}},{"__comment":"element","from":[10.4725,7.8095,6.3466],"to":[10.94118,8.030371,7.40785],"faces":{"down":{"uv":[0,5,0.5,5.5],"texture":"#2","rotation":90},"north":{"uv":[0,5,0.5,5.5],"texture":"#2","rotation":90},"south":{"uv":[0,5,0.5,5.5],"texture":"#2","rotation":90}}},{"__comment":"element","from":[9.5047,6.0437,6.3466],"to":[10.5821,6.26457,7.40785],"rotation":{"origin":[5.2166,7.49122,7.02225],"axis":"z","angle":22.5},"faces":{"up":{"uv":[0,5,0.5,5.5],"texture":"#2","rotation":90},"north":{"uv":[0,5,0.5,5.5],"texture":"#2","rotation":90},"south":{"uv":[0,5,0.5,5.5],"texture":"#2","rotation":90}}},{"__comment":"element","from":[6.4436,7.6572,6.3466],"to":[10.17951,8.01274,7.40785],"faces":{"down":{"uv":[0,5,0.5,5.5],"texture":"#2","rotation":90},"up":{"uv":[0,5,0.5,5.5],"texture":"#2","rotation":90},"north":{"uv":[0,5,0.5,5.5],"texture":"#2","rotation":90},"south":{"uv":[0,5,0.5,5.5],"texture":"#2","rotation":90},"east":{"uv":[0,5,0.5,5.5],"texture":"#2","rotation":90}}},{"__comment":"element","from":[9.362599,6.6148,6.3466],"to":[9.583469,7.28818,7.40785],"rotation":{"origin":[4.69376,1.04264,7.02225],"axis":"z","angle":22.5},"faces":{"north":{"uv":[0,5,0.5,5.5],"texture":"#2","rotation":90},"south":{"uv":[0,5,0.5,5.5],"texture":"#2","rotation":90},"east":{"uv":[0,5,0.5,5.5],"texture":"#2","rotation":90}}},{"__comment":"element","from":[4.2405,8.3586,6.3466],"to":[4.7792,8.57947,7.40785],"rotation":{"origin":[4.69376,1.04264,7.02225],"axis":"z","angle":-22.5},"faces":{"up":{"uv":[0,5,0.5,5.5],"texture":"#2","rotation":90},"north":{"uv":[0,5,0.5,5.5],"texture":"#2","rotation":90},"south":{"uv":[0,5,0.5,5.5],"texture":"#2","rotation":90}}},{"__comment":"element","from":[1.0662,7.4798,6.3466],"to":[1.6049,7.83535,7.40785],"rotation":{"origin":[4.69376,1.04264,7.02225],"axis":"z","angle":-45},"faces":{"up":{"uv":[0,5,0.5,5.5],"texture":"#2","rotation":90},"north":{"uv":[0,5,0.5,5.5],"texture":"#2","rotation":90},"south":{"uv":[0,5,0.5,5.5],"texture":"#2","rotation":90}}},{"__comment":"element","from":[6.4746,7.9266,6.3466],"to":[6.83015,10.68476,7.40785],"faces":{"north":{"uv":[0,5,0.5,5.5],"texture":"#2","rotation":90},"south":{"uv":[0,5,0.5,5.5],"texture":"#2","rotation":90},"west":{"uv":[0,5,0.5,5.5],"texture":"#2","rotation":90},"east":{"uv":[0,5,0.5,5.5],"texture":"#2","rotation":90}}},{"__comment":"element","from":[6.3349,7.8039,6.3466],"to":[6.46958,7.8561,7.40785],"faces":{"up":{"uv":[0,5,0.5,5.5],"texture":"#2","rotation":90},"north":{"uv":[0,5,0.5,5.5],"texture":"#2","rotation":90},"south":{"uv":[0,5,0.5,5.5],"texture":"#2","rotation":90},"west":{"uv":[0,5,0.5,5.5],"texture":"#2","rotation":90}}},{"__comment":"element","from":[6.0775,9.158999,6.3466],"to":[6.23911,9.95673,7.40785],"rotation":{"origin":[2.9276,7.85973,6.87725],"axis":"z","angle":-22.5},"faces":{"north":{"uv":[0,5,0.5,5.5],"texture":"#2","rotation":90},"south":{"uv":[0,5,0.5,5.5],"texture":"#2","rotation":90},"west":{"uv":[0,5,0.5,5.5],"texture":"#2","rotation":90}}},{"__comment":"element","from":[6.1286,6.3185,6.3466],"to":[6.3606,6.4751,7.40785],"rotation":{"origin":[2.88889,7.65744,6.87725],"axis":"z","angle":22.5},"faces":{"down":{"uv":[0,5,0.5,5.5],"texture":"#2","rotation":90},"up":{"uv":[0,5,0.5,5.5],"texture":"#2","rotation":90},"north":{"uv":[0,5,0.5,5.5],"texture":"#2","rotation":90},"south":{"uv":[0,5,0.5,5.5],"texture":"#2","rotation":90},"west":{"uv":[0,5,0.5,5.5],"texture":"#2","rotation":90}}},{"__comment":"element","from":[6.3946,7.6572,6.3466],"to":[6.4526,7.72274,7.40785],"faces":{"down":{"uv":[0,5,0.5,5.5],"texture":"#2","rotation":90},"north":{"uv":[0,5,0.5,5.5],"texture":"#2","rotation":90},"south":{"uv":[0,5,0.5,5.5],"texture":"#2","rotation":90},"west":{"uv":[0,5,0.5,5.5],"texture":"#2","rotation":90}}},{"__comment":"element","from":[6.5183,7.6154,6.3466],"to":[6.87384,8.28878,7.40785],"rotation":{"origin":[12.09707,8.79198,7.02225],"axis":"z","angle":-22.5},"faces":{"north":{"uv":[0,5,0.5,5.5],"texture":"#2","rotation":90},"south":{"uv":[0,5,0.5,5.5],"texture":"#2","rotation":90},"east":{"uv":[0,5,0.5,5.5],"texture":"#2","rotation":90}}},{"__comment":"element","from":[9.282599,13.2821,6.3466],"to":[9.8213,13.50297,7.40785],"rotation":{"origin":[12.09707,8.79198,7.02225],"axis":"z","angle":45},"faces":{"down":{"uv":[0,5,0.5,5.5],"texture":"#2","rotation":90},"north":{"uv":[0,5,0.5,5.5],"texture":"#2","rotation":90},"south":{"uv":[0,5,0.5,5.5],"texture":"#2","rotation":90}}},{"__comment":"element","from":[3.8743,12.2081,6.3466],"to":[4.41301,12.42897,7.40785],"rotation":{"origin":[2.7513,8.59095,7.02225],"axis":"z","angle":-45},"faces":{"down":{"uv":[0,5,0.5,5.5],"texture":"#2","rotation":90},"north":{"uv":[0,5,0.5,5.5],"texture":"#2","rotation":90},"south":{"uv":[0,5,0.5,5.5],"texture":"#2","rotation":90}}},{"__comment":"element","from":[7.3204,7.7208,6.3466],"to":[7.54127,8.39418,7.40785],"rotation":{"origin":[1.97484,6.68499,7.02225],"axis":"z","angle":22.5},"faces":{"north":{"uv":[0,5,0.5,5.5],"texture":"#2","rotation":90},"south":{"uv":[0,5,0.5,5.5],"texture":"#2","rotation":90},"west":{"uv":[0,5,0.5,5.5],"texture":"#2","rotation":90}}},{"__comment":"element","from":[8.3053,10.348,6.4985],"to":[8.62819,11.53603,7.46229],"rotation":{"origin":[5.31904,7.96778,6.98037],"axis":"z","angle":-22.5},"faces":{"down":{"uv":[0,5,0.5,5.5],"texture":"#2","rotation":90},"north":{"uv":[0,5,0.5,5.5],"texture":"#2","rotation":90},"south":{"uv":[0,5,0.5,5.5],"texture":"#2","rotation":90},"west":{"uv":[0,5,0.5,5.5],"texture":"#2","rotation":90}}},{"__comment":"element","from":[7.8707,10.0714,6.4985],"to":[8.08139,10.33764,7.46229],"rotation":{"origin":[5.12777,6.87019,6.98037],"axis":"z","angle":-22.5},"faces":{"down":{"uv":[0,5,0.5,5.5],"texture":"#2","rotation":90},"north":{"uv":[0,5,0.5,5.5],"texture":"#2","rotation":90},"south":{"uv":[0,5,0.5,5.5],"texture":"#2","rotation":90},"west":{"uv":[0,5,0.5,5.5],"texture":"#2","rotation":90},"east":{"uv":[0,5,0.5,5.5],"texture":"#2","rotation":90}}},{"__comment":"element","from":[8.0005,9.7143,6.4985],"to":[8.10584,9.98054,7.46229],"rotation":{"origin":[5.42093,7.15095,6.98037],"axis":"z","angle":-22.5},"faces":{"north":{"uv":[0,5,0.5,5.5],"texture":"#2","rotation":90},"south":{"uv":[0,5,0.5,5.5],"texture":"#2","rotation":90},"west":{"uv":[0,5,0.5,5.5],"texture":"#2","rotation":90},"east":{"uv":[0,5,0.5,5.5],"texture":"#2","rotation":90}}},{"__comment":"element","from":[7.8351,7.4356,6.4985],"to":[8.493509,7.49512,7.46229],"rotation":{"origin":[6.9638,9.34988,6.98037],"axis":"z","angle":45},"faces":{"north":{"uv":[0,5,0.5,5.5],"texture":"#2","rotation":90},"south":{"uv":[0,5,0.5,5.5],"texture":"#2","rotation":90},"west":{"uv":[0,5,0.5,5.5],"texture":"#2","rotation":90}}},{"__comment":"element","from":[7.9186,9.4776,6.4985],"to":[7.97127,9.74384,7.46229],"rotation":{"origin":[5.58241,6.90498,6.98037],"axis":"z","angle":-22.5},"faces":{"down":{"uv":[0,5,0.5,5.5],"texture":"#2","rotation":90},"north":{"uv":[0,5,0.5,5.5],"texture":"#2","rotation":90},"south":{"uv":[0,5,0.5,5.5],"texture":"#2","rotation":90},"west":{"uv":[0,5,0.5,5.5],"texture":"#2","rotation":90},"east":{"uv":[0,5,0.5,5.5],"texture":"#2","rotation":90}}},{"__comment":"element","from":[8.9545,6.8802,6.4985],"to":[10.14253,7.46645,7.46229],"rotation":{"origin":[6.33831,9.16694,6.98037],"axis":"z","angle":45},"faces":{"down":{"uv":[0,5,0.5,5.5],"texture":"#2","rotation":90},"north":{"uv":[0,5,0.5,5.5],"texture":"#2","rotation":90},"south":{"uv":[0,5,0.5,5.5],"texture":"#2","rotation":90}}},{"__comment":"element","from":[8.1933,7.2288,6.4985],"to":[8.85459,7.42001,7.46229],"rotation":{"origin":[6.64131,9.42244,6.98037],"axis":"z","angle":45},"faces":{"north":{"uv":[0,5,0.5,5.5],"texture":"#2","rotation":90},"south":{"uv":[0,5,0.5,5.5],"texture":"#2","rotation":90}}},{"__comment":"element","from":[9.350699,9.399899,6.4985],"to":[9.805269,10.58792,7.46229],"faces":{"north":{"uv":[0,5,0.5,5.5],"texture":"#2","rotation":90},"south":{"uv":[0,5,0.5,5.5],"texture":"#2","rotation":90},"west":{"uv":[0,5,0.5,5.5],"texture":"#2","rotation":90}}},{"__comment":"element","from":[3.1294,10.3443,7.3765],"to":[4.27384,11.80639,7.827509],"rotation":{"origin":[0.72139,10.93032,6.27031],"axis":"y","angle":22.5},"faces":{"down":{"uv":[0,5,0.5,5.5],"texture":"#2","rotation":90},"up":{"uv":[0,5,0.5,5.5],"texture":"#2","rotation":90},"north":{"uv":[0,5,0.5,5.5],"texture":"#2","rotation":90},"east":{"uv":[0,5,0.5,5.5],"texture":"#2","rotation":90}}},{"__comment":"element","from":[-1.6713,10.7577,6.1396],"to":[4.43737,11.67297,7.58659],"faces":{"down":{"uv":[0,5,0.5,5.5],"texture":"#2","rotation":90},"north":{"uv":[0,5,0.5,5.5],"texture":"#2","rotation":90},"south":{"uv":[0,5,0.5,5.5],"texture":"#2","rotation":90},"west":{"uv":[0,5,0.5,5.5],"texture":"#2","rotation":90}}},{"__comment":"element","from":[-1.2578,10.3443,6.3463],"to":[4.43744,10.75773,7.379859],"faces":{"down":{"uv":[0,5,0.5,5.5],"texture":"#2","rotation":90},"north":{"uv":[0,5,0.5,5.5],"texture":"#2","rotation":90},"south":{"uv":[0,5,0.5,5.5],"texture":"#2","rotation":90},"west":{"uv":[0,5,0.5,5.5],"texture":"#2","rotation":90}}},{"__comment":"element","from":[3.1294,10.3443,5.8986],"to":[4.27384,11.67299,6.349599],"rotation":{"origin":[0.72139,10.93032,7.45586],"axis":"y","angle":-22.5},"faces":{"down":{"uv":[0,5,0.5,5.5],"texture":"#2","rotation":90},"up":{"uv":[0,5,0.5,5.5],"texture":"#2","rotation":90},"south":{"uv":[0,5,0.5,5.5],"texture":"#2","rotation":90}}},{"__comment":"element","from":[6.3854,12.373,6.2229],"to":[10.23705,13.61177,7.50331],"faces":{"up":{"uv":[0,5,0.5,5.5],"texture":"#2","rotation":90},"north":{"uv":[0,5,0.5,5.5],"texture":"#2","rotation":90},"south":{"uv":[0,5,0.5,5.5],"texture":"#2","rotation":90}}},{"__comment":"element","from":[7.3602,7.2252,6.4985],"to":[8.81159,7.284719,7.46229],"rotation":{"origin":[6.6834,9.51203,6.98037],"axis":"z","angle":45},"faces":{"down":{"uv":[0,5,0.5,5.5],"texture":"#2","rotation":90},"up":{"uv":[0,5,0.5,5.5],"texture":"#2","rotation":90},"north":{"uv":[0,5,0.5,5.5],"texture":"#2","rotation":90},"south":{"uv":[0,5,0.5,5.5],"texture":"#2","rotation":90},"west":{"uv":[0,5,0.5,5.5],"texture":"#2","rotation":90}}},{"__comment":"element","from":[7.9853,11.821,5.9329],"to":[8.768299,12.39103,7.79331],"rotation":{"origin":[6.96694,8.26335,6.86308],"axis":"z","angle":-45},"faces":{"down":{"uv":[0,5,0.5,5.5],"texture":"#2","rotation":90},"north":{"uv":[0,5,0.5,5.5],"texture":"#2","rotation":90},"south":{"uv":[0,5,0.5,5.5],"texture":"#2","rotation":90}}},{"__comment":"element","from":[8.427899,11.141,5.9329],"to":[9.524099,11.55442,7.79331],"rotation":{"origin":[6.96694,8.26335,6.86308],"axis":"z","angle":-22.5},"faces":{"down":{"uv":[0,5,0.5,5.5],"texture":"#2","rotation":90},"north":{"uv":[0,5,0.5,5.5],"texture":"#2","rotation":90},"south":{"uv":[0,5,0.5,5.5],"texture":"#2","rotation":90}}},{"__comment":"element","from":[14.8873,0.1177,6.2461],"to":[17.80633,0.7033899,7.48011],"faces":{"down":{"uv":[0,0,0.5,0.5],"texture":"#2","rotation":90},"up":{"uv":[0,0,0.5,0.5],"texture":"#2","rotation":90},"north":{"uv":[0,0,0.5,0.5],"texture":"#2","rotation":90},"south":{"uv":[0,0,0.5,0.5],"texture":"#2","rotation":90}}},{"__comment":"element","from":[16.459,-1.62,6.2461],"to":[16.55922,-0.87771,7.48011],"rotation":{"origin":[12.84307,3.02926,6.86308],"axis":"z","angle":22.5},"faces":{"down":{"uv":[0,0,0.5,0.5],"texture":"#2","rotation":90},"north":{"uv":[0,0,0.5,0.5],"texture":"#2","rotation":90},"south":{"uv":[0,0,0.5,0.5],"texture":"#2","rotation":90},"west":{"uv":[0,0,0.5,0.5],"texture":"#2","rotation":90},"east":{"uv":[0,0,0.5,0.5],"texture":"#2","rotation":90}}},{"__comment":"element","from":[17.7868,0.1177,6.2461],"to":[17.88703,0.5467899,7.48011],"faces":{"down":{"uv":[0,0,0.5,0.5],"texture":"#2","rotation":90},"north":{"uv":[0,0,0.5,0.5],"texture":"#2","rotation":90},"south":{"uv":[0,0,0.5,0.5],"texture":"#2","rotation":90}}},{"__comment":"element","from":[17.9873,0.1177,6.2461],"to":[18.0562,0.15529,7.48011],"faces":{"down":{"uv":[0,0,0.5,0.5],"texture":"#2","rotation":90},"up":{"uv":[0,0,0.5,0.5],"texture":"#2","rotation":90},"north":{"uv":[0,0,0.5,0.5],"texture":"#2","rotation":90},"south":{"uv":[0,0,0.5,0.5],"texture":"#2","rotation":90},"east":{"uv":[0,0,0.5,0.5],"texture":"#2","rotation":90}}},{"__comment":"element","from":[17.8871,0.1177,6.2461],"to":[17.98732,0.30562,7.48011],"faces":{"down":{"uv":[0,0,0.5,0.5],"texture":"#2","rotation":90},"north":{"uv":[0,0,0.5,0.5],"texture":"#2","rotation":90},"south":{"uv":[0,0,0.5,0.5],"texture":"#2","rotation":90}}},{"__comment":"element","from":[14.4739,0.1177,6.2461],"to":[14.88732,0.8599899,7.48011],"faces":{"down":{"uv":[0,0,0.5,0.5],"texture":"#2","rotation":90},"north":{"uv":[0,0,0.5,0.5],"texture":"#2","rotation":90},"south":{"uv":[0,0,0.5,0.5],"texture":"#2","rotation":90},"west":{"uv":[0,0,0.5,0.5],"texture":"#2","rotation":90},"east":{"uv":[0,0,0.5,0.5],"texture":"#2","rotation":90}}},{"__comment":"element","from":[14.5435,2.4366,5.9213],"to":[17.56275,2.87508,7.80491],"faces":{"down":{"uv":[9,2,9.5,2.5],"texture":"#2","rotation":90},"up":{"uv":[9,2,9.5,2.5],"texture":"#2","rotation":90},"north":{"uv":[9,2,9.5,2.5],"texture":"#2","rotation":90},"south":{"uv":[9,2,9.5,2.5],"texture":"#2","rotation":90},"west":{"uv":[9,2,9.5,2.5],"texture":"#2","rotation":90},"east":{"uv":[9,2,9.5,2.5],"texture":"#2","rotation":90}}},{"__comment":"element","from":[15.4831,2.7498,5.9213],"to":[17.24955,3.50148,7.80491],"faces":{"north":{"uv":[9,2,9.5,2.5],"texture":"#2","rotation":90},"south":{"uv":[9,2,9.5,2.5],"texture":"#2","rotation":90}}},{"__comment":"element","from":[16.7951,0.8266,5.9213],"to":[17.20853,6.985,7.80491],"rotation":{"origin":[12.23648,2.74122,6.86308],"axis":"z","angle":22.5},"faces":{"down":{"uv":[9,2,9.5,2.5],"texture":"#2","rotation":90},"north":{"uv":[9,2,9.5,2.5],"texture":"#2","rotation":90},"south":{"uv":[9,2,9.5,2.5],"texture":"#2","rotation":90},"east":{"uv":[9,2,9.5,2.5],"texture":"#2","rotation":90}}},{"__comment":"element","from":[14.6037,-0.0155,5.9213],"to":[17.36612,5.40062,7.80491],"rotation":{"origin":[8.39973,1.05846,7.58658],"axis":"z","angle":22.5},"faces":{"down":{"uv":[9,2,9.5,2.5],"texture":"#2","rotation":90},"north":{"uv":[9,2,9.5,2.5],"texture":"#2","rotation":90},"south":{"uv":[9,2,9.5,2.5],"texture":"#2","rotation":90},"west":{"uv":[9,2,9.5,2.5],"texture":"#2","rotation":90}}},{"__comment":"element","from":[12.3996,7.6622,5.9213],"to":[15.2241,8.6018,7.80491],"faces":{"up":{"uv":[9,2,9.5,2.5],"texture":"#2","rotation":90},"north":{"uv":[9,2,9.5,2.5],"texture":"#2","rotation":90},"south":{"uv":[9,2,9.5,2.5],"texture":"#2","rotation":90},"west":{"uv":[9,2,9.5,2.5],"texture":"#2","rotation":90},"east":{"uv":[9,2,9.5,2.5],"texture":"#2","rotation":90}}},{"__comment":"element","from":[13.3452,4.9521,5.9213],"to":[13.7352,6.0721,7.80491],"rotation":{"origin":[6.72174,4.01329,7.58658],"axis":"z","angle":22.5},"faces":{"up":{"uv":[9,2,9.5,2.5],"texture":"#2","rotation":90},"north":{"uv":[9,2,9.5,2.5],"texture":"#2","rotation":90},"south":{"uv":[9,2,9.5,2.5],"texture":"#2","rotation":90},"west":{"uv":[9,2,9.5,2.5],"texture":"#2","rotation":90}}},{"__comment":"element","from":[12.6496,7.4122,5.9213],"to":[13.2241,7.8518,7.80491],"faces":{"north":{"uv":[9,2,9.5,2.5],"texture":"#2","rotation":90},"south":{"uv":[9,2,9.5,2.5],"texture":"#2","rotation":90}}},{"__comment":"element","from":[16.9249,8.9028,8.398],"to":[17.49492,10.44687,9.78861],"rotation":{"origin":[10.08588,9.66949,13.26153],"axis":"y","angle":22.5},"faces":{"down":{"uv":[0,5,0.5,5.5],"texture":"#2","rotation":90},"up":{"uv":[0,5,0.5,5.5],"texture":"#2","rotation":90},"north":{"uv":[0,5,0.5,5.5],"texture":"#2","rotation":90},"east":{"uv":[0,5,0.5,5.5],"texture":"#2","rotation":90}}},{"__comment":"element","from":[12.1001,6.2564,6.7428],"to":[15.05357,6.826429,8.13341],"rotation":{"origin":[10.08588,9.66949,13.26153],"axis":"x","angle":22.5},"faces":{"north":{"uv":[0,5,0.5,5.5],"texture":"#2","rotation":90},"west":{"uv":[0,5,0.5,5.5],"texture":"#2","rotation":90},"east":{"uv":[0,5,0.5,5.5],"texture":"#2","rotation":90}}},{"__comment":"element","from":[9.1868,8.8761,5.7014],"to":[9.756821,10.42017,7.09201],"rotation":{"origin":[10.08588,9.66949,13.26153],"axis":"y","angle":-22.5},"faces":{"down":{"uv":[0,5,0.5,5.5],"texture":"#2","rotation":90},"up":{"uv":[0,5,0.5,5.5],"texture":"#2","rotation":90},"north":{"uv":[0,5,0.5,5.5],"texture":"#2","rotation":90}}},{"__comment":"element","from":[12.1484,12.5274,6.749],"to":[15.10188,13.09743,8.139609],"rotation":{"origin":[10.08588,9.66949,13.26153],"axis":"x","angle":-22.5},"faces":{"down":{"uv":[0,5,0.5,5.5],"texture":"#2","rotation":90},"north":{"uv":[0,5,0.5,5.5],"texture":"#2","rotation":90},"west":{"uv":[0,5,0.5,5.5],"texture":"#2","rotation":90},"east":{"uv":[0,5,0.5,5.5],"texture":"#2","rotation":90}}},{"__comment":"element","from":[12.1471,9.0076,6.028],"to":[15.06925,10.3481,7.6926],"faces":{"north":{"uv":[0,5,0.5,5.5],"texture":"#2","rotation":90},"south":{"uv":[0,5,0.5,5.5],"texture":"#2","rotation":90}}},{"__comment":"element","from":[14.6125,8.9028,5.0327],"to":[15.18253,10.44687,6.42331],"rotation":{"origin":[11.68239,9.75309,6.82482],"axis":"y","angle":-22.5},"faces":{"down":{"uv":[0,5,0.5,5.5],"texture":"#2","rotation":90},"up":{"uv":[0,5,0.5,5.5],"texture":"#2","rotation":90},"south":{"uv":[0,5,0.5,5.5],"texture":"#2","rotation":90}}},{"__comment":"element","from":[12.1001,8.723,6.3465],"to":[15.05357,9.293019,7.73711],"rotation":{"origin":[8.76577,9.008,7.04184],"axis":"x","angle":-22.5},"faces":{"down":{"uv":[0,5,0.5,5.5],"texture":"#2","rotation":90},"south":{"uv":[0,5,0.5,5.5],"texture":"#2","rotation":90},"west":{"uv":[0,5,0.5,5.5],"texture":"#2","rotation":90},"east":{"uv":[0,5,0.5,5.5],"texture":"#2","rotation":90}}},{"__comment":"element","from":[11.5058,8.8761,7.6962],"to":[12.07583,10.42017,9.0868],"rotation":{"origin":[8.57572,9.64813,6.82482],"axis":"y","angle":22.5},"faces":{"down":{"uv":[0,5,0.5,5.5],"texture":"#2","rotation":90},"up":{"uv":[0,5,0.5,5.5],"texture":"#2","rotation":90},"south":{"uv":[0,5,0.5,5.5],"texture":"#2","rotation":90}}},{"__comment":"element","from":[11.9918,10.062,6.3465],"to":[15.09028,10.63203,7.73711],"rotation":{"origin":[13.90352,10.34703,7.04184],"axis":"x","angle":22.5},"faces":{"down":{"uv":[0,5,0.5,5.5],"texture":"#2","rotation":90},"south":{"uv":[0,5,0.5,5.5],"texture":"#2","rotation":90},"west":{"uv":[0,5,0.5,5.5],"texture":"#2","rotation":90},"east":{"uv":[0,5,0.5,5.5],"texture":"#2","rotation":90}}},{"__comment":"element","from":[6.3854,11.673,5.9329],"to":[10.23705,12.47677,7.79331],"faces":{"up":{"uv":[8,0,8.5,0.5],"texture":"#2","rotation":90},"north":{"uv":[8,0,8.5,0.5],"texture":"#2","rotation":90},"south":{"uv":[8,0,8.5,0.5],"texture":"#2","rotation":90}}},{"__comment":"element","from":[-1.6713,11.673,5.9329],"to":[6.5009,13.63677,7.79331],"faces":{"down":{"uv":[8,0,8.5,0.5],"texture":"#2","rotation":90},"up":{"uv":[8,0,8.5,0.5],"texture":"#2","rotation":90},"north":{"uv":[8,0,8.5,0.5],"texture":"#2","rotation":90},"south":{"uv":[8,0,8.5,0.5],"texture":"#2","rotation":90},"west":{"uv":[8,0,8.5,0.5],"texture":"#2","rotation":90},"east":{"uv":[8,0,8.5,0.5],"texture":"#2","rotation":90}}},{"__comment":"element","from":[6.858,10.7776,5.9329],"to":[7.51965,11.00136,7.79331],"rotation":{"origin":[10.98028,12.66841,6.86308],"axis":"z","angle":-22.5},"faces":{"down":{"uv":[8,0,8.5,0.5],"texture":"#2","rotation":90},"up":{"uv":[8,0,8.5,0.5],"texture":"#2","rotation":90},"north":{"uv":[8,0,8.5,0.5],"texture":"#2","rotation":90},"south":{"uv":[8,0,8.5,0.5],"texture":"#2","rotation":90}}},{"__comment":"element","from":[7.4324,9.4621,5.9329],"to":[8.199051,9.68586,7.79331],"rotation":{"origin":[10.98028,12.66841,6.86308],"axis":"z","angle":-45},"faces":{"up":{"uv":[8,0,8.5,0.5],"texture":"#2","rotation":90},"north":{"uv":[8,0,8.5,0.5],"texture":"#2","rotation":90},"south":{"uv":[8,0,8.5,0.5],"texture":"#2","rotation":90}}},{"__comment":"element","from":[-1.4871,14.8431,6.6877],"to":[-1.26333,15.13252,7.0647],"rotation":{"origin":[-4.43207,13.80036,8.85687],"axis":"z","angle":-22.5},"faces":{"north":{"uv":[8,0,8.5,0.5],"texture":"#2","rotation":90},"south":{"uv":[8,0,8.5,0.5],"texture":"#2","rotation":90},"west":{"uv":[8,0,8.5,0.5],"texture":"#2","rotation":90}}},{"__comment":"element","from":[-1.2015,13.6373,6.6877],"to":[-0.9926999,13.9041,7.0647],"faces":{"up":{"uv":[8,0,8.5,0.5],"texture":"#2","rotation":90},"north":{"uv":[8,0,8.5,0.5],"texture":"#2","rotation":90},"south":{"uv":[8,0,8.5,0.5],"texture":"#2","rotation":90}}},{"__comment":"element","from":[-1.4385,12.2906,6.6877],"to":[-1.21474,12.58002,7.0647],"rotation":{"origin":[-4.43207,13.80036,8.85687],"axis":"z","angle":22.5},"faces":{"north":{"uv":[8,0,8.5,0.5],"texture":"#2","rotation":90},"south":{"uv":[8,0,8.5,0.5],"texture":"#2","rotation":90},"east":{"uv":[8,0,8.5,0.5],"texture":"#2","rotation":90}}},{"__comment":"element","from":[10.2187,11.673,5.9329],"to":[16.7321,13.63677,7.79331],"faces":{"up":{"uv":[8,0,8.5,0.5],"texture":"#2","rotation":90},"north":{"uv":[8,0,8.5,0.5],"texture":"#2","rotation":90},"south":{"uv":[8,0,8.5,0.5],"texture":"#2","rotation":90},"west":{"uv":[8,0,8.5,0.5],"texture":"#2","rotation":90},"east":{"uv":[8,0,8.5,0.5],"texture":"#2","rotation":90}}},{"__comment":"element","from":[8.305799,9.4154,5.9329],"to":[9.072459,9.63916,7.79331],"rotation":{"origin":[5.57829,12.91082,6.86308],"axis":"z","angle":45},"faces":{"up":{"uv":[8,0,8.5,0.5],"texture":"#2","rotation":90},"north":{"uv":[8,0,8.5,0.5],"texture":"#2","rotation":90},"south":{"uv":[8,0,8.5,0.5],"texture":"#2","rotation":90}}},{"__comment":"element","from":[9.1333,10.6104,5.9329],"to":[9.79496,10.83416,7.79331],"rotation":{"origin":[5.28829,12.76582,6.86308],"axis":"z","angle":22.5},"faces":{"up":{"uv":[8,0,8.5,0.5],"texture":"#2","rotation":90},"north":{"uv":[8,0,8.5,0.5],"texture":"#2","rotation":90},"south":{"uv":[8,0,8.5,0.5],"texture":"#2","rotation":90}}},{"__comment":"element","from":[16.701,11.673,5.9329],"to":[17.20026,13.16697,7.79331],"faces":{"north":{"uv":[8,0,8.5,0.5],"texture":"#2","rotation":90},"south":{"uv":[8,0,8.5,0.5],"texture":"#2","rotation":90},"east":{"uv":[8,0,8.5,0.5],"texture":"#2","rotation":90}}},{"__comment":"element","from":[15.4482,10.4026,5.9329],"to":[15.94745,11.06659,7.79331],"rotation":{"origin":[13.23705,13.29715,6.86308],"axis":"z","angle":45},"faces":{"north":{"uv":[8,0,8.5,0.5],"texture":"#2","rotation":90},"south":{"uv":[8,0,8.5,0.5],"texture":"#2","rotation":90},"east":{"uv":[8,0,8.5,0.5],"texture":"#2","rotation":90}}},{"__comment":"element","from":[15.2937,13.7817,6.4804],"to":[15.8621,14.0485,6.689199],"faces":{"up":{"uv":[8,0,8.5,0.5],"texture":"#2","rotation":90},"north":{"uv":[8,0,8.5,0.5],"texture":"#2","rotation":90},"south":{"uv":[8,0,8.5,0.5],"texture":"#2","rotation":90},"west":{"uv":[8,0,8.5,0.5],"texture":"#2","rotation":90},"east":{"uv":[8,0,8.5,0.5],"texture":"#2","rotation":90}}},{"__comment":"element","from":[15.2937,13.703,6.6579],"to":[15.8621,13.877,7.06831],"faces":{"up":{"uv":[8,0,8.5,0.5],"texture":"#2","rotation":90},"south":{"uv":[8,0,8.5,0.5],"texture":"#2","rotation":90},"west":{"uv":[8,0,8.5,0.5],"texture":"#2","rotation":90},"east":{"uv":[8,0,8.5,0.5],"texture":"#2","rotation":90}}},{"__comment":"element","from":[15.2937,13.7823,7.0387],"to":[15.8621,14.0491,7.247499],"faces":{"down":{"uv":[8,0,8.5,0.5],"texture":"#2","rotation":90},"up":{"uv":[8,0,8.5,0.5],"texture":"#2","rotation":90},"north":{"uv":[8,0,8.5,0.5],"texture":"#2","rotation":90},"west":{"uv":[8,0,8.5,0.5],"texture":"#2","rotation":90},"east":{"uv":[8,0,8.5,0.5],"texture":"#2","rotation":90}}},{"__comment":"element","from":[15.2937,13.5049,7.3253],"to":[15.8621,13.79432,7.549059],"rotation":{"origin":[12.09793,13.16383,6.75782],"axis":"x","angle":-22.5},"faces":{"north":{"uv":[8,0,8.5,0.5],"texture":"#2","rotation":90},"south":{"uv":[8,0,8.5,0.5],"texture":"#2","rotation":90},"west":{"uv":[8,0,8.5,0.5],"texture":"#2","rotation":90},"east":{"uv":[8,0,8.5,0.5],"texture":"#2","rotation":90}}},{"__comment":"element","from":[15.2937,13.558,6.3679],"to":[15.8621,13.78177,7.35831],"faces":{"up":{"uv":[8,0,8.5,0.5],"texture":"#2","rotation":90},"north":{"uv":[8,0,8.5,0.5],"texture":"#2","rotation":90},"south":{"uv":[8,0,8.5,0.5],"texture":"#2","rotation":90},"west":{"uv":[8,0,8.5,0.5],"texture":"#2","rotation":90},"east":{"uv":[8,0,8.5,0.5],"texture":"#2","rotation":90}}},{"__comment":"element","from":[15.2937,13.7233,6.4379],"to":[15.8621,14.01272,6.66167],"rotation":{"origin":[12.09793,13.9285,6.54977],"axis":"x","angle":22.5},"faces":{"up":{"uv":[8,0,8.5,0.5],"texture":"#2","rotation":90},"north":{"uv":[8,0,8.5,0.5],"texture":"#2","rotation":90},"west":{"uv":[8,0,8.5,0.5],"texture":"#2","rotation":90},"east":{"uv":[8,0,8.5,0.5],"texture":"#2","rotation":90}}},{"__comment":"element","from":[13.6388,15.0268,7.85],"to":[14.8568,15.1602,8.0008],"rotation":{"origin":[11.79299,12.76876,7.7238],"axis":"z","angle":-45},"faces":{"down":{"uv":[8,0,8.5,0.5],"texture":"#2","rotation":90},"up":{"uv":[8,0,8.5,0.5],"texture":"#2","rotation":90},"north":{"uv":[8,0,8.5,0.5],"texture":"#2","rotation":90},"south":{"uv":[8,0,8.5,0.5],"texture":"#2","rotation":90},"west":{"uv":[8,0,8.5,0.5],"texture":"#2","rotation":90},"east":{"uv":[8,0,8.5,0.5],"texture":"#2","rotation":90}}},{"__comment":"element","from":[13.7432,15.5368,7.85],"to":[14.0216,15.6122,8.0008],"rotation":{"origin":[11.35592,13.28406,7.7238],"axis":"z","angle":-45},"faces":{"up":{"uv":[8,0,8.5,0.5],"texture":"#2","rotation":90},"north":{"uv":[8,0,8.5,0.5],"texture":"#2","rotation":90},"south":{"uv":[8,0,8.5,0.5],"texture":"#2","rotation":90}}},{"__comment":"element","from":[14.4026,11.64,7.85],"to":[14.478,11.814,8.0008],"rotation":{"origin":[10.99422,13.06165,7.7238],"axis":"z","angle":22.5},"faces":{"down":{"uv":[8,0,8.5,0.5],"texture":"#2","rotation":90},"up":{"uv":[8,0,8.5,0.5],"texture":"#2","rotation":90},"north":{"uv":[8,0,8.5,0.5],"texture":"#2","rotation":90},"south":{"uv":[8,0,8.5,0.5],"texture":"#2","rotation":90},"west":{"uv":[8,0,8.5,0.5],"texture":"#2","rotation":90}}},{"__comment":"element","from":[15.2929,12.1,7.4],"to":[15.70712,12.6,7.9],"faces":{"down":{"uv":[8,0,8.5,0.5],"texture":"#2","rotation":90},"up":{"uv":[8,0,8.5,0.5],"texture":"#2","rotation":90},"south":{"uv":[8,0,8.5,0.5],"texture":"#2","rotation":90},"west":{"uv":[8,0,8.5,0.5],"texture":"#2","rotation":90},"east":{"uv":[8,0,8.5,0.5],"texture":"#2","rotation":90}}},{"__comment":"element","from":[13.2637,11.673,5.9178],"to":[13.5421,13.6334,7.8086],"faces":{"down":{"uv":[4,4,4.5,4.5],"texture":"#2","rotation":90},"up":{"uv":[4,4,4.5,4.5],"texture":"#2","rotation":90},"north":{"uv":[4,4,4.5,4.5],"texture":"#2","rotation":90},"south":{"uv":[4,4,4.5,4.5],"texture":"#2","rotation":90},"west":{"uv":[4,4,4.5,4.5],"texture":"#2","rotation":90},"east":{"uv":[4,4,4.5,4.5],"texture":"#2","rotation":90}}},{"__comment":"element","from":[13.6987,11.673,5.9178],"to":[13.9771,13.6334,7.8086],"faces":{"down":{"uv":[4,4,4.5,4.5],"texture":"#2","rotation":90},"up":{"uv":[4,4,4.5,4.5],"texture":"#2","rotation":90},"north":{"uv":[4,4,4.5,4.5],"texture":"#2","rotation":90},"south":{"uv":[4,4,4.5,4.5],"texture":"#2","rotation":90},"west":{"uv":[4,4,4.5,4.5],"texture":"#2","rotation":90},"east":{"uv":[4,4,4.5,4.5],"texture":"#2","rotation":90}}},{"__comment":"element","from":[14.1337,11.673,5.9178],"to":[14.4121,13.6334,7.8086],"faces":{"down":{"uv":[4,4,4.5,4.5],"texture":"#2","rotation":90},"up":{"uv":[4,4,4.5,4.5],"texture":"#2","rotation":90},"north":{"uv":[4,4,4.5,4.5],"texture":"#2","rotation":90},"south":{"uv":[4,4,4.5,4.5],"texture":"#2","rotation":90},"west":{"uv":[4,4,4.5,4.5],"texture":"#2","rotation":90},"east":{"uv":[4,4,4.5,4.5],"texture":"#2","rotation":90}}},{"__comment":"element","from":[14.5687,11.673,5.9178],"to":[14.8471,13.6334,7.8086],"faces":{"down":{"uv":[4,4,4.5,4.5],"texture":"#2","rotation":90},"up":{"uv":[4,4,4.5,4.5],"texture":"#2","rotation":90},"north":{"uv":[4,4,4.5,4.5],"texture":"#2","rotation":90},"south":{"uv":[4,4,4.5,4.5],"texture":"#2","rotation":90},"west":{"uv":[4,4,4.5,4.5],"texture":"#2","rotation":90},"east":{"uv":[4,4,4.5,4.5],"texture":"#2","rotation":90}}},{"__comment":"element","from":[15.0037,11.673,5.9178],"to":[15.2821,13.6334,7.8086],"faces":{"down":{"uv":[4,4,4.5,4.5],"texture":"#2","rotation":90},"up":{"uv":[4,4,4.5,4.5],"texture":"#2","rotation":90},"north":{"uv":[4,4,4.5,4.5],"texture":"#2","rotation":90},"south":{"uv":[4,4,4.5,4.5],"texture":"#2","rotation":90},"west":{"uv":[4,4,4.5,4.5],"texture":"#2","rotation":90},"east":{"uv":[4,4,4.5,4.5],"texture":"#2","rotation":90}}},{"__comment":"element","from":[15.4387,11.673,5.9178],"to":[15.7171,13.6334,7.8086],"faces":{"down":{"uv":[4,4,4.5,4.5],"texture":"#2","rotation":90},"up":{"uv":[4,4,4.5,4.5],"texture":"#2","rotation":90},"north":{"uv":[4,4,4.5,4.5],"texture":"#2","rotation":90},"south":{"uv":[4,4,4.5,4.5],"texture":"#2","rotation":90},"west":{"uv":[4,4,4.5,4.5],"texture":"#2","rotation":90},"east":{"uv":[4,4,4.5,4.5],"texture":"#2","rotation":90}}},{"__comment":"element","from":[5.3494,12.978,5.9178],"to":[6.4978,13.4884,7.8086],"faces":{"down":{"uv":[8,0,8.5,0.5],"texture":"#2","rotation":90},"up":{"uv":[8,0,8.5,0.5],"texture":"#2","rotation":90},"north":{"uv":[8,0,8.5,0.5],"texture":"#2","rotation":90},"south":{"uv":[8,0,8.5,0.5],"texture":"#2","rotation":90},"west":{"uv":[8,0,8.5,0.5],"texture":"#2","rotation":90},"east":{"uv":[8,0,8.5,0.5],"texture":"#2","rotation":90}}},{"__comment":"element","from":[-0.7825,10.9246,6.3463],"to":[-0.46177,11.51166,7.379859],"rotation":{"origin":[-0.31899,10.06094,7.0698],"axis":"z","angle":45},"faces":{"down":{"uv":[0,5,0.5,5.5],"texture":"#2","rotation":90},"up":{"uv":[0,5,0.5,5.5],"texture":"#2","rotation":90},"north":{"uv":[0,5,0.5,5.5],"texture":"#2","rotation":90},"south":{"uv":[0,5,0.5,5.5],"texture":"#2","rotation":90},"west":{"uv":[0,5,0.5,5.5],"texture":"#2","rotation":90}}},{"__comment":"element","from":[-1.715,13.3731,5.6418],"to":[-1.425,13.85359,6.8018],"rotation":{"origin":[7.71,12.383,5.4016],"axis":"x","angle":45},"faces":{"north":{"uv":[0,0,0.5,0.5],"texture":"#2"},"south":{"uv":[0,0,0.5,0.5],"texture":"#2"},"west":{"uv":[0,0,0.5,0.5],"texture":"#2"},"east":{"uv":[0,0,0.5,0.5],"texture":"#2"}}},{"__comment":"element","from":[-1.715,12.4328,6.2716],"to":[-1.425,12.91328,7.4316],"faces":{"north":{"uv":[0,0,0.5,0.5],"texture":"#2"},"south":{"uv":[0,0,0.5,0.5],"texture":"#2"},"west":{"uv":[0,0,0.5,0.5],"texture":"#2"}}},{"__comment":"element","from":[-1.715,13.0334,5.9816],"to":[-1.425,14.1934,6.46209],"rotation":{"origin":[7.71,12.383,5.4016],"axis":"x","angle":45},"faces":{"down":{"uv":[0,0,0.5,0.5],"texture":"#2"},"up":{"uv":[0,0,0.5,0.5],"texture":"#2"},"west":{"uv":[0,0,0.5,0.5],"texture":"#2"},"east":{"uv":[0,0,0.5,0.5],"texture":"#2"}}},{"__comment":"element","from":[-1.715,12.093,6.6114],"to":[-1.425,13.253,7.091879],"faces":{"down":{"uv":[0,0,0.5,0.5],"texture":"#2"},"up":{"uv":[0,0,0.5,0.5],"texture":"#2"},"west":{"uv":[0,0,0.5,0.5],"texture":"#2"}}}],"display":{"thirdperson_righthand":{"rotation":[0,-90,0],"translation":[-0.5,-0.391,-0.163],"scale":[0.45,0.45,0.45]},"thirdperson_lefthand":{"rotation":[0,90,0],"translation":[-0.5,-0.391,-0.163],"scale":[0.45,0.45,0.45]},"firstperson_righthand":{"rotation":[0,-90,0],"translation":[2.0869,-1.391,-8.347],"scale":[0.8,0.8,0.8]},"firstperson_lefthand":{"rotation":[0,90,0],"translation":[2.0869,-1.391,-8.347],"scale":[0.8,0.8,0.8]},"gui":{"rotation":[0,0,-29],"translation":[-1.391,0.3913,0],"scale":[0.6386,0.6757,0.6757]},"ground":{"rotation":[90,0,0],"scale":[0.4,0.4,0.4]},"fixed":{"rotation":[0,-179.75,0],"translation":[0.25,0,-2]}}}
