{"__comment":"designed_by_yom_with_cubik_studio_-_https://cubik.studio","textures":{"0":"custom/black2","1":"custom/gray","2":"custom/middle","particle":"custom/black2"},"elements":[{"__comment":"element","from":[7.5494,7.5,3.25],"to":[8.4494,8.75,4.25],"faces":{"down":{"uv":[8,8,15.899,16],"texture":"#0"},"up":{"uv":[8,8,15.899,16],"texture":"#0"},"south":{"uv":[8,8,15.899,16],"texture":"#0"},"west":{"uv":[8,8,15.899,16],"texture":"#0"},"east":{"uv":[8,8,15.899,16],"texture":"#0"}}},{"__comment":"element","from":[7.5494,3.434,6.25],"to":[8.4494,4.684,7.25],"rotation":{"origin":[15.5494,15.5,15.5],"axis":"x","angle":22.5},"faces":{"down":{"uv":[8,8,15.899,16],"texture":"#0"},"up":{"uv":[8,8,15.899,16],"texture":"#0"},"north":{"uv":[8,8,15.899,16],"texture":"#0"},"west":{"uv":[8,8,15.899,16],"texture":"#0"},"east":{"uv":[8,8,15.899,16],"texture":"#0"}}},{"__comment":"element","from":[7.5494,0.82,10.56],"to":[8.4494,2.07,11.56],"rotation":{"origin":[15.5494,15.5,15.5],"axis":"x","angle":45},"faces":{"up":{"uv":[8,8,15.899,16],"texture":"#0"},"south":{"uv":[8,8,15.899,16],"texture":"#0"},"west":{"uv":[8,8,15.899,16],"texture":"#0"},"east":{"uv":[8,8,15.899,16],"texture":"#0"}}},{"__comment":"element","from":[7.5494,14.44,0.05],"to":[8.4494,15.44,1.3],"rotation":{"origin":[15.5494,15.5,15.5],"axis":"x","angle":-22.5},"faces":{"south":{"uv":[8,8,15.899,16],"texture":"#0"},"west":{"uv":[8,8,15.899,16],"texture":"#0"},"east":{"uv":[8,8,15.899,16],"texture":"#0"}}},{"__comment":"element","from":[7.5094,14.4,-0.06],"to":[8.4894,15.48,1.27],"rotation":{"origin":[15.5494,15.5,15.5],"axis":"x","angle":-22.5},"faces":{"down":{"uv":[8,8,15.899,16],"texture":"#0"},"up":{"uv":[8,8,15.899,16],"texture":"#0"},"north":{"uv":[8,8,15.899,16],"texture":"#0"},"west":{"uv":[8,8,15.899,16],"texture":"#0"},"east":{"uv":[8,8,15.899,16],"texture":"#0"}}},{"__comment":"element","from":[7.5094,19.4,0.71],"to":[8.4894,20.48,2.04],"rotation":{"origin":[15.5494,15.5,15.5],"axis":"x","angle":-45},"faces":{"down":{"uv":[8,8,15.899,16],"texture":"#0"},"up":{"uv":[8,8,15.899,16],"texture":"#0"},"north":{"uv":[8,8,15.899,16],"texture":"#0"},"west":{"uv":[8,8,15.899,16],"texture":"#0"},"east":{"uv":[8,8,15.899,16],"texture":"#0"}}},{"__comment":"element","from":[7.5094,3.327,6.25],"to":[8.4894,4.657,7.33],"rotation":{"origin":[15.5494,15.5,15.5],"axis":"x","angle":22.5},"faces":{"down":{"uv":[8,8,15.899,16],"texture":"#0"},"north":{"uv":[8,8,15.899,16],"texture":"#0"},"south":{"uv":[8,8,15.899,16],"texture":"#0"},"west":{"uv":[8,8,15.899,16],"texture":"#0"},"east":{"uv":[8,8,15.899,16],"texture":"#0"}}},{"__comment":"element","from":[7.5494,9.52,1.264],"to":[8.4494,10.77,2.514],"faces":{"north":{"uv":[8,8,15.899,16],"texture":"#0"},"south":{"uv":[8,8,15.899,16],"texture":"#0"},"west":{"uv":[8,8,15.899,16],"texture":"#0"},"east":{"uv":[8,8,15.899,16],"texture":"#0"}}},{"__comment":"element","from":[7.5494,2.27,9.264],"to":[8.4494,3.27,10.014],"rotation":{"origin":[15.5494,15.5,15.5],"axis":"x","angle":45},"faces":{"up":{"uv":[8,8,15.899,16],"texture":"#0"},"south":{"uv":[8,8,15.899,16],"texture":"#0"},"west":{"uv":[8,8,15.899,16],"texture":"#0"},"east":{"uv":[8,8,15.899,16],"texture":"#0"}}},{"__comment":"element","from":[7.5494,2.27,12.264],"to":[8.4494,3.77,12.764],"rotation":{"origin":[15.5494,15.5,15.5],"axis":"x","angle":45},"faces":{"up":{"uv":[8,8,15.899,16],"texture":"#0"},"north":{"uv":[8,8,15.899,16],"texture":"#0"},"south":{"uv":[8,8,15.899,16],"texture":"#0"},"west":{"uv":[8,8,15.899,16],"texture":"#0"},"east":{"uv":[8,8,15.899,16],"texture":"#0"}}},{"__comment":"element","from":[7.5494,19.02,4.43],"to":[8.4494,20.27,4.93],"rotation":{"origin":[15.5494,15.5,15.5],"axis":"x","angle":-45},"faces":{"north":{"uv":[8,8,15.899,16],"texture":"#0"},"west":{"uv":[8,8,15.899,16],"texture":"#0"},"east":{"uv":[8,8,15.899,16],"texture":"#0"}}},{"__comment":"element","from":[7.5494,8.736,5.02],"to":[8.4494,11.236,6.02],"faces":{"north":{"uv":[8,8,15.899,16],"texture":"#0"},"south":{"uv":[8,8,15.899,16],"texture":"#0"},"west":{"uv":[8,8,15.899,16],"texture":"#0"},"east":{"uv":[8,8,15.899,16],"texture":"#0"}}},{"__comment":"element","from":[7.8494,9.736,4.52],"to":[8.149399,11.236,5.52],"faces":{"down":{"uv":[8,8,15.899,16],"texture":"#0"},"west":{"uv":[8,8,15.899,16],"texture":"#0"},"east":{"uv":[8,8,15.899,16],"texture":"#0"}}},{"__comment":"element","from":[7.7744,9.486,4.42],"to":[8.2244,11.236,4.52],"faces":{"down":{"uv":[8,8,15.899,16],"texture":"#0"},"north":{"uv":[8,8,15.899,16],"texture":"#0"},"south":{"uv":[8,8,15.899,16],"texture":"#0"},"west":{"uv":[8,8,15.899,16],"texture":"#0"},"east":{"uv":[8,8,15.899,16],"texture":"#0"}}},{"__comment":"element","from":[7.7744,14.736,3.17],"to":[8.2244,15.986,4.02],"rotation":{"origin":[15.7744,15.5,15.5],"axis":"x","angle":-22.5},"faces":{"down":{"uv":[8,8,15.899,16],"texture":"#0"},"north":{"uv":[8,8,15.899,16],"texture":"#0"},"west":{"uv":[8,8,15.899,16],"texture":"#0"},"east":{"uv":[8,8,15.899,16],"texture":"#0"}}},{"__comment":"element","from":[7.7744,19.736,3.92],"to":[8.2244,20.736,4.77],"rotation":{"origin":[15.7744,15.5,15.5],"axis":"x","angle":-45},"faces":{"north":{"uv":[8,8,15.899,16],"texture":"#0"},"west":{"uv":[8,8,15.899,16],"texture":"#0"},"east":{"uv":[8,8,15.899,16],"texture":"#0"}}},{"__comment":"element","from":[7.5494,8.736,4.68],"to":[8.4494,9.236,6.18],"faces":{"down":{"uv":[8,8,15.899,16],"texture":"#0"},"west":{"uv":[8,8,15.899,16],"texture":"#0"},"east":{"uv":[8,8,15.899,16],"texture":"#0"}}},{"__comment":"element","from":[7.5494,8.736,4.9],"to":[8.4494,9.486,5.4],"faces":{"up":{"uv":[8,8,15.899,16],"texture":"#0"},"north":{"uv":[8,8,15.899,16],"texture":"#0"},"west":{"uv":[8,8,15.899,16],"texture":"#0"},"east":{"uv":[8,8,15.899,16],"texture":"#0"}}},{"__comment":"element","from":[7.5494,8.236,9.02],"to":[8.4494,11.236,10.27],"faces":{"north":{"uv":[8,8,15.899,16],"texture":"#0"},"west":{"uv":[8,8,15.899,16],"texture":"#0"},"east":{"uv":[8,8,15.899,16],"texture":"#0"}}},{"__comment":"element","from":[7.5494,8.236,9.8],"to":[8.4494,11.736,12.55],"faces":{"down":{"uv":[8,8,15.899,16],"texture":"#0"},"south":{"uv":[8,8,15.899,16],"texture":"#0"},"west":{"uv":[8,8,15.899,16],"texture":"#0"},"east":{"uv":[8,8,15.899,16],"texture":"#0"}}},{"__comment":"element","from":[7.5494,5.486,8.77],"to":[8.4494,6.236,12.02],"rotation":{"origin":[15.5494,15.5,15.5],"axis":"x","angle":22.5},"faces":{"down":{"uv":[8,8,15.899,16],"texture":"#0"},"up":{"uv":[8,8,15.899,16],"texture":"#0"},"south":{"uv":[8,8,15.899,16],"texture":"#0"},"west":{"uv":[8,8,15.899,16],"texture":"#0"},"east":{"uv":[8,8,15.899,16],"texture":"#0"}}},{"__comment":"element","from":[7.5494,7.6,8.429999],"to":[8.4494,8.35,10.18],"faces":{"down":{"uv":[8,8,15.899,16],"texture":"#0"},"south":{"uv":[8,8,15.899,16],"texture":"#0"},"west":{"uv":[8,8,15.899,16],"texture":"#0"},"east":{"uv":[8,8,15.899,16],"texture":"#0"}}},{"__comment":"element","from":[7.5494,10.25,7.54],"to":[8.4494,14,9.29],"rotation":{"origin":[15.5494,15.5,15.5],"axis":"x","angle":-22.5},"faces":{"down":{"uv":[8,8,15.899,16],"texture":"#0"},"west":{"uv":[8,8,15.899,16],"texture":"#0"},"east":{"uv":[8,8,15.899,16],"texture":"#0"}}},{"__comment":"element","from":[7.5494,3.986,12.27],"to":[8.4494,4.636,13.52],"rotation":{"origin":[15.5494,15.5,15.5],"axis":"x","angle":45},"faces":{"up":{"uv":[8,8,15.899,16],"texture":"#0"},"west":{"uv":[8,8,15.899,16],"texture":"#0"},"east":{"uv":[8,8,15.899,16],"texture":"#0"}}},{"__comment":"element","from":[7.5494,4.73,11.736],"to":[8.4494,5.98,12.386],"rotation":{"origin":[15.5494,15.5,15.5],"axis":"x","angle":45},"faces":{"south":{"uv":[8,8,15.899,16],"texture":"#0"},"west":{"uv":[8,8,15.899,16],"texture":"#0"},"east":{"uv":[8,8,15.899,16],"texture":"#0"}}},{"__comment":"element","from":[7.5494,11.364,5.73],"to":[8.4494,12.014,6.98],"rotation":{"origin":[15.5494,15.5,15.5],"axis":"x","angle":-22.5},"faces":{"up":{"uv":[8,8,15.899,16],"texture":"#0"},"west":{"uv":[8,8,15.899,16],"texture":"#0"},"east":{"uv":[8,8,15.899,16],"texture":"#0"}}},{"__comment":"element","from":[7.5494,8.113999,7.48],"to":[8.4494,8.763999,8.73],"faces":{"up":{"uv":[8,8,15.899,16],"texture":"#0"},"west":{"uv":[8,8,15.899,16],"texture":"#0"},"east":{"uv":[8,8,15.899,16],"texture":"#0"}}},{"__comment":"element","from":[7.5494,13.48,3.986],"to":[8.4494,14.73,4.566],"rotation":{"origin":[15.5494,15.5,15.5],"axis":"x","angle":-22.5},"faces":{"south":{"uv":[8,8,15.899,16],"texture":"#0"},"west":{"uv":[8,8,15.899,16],"texture":"#0"},"east":{"uv":[8,8,15.899,16],"texture":"#0"}}},{"__comment":"element","from":[7.5494,6.73,8.236],"to":[8.4494,7.98,8.756],"rotation":{"origin":[15.5494,15.5,15.5],"axis":"x","angle":22.5},"faces":{"south":{"uv":[8,8,15.899,16],"texture":"#0"},"west":{"uv":[8,8,15.899,16],"texture":"#0"},"east":{"uv":[8,8,15.899,16],"texture":"#0"}}},{"__comment":"element","from":[7.5494,5.48,15.236],"to":[8.4494,6.73,15.816],"rotation":{"origin":[15.5494,15.5,15.5],"axis":"x","angle":45},"faces":{"north":{"uv":[8,8,15.899,16],"texture":"#0"},"west":{"uv":[8,8,15.899,16],"texture":"#0"},"east":{"uv":[8,8,15.899,16],"texture":"#0"}}},{"__comment":"element","from":[7.5494,16.23,7.35],"to":[8.4494,17.48,7.93],"rotation":{"origin":[15.5494,15.5,15.5],"axis":"x","angle":-45},"faces":{"north":{"uv":[8,8,15.899,16],"texture":"#0"},"west":{"uv":[8,8,15.899,16],"texture":"#0"},"east":{"uv":[8,8,15.899,16],"texture":"#0"}}},{"__comment":"element","from":[7.5494,8.599999,10.27],"to":[8.4494,9.179999,11.27],"rotation":{"origin":[15.5494,15.5,15.5],"axis":"x","angle":22.5},"faces":{"west":{"uv":[8,8,15.899,16],"texture":"#0"},"east":{"uv":[8,8,15.899,16],"texture":"#0"}}},{"__comment":"element","from":[7.5494,6.73,11.736],"to":[8.4494,7.98,12.316],"rotation":{"origin":[15.5494,15.5,15.5],"axis":"x","angle":22.5},"faces":{"north":{"uv":[8,8,15.899,16],"texture":"#0"},"west":{"uv":[8,8,15.899,16],"texture":"#0"},"east":{"uv":[8,8,15.899,16],"texture":"#0"}}},{"__comment":"element","from":[7.5494,12.73,7.486],"to":[8.4494,13.98,8.066],"rotation":{"origin":[15.5494,15.5,15.5],"axis":"x","angle":-22.5},"faces":{"north":{"uv":[8,8,15.899,16],"texture":"#0"},"west":{"uv":[8,8,15.899,16],"texture":"#0"},"east":{"uv":[8,8,15.899,16],"texture":"#0"}}},{"__comment":"element","from":[7.5494,10.736,0.02],"to":[8.4494,11.736,10.27],"faces":{"down":{"uv":[8,8,15.899,16],"texture":"#0"},"up":{"uv":[8,8,15.899,16],"texture":"#0"},"north":{"uv":[8,8,15.899,16],"texture":"#0"},"west":{"uv":[8,8,15.899,16],"texture":"#0"},"east":{"uv":[8,8,15.899,16],"texture":"#0"}}},{"__comment":"element","from":[7.5744,11.736,0.02],"to":[8.4244,12.736,5.52],"faces":{"up":{"uv":[8,8,15.899,16],"texture":"#0"},"north":{"uv":[8,8,15.899,16],"texture":"#0"},"west":{"uv":[8,8,15.899,16],"texture":"#0"},"east":{"uv":[8,8,15.899,16],"texture":"#0"}}},{"__comment":"element","from":[7.4806,12.736,0.02],"to":[8.4806,14.806,0.27],"faces":{"north":{"uv":[8,8,15.899,16],"texture":"#0"},"south":{"uv":[8,8,15.899,16],"texture":"#0"},"west":{"uv":[8,8,15.899,16],"texture":"#0"}}},{"__comment":"element","from":[7.4806,20.54,0.9299999],"to":[8.4806,20.79,1.5],"rotation":{"origin":[15.48065,15.5,15.5],"axis":"x","angle":-22.5},"faces":{"up":{"uv":[8,8,15.899,16],"texture":"#0"},"north":{"uv":[8,8,15.899,16],"texture":"#0"},"west":{"uv":[8,8,15.899,16],"texture":"#0"},"east":{"uv":[8,8,15.899,16],"texture":"#0"}}},{"__comment":"element","from":[7.4806,12.736,0.02],"to":[8.4806,13.056,0.77],"faces":{"down":{"uv":[8,8,15.899,16],"texture":"#0"},"up":{"uv":[8,8,15.899,16],"texture":"#0"},"west":{"uv":[8,8,15.899,16],"texture":"#0"}}},{"__comment":"element","from":[7.4806,14.486,0.02],"to":[8.4806,14.806,0.77],"faces":{"down":{"uv":[8,8,15.899,16],"texture":"#0"},"west":{"uv":[8,8,15.899,16],"texture":"#0"}}},{"__comment":"element","from":[7.5556,12.736,0.02],"to":[8.555599,14.806,0.8],"faces":{"down":{"uv":[8,8,15.899,16],"texture":"#0"},"up":{"uv":[8,8,15.899,16],"texture":"#0"},"north":{"uv":[8,8,15.899,16],"texture":"#0"},"south":{"uv":[8,8,15.899,16],"texture":"#0"},"west":{"uv":[8,8,15.899,16],"texture":"#0"},"east":{"uv":[8,8,15.899,16],"texture":"#0"}}},{"__comment":"element","from":[7.4806,12.736,0.77],"to":[8.4806,14.806,1.02],"faces":{"down":{"uv":[8,8,15.899,16],"texture":"#0"},"north":{"uv":[8,8,15.899,16],"texture":"#0"},"south":{"uv":[8,8,15.899,16],"texture":"#0"},"west":{"uv":[8,8,15.899,16],"texture":"#0"},"east":{"uv":[8,8,15.899,16],"texture":"#0"}}},{"__comment":"element","from":[7.4806,14.236,0.77],"to":[8.4806,15.056,5.02],"faces":{"down":{"uv":[8,8,15.899,16],"texture":"#0"},"up":{"uv":[8,8,15.899,16],"texture":"#0"},"west":{"uv":[8,8,15.899,16],"texture":"#0"},"east":{"uv":[8,8,15.899,16],"texture":"#0"}}},{"__comment":"element","from":[7.2306,14.36,1.52],"to":[7.3306,14.93,4.77],"faces":{"down":{"uv":[8,8,15.899,16],"texture":"#0"},"up":{"uv":[8,8,15.899,16],"texture":"#0"},"north":{"uv":[8,8,15.899,16],"texture":"#0"},"south":{"uv":[8,8,15.899,16],"texture":"#0"},"west":{"uv":[8,8,15.899,16],"texture":"#0"},"east":{"uv":[8,8,15.899,16],"texture":"#0"}}},{"__comment":"element","from":[7.1,14.36,1.52],"to":[7.3,14.93,1.62],"faces":{"down":{"uv":[8,8,15.899,16],"texture":"#0"},"up":{"uv":[8,8,15.899,16],"texture":"#0"},"north":{"uv":[8,8,15.899,16],"texture":"#0"},"south":{"uv":[8,8,15.899,16],"texture":"#0"},"west":{"uv":[8,8,15.899,16],"texture":"#0"}}},{"__comment":"element","from":[8.7,14.36,1.52],"to":[8.9,14.93,1.62],"faces":{"down":{"uv":[8,8,15.899,16],"texture":"#0"},"up":{"uv":[8,8,15.899,16],"texture":"#0"},"north":{"uv":[8,8,15.899,16],"texture":"#0"},"south":{"uv":[8,8,15.899,16],"texture":"#0"},"east":{"uv":[8,8,15.899,16],"texture":"#0"}}},{"__comment":"element","from":[7.1,14.36,2.52],"to":[7.3,14.93,2.62],"faces":{"down":{"uv":[8,8,15.899,16],"texture":"#0"},"up":{"uv":[8,8,15.899,16],"texture":"#0"},"north":{"uv":[8,8,15.899,16],"texture":"#0"},"south":{"uv":[8,8,15.899,16],"texture":"#0"},"west":{"uv":[8,8,15.899,16],"texture":"#0"}}},{"__comment":"element","from":[8.7,14.36,2.52],"to":[8.9,14.93,2.62],"faces":{"down":{"uv":[8,8,15.899,16],"texture":"#0"},"up":{"uv":[8,8,15.899,16],"texture":"#0"},"north":{"uv":[8,8,15.899,16],"texture":"#0"},"south":{"uv":[8,8,15.899,16],"texture":"#0"},"east":{"uv":[8,8,15.899,16],"texture":"#0"}}},{"__comment":"element","from":[7.1,14.36,3.52],"to":[7.3,14.93,3.62],"faces":{"down":{"uv":[8,8,15.899,16],"texture":"#0"},"up":{"uv":[8,8,15.899,16],"texture":"#0"},"north":{"uv":[8,8,15.899,16],"texture":"#0"},"south":{"uv":[8,8,15.899,16],"texture":"#0"},"west":{"uv":[8,8,15.899,16],"texture":"#0"}}},{"__comment":"element","from":[8.7,14.36,3.52],"to":[8.9,14.93,3.62],"faces":{"down":{"uv":[8,8,15.899,16],"texture":"#0"},"up":{"uv":[8,8,15.899,16],"texture":"#0"},"north":{"uv":[8,8,15.899,16],"texture":"#0"},"south":{"uv":[8,8,15.899,16],"texture":"#0"},"east":{"uv":[8,8,15.899,16],"texture":"#0"}}},{"__comment":"element","from":[7.1,14.36,2.02],"to":[7.3,14.93,2.12],"faces":{"down":{"uv":[8,8,15.899,16],"texture":"#0"},"up":{"uv":[8,8,15.899,16],"texture":"#0"},"north":{"uv":[8,8,15.899,16],"texture":"#0"},"south":{"uv":[8,8,15.899,16],"texture":"#0"},"west":{"uv":[8,8,15.899,16],"texture":"#0"}}},{"__comment":"element","from":[8.7,14.36,2.02],"to":[8.9,14.93,2.12],"faces":{"down":{"uv":[8,8,15.899,16],"texture":"#0"},"up":{"uv":[8,8,15.899,16],"texture":"#0"},"north":{"uv":[8,8,15.899,16],"texture":"#0"},"south":{"uv":[8,8,15.899,16],"texture":"#0"},"east":{"uv":[8,8,15.899,16],"texture":"#0"}}},{"__comment":"element","from":[7.1,14.36,3.02],"to":[7.3,14.93,3.12],"faces":{"down":{"uv":[8,8,15.899,16],"texture":"#0"},"up":{"uv":[8,8,15.899,16],"texture":"#0"},"north":{"uv":[8,8,15.899,16],"texture":"#0"},"south":{"uv":[8,8,15.899,16],"texture":"#0"},"west":{"uv":[8,8,15.899,16],"texture":"#0"}}},{"__comment":"element","from":[8.7,14.36,3.02],"to":[8.9,14.93,3.12],"faces":{"down":{"uv":[8,8,15.899,16],"texture":"#0"},"up":{"uv":[8,8,15.899,16],"texture":"#0"},"north":{"uv":[8,8,15.899,16],"texture":"#0"},"south":{"uv":[8,8,15.899,16],"texture":"#0"},"east":{"uv":[8,8,15.899,16],"texture":"#0"}}},{"__comment":"element","from":[7.1,14.36,4.02],"to":[7.3,14.93,4.12],"faces":{"down":{"uv":[8,8,15.899,16],"texture":"#0"},"up":{"uv":[8,8,15.899,16],"texture":"#0"},"north":{"uv":[8,8,15.899,16],"texture":"#0"},"south":{"uv":[8,8,15.899,16],"texture":"#0"},"west":{"uv":[8,8,15.899,16],"texture":"#0"}}},{"__comment":"element","from":[8.7,14.36,4.02],"to":[8.9,14.93,4.12],"faces":{"down":{"uv":[8,8,15.899,16],"texture":"#0"},"up":{"uv":[8,8,15.899,16],"texture":"#0"},"north":{"uv":[8,8,15.899,16],"texture":"#0"},"south":{"uv":[8,8,15.899,16],"texture":"#0"},"east":{"uv":[8,8,15.899,16],"texture":"#0"}}},{"__comment":"element","from":[7.1,14.36,1.77],"to":[7.3,14.93,1.87],"faces":{"down":{"uv":[8,8,15.899,16],"texture":"#0"},"up":{"uv":[8,8,15.899,16],"texture":"#0"},"north":{"uv":[8,8,15.899,16],"texture":"#0"},"south":{"uv":[8,8,15.899,16],"texture":"#0"},"west":{"uv":[8,8,15.899,16],"texture":"#0"}}},{"__comment":"element","from":[8.7,14.36,1.77],"to":[8.9,14.93,1.87],"faces":{"down":{"uv":[8,8,15.899,16],"texture":"#0"},"up":{"uv":[8,8,15.899,16],"texture":"#0"},"north":{"uv":[8,8,15.899,16],"texture":"#0"},"south":{"uv":[8,8,15.899,16],"texture":"#0"},"east":{"uv":[8,8,15.899,16],"texture":"#0"}}},{"__comment":"element","from":[7.1,14.36,2.77],"to":[7.3,14.93,2.87],"faces":{"down":{"uv":[8,8,15.899,16],"texture":"#0"},"up":{"uv":[8,8,15.899,16],"texture":"#0"},"north":{"uv":[8,8,15.899,16],"texture":"#0"},"south":{"uv":[8,8,15.899,16],"texture":"#0"},"west":{"uv":[8,8,15.899,16],"texture":"#0"}}},{"__comment":"element","from":[8.7,14.36,2.77],"to":[8.9,14.93,2.87],"faces":{"down":{"uv":[8,8,15.899,16],"texture":"#0"},"up":{"uv":[8,8,15.899,16],"texture":"#0"},"north":{"uv":[8,8,15.899,16],"texture":"#0"},"south":{"uv":[8,8,15.899,16],"texture":"#0"},"east":{"uv":[8,8,15.899,16],"texture":"#0"}}},{"__comment":"element","from":[7.1,14.36,3.77],"to":[7.3,14.93,3.87],"faces":{"down":{"uv":[8,8,15.899,16],"texture":"#0"},"up":{"uv":[8,8,15.899,16],"texture":"#0"},"north":{"uv":[8,8,15.899,16],"texture":"#0"},"south":{"uv":[8,8,15.899,16],"texture":"#0"},"west":{"uv":[8,8,15.899,16],"texture":"#0"}}},{"__comment":"element","from":[8.7,14.36,3.77],"to":[8.9,14.93,3.87],"faces":{"down":{"uv":[8,8,15.899,16],"texture":"#0"},"up":{"uv":[8,8,15.899,16],"texture":"#0"},"north":{"uv":[8,8,15.899,16],"texture":"#0"},"south":{"uv":[8,8,15.899,16],"texture":"#0"},"east":{"uv":[8,8,15.899,16],"texture":"#0"}}},{"__comment":"element","from":[7.1,14.36,2.27],"to":[7.3,14.93,2.37],"faces":{"down":{"uv":[8,8,15.899,16],"texture":"#0"},"up":{"uv":[8,8,15.899,16],"texture":"#0"},"north":{"uv":[8,8,15.899,16],"texture":"#0"},"south":{"uv":[8,8,15.899,16],"texture":"#0"},"west":{"uv":[8,8,15.899,16],"texture":"#0"}}},{"__comment":"element","from":[8.7,14.36,2.27],"to":[8.9,14.93,2.37],"faces":{"down":{"uv":[8,8,15.899,16],"texture":"#0"},"up":{"uv":[8,8,15.899,16],"texture":"#0"},"north":{"uv":[8,8,15.899,16],"texture":"#0"},"south":{"uv":[8,8,15.899,16],"texture":"#0"},"east":{"uv":[8,8,15.899,16],"texture":"#0"}}},{"__comment":"element","from":[7.1,14.36,3.27],"to":[7.3,14.93,3.37],"faces":{"down":{"uv":[8,8,15.899,16],"texture":"#0"},"up":{"uv":[8,8,15.899,16],"texture":"#0"},"north":{"uv":[8,8,15.899,16],"texture":"#0"},"south":{"uv":[8,8,15.899,16],"texture":"#0"},"west":{"uv":[8,8,15.899,16],"texture":"#0"}}},{"__comment":"element","from":[8.7,14.36,3.27],"to":[8.9,14.93,3.37],"faces":{"down":{"uv":[8,8,15.899,16],"texture":"#0"},"up":{"uv":[8,8,15.899,16],"texture":"#0"},"north":{"uv":[8,8,15.899,16],"texture":"#0"},"south":{"uv":[8,8,15.899,16],"texture":"#0"},"east":{"uv":[8,8,15.899,16],"texture":"#0"}}},{"__comment":"element","from":[7.1,14.36,4.27],"to":[7.3,14.93,4.37],"faces":{"down":{"uv":[8,8,15.899,16],"texture":"#0"},"up":{"uv":[8,8,15.899,16],"texture":"#0"},"north":{"uv":[8,8,15.899,16],"texture":"#0"},"south":{"uv":[8,8,15.899,16],"texture":"#0"},"west":{"uv":[8,8,15.899,16],"texture":"#0"}}},{"__comment":"element","from":[8.7,14.36,4.27],"to":[8.9,14.93,4.37],"faces":{"down":{"uv":[8,8,15.899,16],"texture":"#0"},"up":{"uv":[8,8,15.899,16],"texture":"#0"},"north":{"uv":[8,8,15.899,16],"texture":"#0"},"south":{"uv":[8,8,15.899,16],"texture":"#0"},"east":{"uv":[8,8,15.899,16],"texture":"#0"}}},{"__comment":"element","from":[7.1,14.36,4.52],"to":[7.3,14.93,4.77],"faces":{"down":{"uv":[8,8,15.899,16],"texture":"#0"},"up":{"uv":[8,8,15.899,16],"texture":"#0"},"north":{"uv":[8,8,15.899,16],"texture":"#0"},"south":{"uv":[8,8,15.899,16],"texture":"#0"},"west":{"uv":[8,8,15.899,16],"texture":"#0"}}},{"__comment":"element","from":[8.7,14.36,4.52],"to":[8.9,14.93,4.77],"faces":{"down":{"uv":[8,8,15.899,16],"texture":"#0"},"up":{"uv":[8,8,15.899,16],"texture":"#0"},"north":{"uv":[8,8,15.899,16],"texture":"#0"},"south":{"uv":[8,8,15.899,16],"texture":"#0"},"east":{"uv":[8,8,15.899,16],"texture":"#0"}}},{"__comment":"element","from":[7.325,14.45,1.52],"to":[8.675,14.85,4.77],"faces":{"down":{"uv":[8,8,15.899,16],"texture":"#0"},"up":{"uv":[8,8,15.899,16],"texture":"#0"},"north":{"uv":[8,8,15.899,16],"texture":"#0"},"south":{"uv":[8,8,15.899,16],"texture":"#0"}}},{"__comment":"element","from":[8.6694,14.36,1.52],"to":[8.769401,14.93,4.77],"faces":{"down":{"uv":[8,8,15.899,16],"texture":"#0"},"up":{"uv":[8,8,15.899,16],"texture":"#0"},"north":{"uv":[8,8,15.899,16],"texture":"#0"},"south":{"uv":[8,8,15.899,16],"texture":"#0"},"west":{"uv":[8,8,15.899,16],"texture":"#0"},"east":{"uv":[8,8,15.899,16],"texture":"#0"}}},{"__comment":"element","from":[7.9187,17.34,0.52],"to":[8.418699,18.16,6.02],"rotation":{"origin":[15.48065,15.5,15.5],"axis":"z","angle":22.5},"faces":{"up":{"uv":[8,8,15.899,16],"texture":"#0"},"north":{"uv":[8,8,15.899,16],"texture":"#0"},"south":{"uv":[8,8,15.899,16],"texture":"#0"},"west":{"uv":[8,8,15.899,16],"texture":"#0"}}},{"__comment":"element","from":[7.787,17.33,0.52],"to":[8.036999,18.15,6.02],"rotation":{"origin":[0.5167,15.5,15.5],"axis":"z","angle":-22.5},"faces":{"up":{"uv":[8,8,15.899,16],"texture":"#0"},"north":{"uv":[8,8,15.899,16],"texture":"#0"},"south":{"uv":[8,8,15.899,16],"texture":"#0"},"east":{"uv":[8,8,15.899,16],"texture":"#0"}}},{"__comment":"element","from":[7.4806,13.736,5.02],"to":[8.4806,15.06,6.02],"faces":{"down":{"uv":[8,8,15.899,16],"texture":"#0"},"up":{"uv":[8,8,15.899,16],"texture":"#0"},"north":{"uv":[8,8,15.899,16],"texture":"#0"},"south":{"uv":[8,8,15.899,16],"texture":"#0"},"west":{"uv":[8,8,15.899,16],"texture":"#0"},"east":{"uv":[8,8,15.899,16],"texture":"#0"}}},{"__comment":"element","from":[7.7187,14.236,-0.48],"to":[8.2787,15.556,6.02],"faces":{"up":{"uv":[8,8,15.899,16],"texture":"#0"},"north":{"uv":[8,8,15.899,16],"texture":"#0"},"west":{"uv":[8,8,15.899,16],"texture":"#0"},"east":{"uv":[8,8,15.899,16],"texture":"#0"}}},{"__comment":"element","from":[7.7187,14.81,-0.48],"to":[8.2787,15.63,-0.38],"faces":{"up":{"uv":[8,8,15.899,16],"texture":"#0"},"north":{"uv":[8,8,15.899,16],"texture":"#0"},"south":{"uv":[8,8,15.899,16],"texture":"#0"},"west":{"uv":[8,8,15.899,16],"texture":"#0"},"east":{"uv":[8,8,15.899,16],"texture":"#0"}}},{"__comment":"element","from":[7.7187,14.81,0.52],"to":[8.2787,15.63,0.62],"faces":{"up":{"uv":[8,8,15.899,16],"texture":"#0"},"north":{"uv":[8,8,15.899,16],"texture":"#0"},"south":{"uv":[8,8,15.899,16],"texture":"#0"},"west":{"uv":[8,8,15.899,16],"texture":"#0"},"east":{"uv":[8,8,15.899,16],"texture":"#0"}}},{"__comment":"element","from":[7.7187,14.81,2.52],"to":[8.2787,15.63,2.62],"faces":{"up":{"uv":[8,8,15.899,16],"texture":"#0"},"north":{"uv":[8,8,15.899,16],"texture":"#0"},"south":{"uv":[8,8,15.899,16],"texture":"#0"},"west":{"uv":[8,8,15.899,16],"texture":"#0"},"east":{"uv":[8,8,15.899,16],"texture":"#0"}}},{"__comment":"element","from":[7.7187,14.81,3.52],"to":[8.2787,15.63,3.62],"faces":{"up":{"uv":[8,8,15.899,16],"texture":"#0"},"north":{"uv":[8,8,15.899,16],"texture":"#0"},"south":{"uv":[8,8,15.899,16],"texture":"#0"},"west":{"uv":[8,8,15.899,16],"texture":"#0"},"east":{"uv":[8,8,15.899,16],"texture":"#0"}}},{"__comment":"element","from":[7.7187,14.81,4.52],"to":[8.2787,15.63,4.62],"faces":{"up":{"uv":[8,8,15.899,16],"texture":"#0"},"north":{"uv":[8,8,15.899,16],"texture":"#0"},"south":{"uv":[8,8,15.899,16],"texture":"#0"},"west":{"uv":[8,8,15.899,16],"texture":"#0"},"east":{"uv":[8,8,15.899,16],"texture":"#0"}}},{"__comment":"element","from":[7.7187,14.81,1.52],"to":[8.2787,15.63,1.62],"faces":{"up":{"uv":[8,8,15.899,16],"texture":"#0"},"north":{"uv":[8,8,15.899,16],"texture":"#0"},"south":{"uv":[8,8,15.899,16],"texture":"#0"},"west":{"uv":[8,8,15.899,16],"texture":"#0"},"east":{"uv":[8,8,15.899,16],"texture":"#0"}}},{"__comment":"element","from":[7.7187,14.81,0.02],"to":[8.2787,15.63,0.12],"faces":{"up":{"uv":[8,8,15.899,16],"texture":"#0"},"north":{"uv":[8,8,15.899,16],"texture":"#0"},"south":{"uv":[8,8,15.899,16],"texture":"#0"},"west":{"uv":[8,8,15.899,16],"texture":"#0"},"east":{"uv":[8,8,15.899,16],"texture":"#0"}}},{"__comment":"element","from":[7.7187,14.81,1.02],"to":[8.2787,15.63,1.12],"faces":{"up":{"uv":[8,8,15.899,16],"texture":"#0"},"north":{"uv":[8,8,15.899,16],"texture":"#0"},"south":{"uv":[8,8,15.899,16],"texture":"#0"},"west":{"uv":[8,8,15.899,16],"texture":"#0"},"east":{"uv":[8,8,15.899,16],"texture":"#0"}}},{"__comment":"element","from":[7.7187,14.81,3.02],"to":[8.2787,15.63,3.12],"faces":{"up":{"uv":[8,8,15.899,16],"texture":"#0"},"north":{"uv":[8,8,15.899,16],"texture":"#0"},"south":{"uv":[8,8,15.899,16],"texture":"#0"},"west":{"uv":[8,8,15.899,16],"texture":"#0"},"east":{"uv":[8,8,15.899,16],"texture":"#0"}}},{"__comment":"element","from":[7.7187,14.81,4.02],"to":[8.2787,15.63,4.12],"faces":{"up":{"uv":[8,8,15.899,16],"texture":"#0"},"north":{"uv":[8,8,15.899,16],"texture":"#0"},"south":{"uv":[8,8,15.899,16],"texture":"#0"},"west":{"uv":[8,8,15.899,16],"texture":"#0"},"east":{"uv":[8,8,15.899,16],"texture":"#0"}}},{"__comment":"element","from":[7.7187,14.81,5.02],"to":[8.2787,15.63,5.12],"faces":{"up":{"uv":[8,8,15.899,16],"texture":"#0"},"north":{"uv":[8,8,15.899,16],"texture":"#0"},"south":{"uv":[8,8,15.899,16],"texture":"#0"},"west":{"uv":[8,8,15.899,16],"texture":"#0"},"east":{"uv":[8,8,15.899,16],"texture":"#0"}}},{"__comment":"element","from":[7.7187,14.81,5.77],"to":[8.2787,15.63,6.02],"faces":{"up":{"uv":[8,8,15.899,16],"texture":"#0"},"north":{"uv":[8,8,15.899,16],"texture":"#0"},"south":{"uv":[8,8,15.899,16],"texture":"#0"},"west":{"uv":[8,8,15.899,16],"texture":"#0"},"east":{"uv":[8,8,15.899,16],"texture":"#0"}}},{"__comment":"element","from":[7.7187,14.81,2.02],"to":[8.2787,15.63,2.12],"faces":{"up":{"uv":[8,8,15.899,16],"texture":"#0"},"north":{"uv":[8,8,15.899,16],"texture":"#0"},"south":{"uv":[8,8,15.899,16],"texture":"#0"},"west":{"uv":[8,8,15.899,16],"texture":"#0"},"east":{"uv":[8,8,15.899,16],"texture":"#0"}}},{"__comment":"element","from":[7.7187,14.81,-0.23],"to":[8.2787,15.63,-0.13],"faces":{"up":{"uv":[8,8,15.899,16],"texture":"#0"},"north":{"uv":[8,8,15.899,16],"texture":"#0"},"south":{"uv":[8,8,15.899,16],"texture":"#0"},"west":{"uv":[8,8,15.899,16],"texture":"#0"},"east":{"uv":[8,8,15.899,16],"texture":"#0"}}},{"__comment":"element","from":[7.7187,14.81,0.77],"to":[8.2787,15.63,0.87],"faces":{"up":{"uv":[8,8,15.899,16],"texture":"#0"},"north":{"uv":[8,8,15.899,16],"texture":"#0"},"south":{"uv":[8,8,15.899,16],"texture":"#0"},"west":{"uv":[8,8,15.899,16],"texture":"#0"},"east":{"uv":[8,8,15.899,16],"texture":"#0"}}},{"__comment":"element","from":[7.7187,14.81,2.77],"to":[8.2787,15.63,2.87],"faces":{"up":{"uv":[8,8,15.899,16],"texture":"#0"},"north":{"uv":[8,8,15.899,16],"texture":"#0"},"south":{"uv":[8,8,15.899,16],"texture":"#0"},"west":{"uv":[8,8,15.899,16],"texture":"#0"},"east":{"uv":[8,8,15.899,16],"texture":"#0"}}},{"__comment":"element","from":[7.7187,14.81,3.77],"to":[8.2787,15.63,3.87],"faces":{"up":{"uv":[8,8,15.899,16],"texture":"#0"},"north":{"uv":[8,8,15.899,16],"texture":"#0"},"south":{"uv":[8,8,15.899,16],"texture":"#0"},"west":{"uv":[8,8,15.899,16],"texture":"#0"},"east":{"uv":[8,8,15.899,16],"texture":"#0"}}},{"__comment":"element","from":[7.7187,14.81,4.77],"to":[8.2787,15.63,4.87],"faces":{"up":{"uv":[8,8,15.899,16],"texture":"#0"},"north":{"uv":[8,8,15.899,16],"texture":"#0"},"south":{"uv":[8,8,15.899,16],"texture":"#0"},"west":{"uv":[8,8,15.899,16],"texture":"#0"},"east":{"uv":[8,8,15.899,16],"texture":"#0"}}},{"__comment":"element","from":[7.7187,14.81,5.52],"to":[8.2787,15.63,5.62],"faces":{"up":{"uv":[8,8,15.899,16],"texture":"#0"},"north":{"uv":[8,8,15.899,16],"texture":"#0"},"south":{"uv":[8,8,15.899,16],"texture":"#0"},"west":{"uv":[8,8,15.899,16],"texture":"#0"},"east":{"uv":[8,8,15.899,16],"texture":"#0"}}},{"__comment":"element","from":[7.7187,14.81,1.77],"to":[8.2787,15.63,1.87],"faces":{"up":{"uv":[8,8,15.899,16],"texture":"#0"},"north":{"uv":[8,8,15.899,16],"texture":"#0"},"south":{"uv":[8,8,15.899,16],"texture":"#0"},"west":{"uv":[8,8,15.899,16],"texture":"#0"},"east":{"uv":[8,8,15.899,16],"texture":"#0"}}},{"__comment":"element","from":[7.7187,14.81,0.27],"to":[8.2787,15.63,0.37],"faces":{"up":{"uv":[8,8,15.899,16],"texture":"#0"},"north":{"uv":[8,8,15.899,16],"texture":"#0"},"south":{"uv":[8,8,15.899,16],"texture":"#0"},"west":{"uv":[8,8,15.899,16],"texture":"#0"},"east":{"uv":[8,8,15.899,16],"texture":"#0"}}},{"__comment":"element","from":[7.7187,14.81,1.27],"to":[8.2787,15.63,1.37],"faces":{"up":{"uv":[8,8,15.899,16],"texture":"#0"},"north":{"uv":[8,8,15.899,16],"texture":"#0"},"south":{"uv":[8,8,15.899,16],"texture":"#0"},"west":{"uv":[8,8,15.899,16],"texture":"#0"},"east":{"uv":[8,8,15.899,16],"texture":"#0"}}},{"__comment":"element","from":[7.7187,14.81,3.27],"to":[8.2787,15.63,3.37],"faces":{"up":{"uv":[8,8,15.899,16],"texture":"#0"},"north":{"uv":[8,8,15.899,16],"texture":"#0"},"south":{"uv":[8,8,15.899,16],"texture":"#0"},"west":{"uv":[8,8,15.899,16],"texture":"#0"},"east":{"uv":[8,8,15.899,16],"texture":"#0"}}},{"__comment":"element","from":[7.7187,14.81,4.27],"to":[8.2787,15.63,4.37],"faces":{"up":{"uv":[8,8,15.899,16],"texture":"#0"},"north":{"uv":[8,8,15.899,16],"texture":"#0"},"south":{"uv":[8,8,15.899,16],"texture":"#0"},"west":{"uv":[8,8,15.899,16],"texture":"#0"},"east":{"uv":[8,8,15.899,16],"texture":"#0"}}},{"__comment":"element","from":[7.7187,14.81,5.27],"to":[8.2787,15.63,5.37],"faces":{"up":{"uv":[8,8,15.899,16],"texture":"#0"},"north":{"uv":[8,8,15.899,16],"texture":"#0"},"south":{"uv":[8,8,15.899,16],"texture":"#0"},"west":{"uv":[8,8,15.899,16],"texture":"#0"},"east":{"uv":[8,8,15.899,16],"texture":"#0"}}},{"__comment":"element","from":[7.7187,14.81,2.27],"to":[8.2787,15.63,2.37],"faces":{"up":{"uv":[8,8,15.899,16],"texture":"#0"},"north":{"uv":[8,8,15.899,16],"texture":"#0"},"south":{"uv":[8,8,15.899,16],"texture":"#0"},"west":{"uv":[8,8,15.899,16],"texture":"#0"},"east":{"uv":[8,8,15.899,16],"texture":"#0"}}},{"__comment":"element","from":[7.7187,24.736,3.3],"to":[8.2787,25.906,4.3],"rotation":{"origin":[15.71868,15.5,15.5],"axis":"x","angle":-45},"faces":{"up":{"uv":[8,8,15.899,16],"texture":"#0"},"north":{"uv":[8,8,15.899,16],"texture":"#0"},"west":{"uv":[8,8,15.899,16],"texture":"#0"},"east":{"uv":[8,8,15.899,16],"texture":"#0"}}},{"__comment":"element","from":[7.4806,24.53,4.02],"to":[8.4806,24.85,5.02],"rotation":{"origin":[15.48065,15.5,15.5],"axis":"x","angle":-45},"faces":{"down":{"uv":[8,8,15.899,16],"texture":"#0"},"west":{"uv":[8,8,15.899,16],"texture":"#0"},"east":{"uv":[8,8,15.899,16],"texture":"#0"}}},{"__comment":"element","from":[7.4806,21.7,6.92],"to":[8.4806,22.6,7.28],"rotation":{"origin":[15.48065,15.5,15.5],"axis":"x","angle":-45},"faces":{"north":{"uv":[8,8,15.899,16],"texture":"#0"},"west":{"uv":[8,8,15.899,16],"texture":"#0"},"east":{"uv":[8,8,15.899,16],"texture":"#0"}}},{"__comment":"element","from":[7.5494,3.798,7.764],"to":[8.4494,5.047999,8.164],"rotation":{"origin":[15.5494,15.5,15.5],"axis":"x","angle":22.5},"faces":{"down":{"uv":[8,8,15.899,16],"texture":"#0"},"south":{"uv":[8,8,15.899,16],"texture":"#0"},"west":{"uv":[8,8,15.899,16],"texture":"#0"},"east":{"uv":[8,8,15.899,16],"texture":"#0"}}},{"__comment":"element","from":[7.5494,10.27,0.264],"to":[8.4494,10.77,1.764],"faces":{"down":{"uv":[8,8,15.899,16],"texture":"#0"},"west":{"uv":[8,8,15.899,16],"texture":"#0"},"east":{"uv":[8,8,15.899,16],"texture":"#0"}}},{"__comment":"element","from":[7.5494,9.27,0.014],"to":[8.4494,10.77,0.514],"faces":{"down":{"uv":[8,8,15.899,16],"texture":"#0"},"up":{"uv":[8,8,15.899,16],"texture":"#0"},"north":{"uv":[8,8,15.899,16],"texture":"#0"},"south":{"uv":[8,8,15.899,16],"texture":"#0"},"west":{"uv":[8,8,15.899,16],"texture":"#0"},"east":{"uv":[8,8,15.899,16],"texture":"#0"}}},{"__comment":"element","from":[7.5494,1.52,8.9],"to":[8.4494,1.77,10.15],"rotation":{"origin":[15.5494,15.5,15.5],"axis":"x","angle":45},"faces":{"down":{"uv":[8,8,15.899,16],"texture":"#0"},"west":{"uv":[8,8,15.899,16],"texture":"#0"},"east":{"uv":[8,8,15.899,16],"texture":"#0"}}},{"__comment":"element","from":[7.5494,4.35,3.6],"to":[8.4494,5.1,3.85],"rotation":{"origin":[15.5494,15.5,15.5],"axis":"x","angle":22.5},"faces":{"south":{"uv":[8,8,15.899,16],"texture":"#0"},"west":{"uv":[8,8,15.899,16],"texture":"#0"},"east":{"uv":[8,8,15.899,16],"texture":"#0"}}},{"__comment":"element","from":[7.813,8.86,0.02],"to":[8.185789,9.76,0.52],"rotation":{"origin":[7.9994,9.31,0.8],"axis":"z","angle":45},"faces":{"down":{"uv":[8,8,15.899,16],"texture":"#0"},"up":{"uv":[8,8,15.899,16],"texture":"#0"},"north":{"uv":[8,8,15.899,16],"texture":"#0"},"south":{"uv":[8,8,15.899,16],"texture":"#0"}}},{"__comment":"element","from":[7.813,8.86,0.02],"to":[8.185789,9.76,0.52],"faces":{"down":{"uv":[8,8,15.899,16],"texture":"#0"},"up":{"uv":[8,8,15.899,16],"texture":"#0"},"north":{"uv":[8,8,15.899,16],"texture":"#0"},"south":{"uv":[8,8,15.899,16],"texture":"#0"}}},{"__comment":"element","from":[7.5494,9.1236,0.02],"to":[8.4494,9.4964,0.52],"rotation":{"origin":[7.9994,9.31,0.8],"axis":"z","angle":45},"faces":{"north":{"uv":[8,8,15.899,16],"texture":"#0"},"south":{"uv":[8,8,15.899,16],"texture":"#0"},"west":{"uv":[8,8,15.899,16],"texture":"#0"},"east":{"uv":[8,8,15.899,16],"texture":"#0"}}},{"__comment":"element","from":[7.5494,9.1236,0.02],"to":[8.4494,9.4964,0.52],"faces":{"north":{"uv":[8,8,15.899,16],"texture":"#0"},"south":{"uv":[8,8,15.899,16],"texture":"#0"},"west":{"uv":[8,8,15.899,16],"texture":"#0"},"east":{"uv":[8,8,15.899,16],"texture":"#0"}}},{"__comment":"element","from":[7.8958,9.059999,-0.2],"to":[8.102909,9.559999,0.3],"rotation":{"origin":[7.9994,9.31,0.05],"axis":"z","angle":45},"faces":{"down":{"uv":[8,0,15.899,6.249001],"texture":"#0"},"up":{"uv":[8,0,15.899,6.249001],"texture":"#0"},"north":{"uv":[8,0,15.899,6.249001],"texture":"#0"}}},{"__comment":"element","from":[7.8958,9.059999,-0.2],"to":[8.102909,9.559999,0.3],"faces":{"down":{"uv":[8,0,15.899,6.249001],"texture":"#0"},"up":{"uv":[8,0,15.899,6.249001],"texture":"#0"},"north":{"uv":[8,0,15.899,6.249001],"texture":"#0"}}},{"__comment":"element","from":[7.7494,9.2065,-0.2],"to":[8.249399,9.4136,0.3],"rotation":{"origin":[7.9994,9.31,0.05],"axis":"z","angle":45},"faces":{"north":{"uv":[8,0,15.899,6.249001],"texture":"#0"},"west":{"uv":[8,0,15.899,6.249001],"texture":"#0"},"east":{"uv":[8,0,15.899,6.249001],"texture":"#0"}}},{"__comment":"element","from":[7.7494,9.2065,-0.2],"to":[8.249399,9.4136,0.3],"faces":{"north":{"uv":[8,0,15.899,6.249001],"texture":"#0"},"west":{"uv":[8,0,15.899,6.249001],"texture":"#0"},"east":{"uv":[8,0,15.899,6.249001],"texture":"#0"}}},{"__comment":"element","from":[7.8999,8.059999,12.55],"to":[8.09881,9.059999,16.8],"rotation":{"origin":[7.9994,8.56,13.05],"axis":"z","angle":-45},"faces":{"down":{"uv":[0,8,7.899,16],"texture":"#1"},"north":{"uv":[0,8,7.899,16],"texture":"#1"},"south":{"uv":[0,8,7.899,16],"texture":"#1"}}},{"__comment":"element","from":[7.8999,8.059999,12.55],"to":[8.09881,9.059999,16.8],"rotation":{"origin":[7.9994,8.56,13.05],"axis":"z","angle":-22.5},"faces":{"down":{"uv":[0,8,7.899,16],"texture":"#1"},"north":{"uv":[0,8,7.899,16],"texture":"#1"},"south":{"uv":[0,8,7.899,16],"texture":"#1"}}},{"__comment":"element","from":[7.8999,8.059999,12.55],"to":[8.09881,9.059999,16.8],"faces":{"down":{"uv":[0,8,7.899,16],"texture":"#1"},"north":{"uv":[0,8,7.899,16],"texture":"#1"}}},{"__comment":"element","from":[7.8999,8.059999,12.55],"to":[8.09881,9.059999,16.8],"rotation":{"origin":[7.9994,8.56,13.05],"axis":"z","angle":22.5},"faces":{"down":{"uv":[0,8,7.899,16],"texture":"#1"},"north":{"uv":[0,8,7.899,16],"texture":"#1"},"south":{"uv":[0,8,7.899,16],"texture":"#1"}}},{"__comment":"element","from":[7.8999,8.059999,12.55],"to":[8.09881,9.059999,16.8],"rotation":{"origin":[7.9994,8.56,13.05],"axis":"z","angle":45},"faces":{"down":{"uv":[0,8,7.899,16],"texture":"#1"},"north":{"uv":[0,8,7.899,16],"texture":"#1"}}},{"__comment":"element","from":[7.4994,8.4605,12.55],"to":[8.499399,8.65942,16.8],"rotation":{"origin":[7.9994,8.56,13.05],"axis":"z","angle":-22.5},"faces":{"north":{"uv":[0,8,7.899,16],"texture":"#1"},"south":{"uv":[0,8,7.899,16],"texture":"#1"},"east":{"uv":[0,8,7.899,16],"texture":"#1"}}},{"__comment":"element","from":[7.4994,8.4605,12.55],"to":[8.499399,11.90942,16.8],"faces":{"north":{"uv":[0,8,7.899,16],"texture":"#1"},"west":{"uv":[0,8,7.899,16],"texture":"#1"},"east":{"uv":[0,8,7.899,16],"texture":"#1"}}},{"__comment":"element","from":[7.4994,10.4605,14.55],"to":[8.499399,11.65942,16.3],"rotation":{"origin":[7.9994,8.56,13.05],"axis":"x","angle":-45},"faces":{"north":{"uv":[0,8,7.899,16],"texture":"#1"},"west":{"uv":[0,8,7.899,16],"texture":"#1"},"east":{"uv":[0,8,7.899,16],"texture":"#1"}}},{"__comment":"element","from":[7.4994,8.4605,12.55],"to":[8.499399,8.65942,16.8],"rotation":{"origin":[7.9994,8.56,13.05],"axis":"z","angle":22.5},"faces":{"north":{"uv":[0,8,7.899,16],"texture":"#1"},"south":{"uv":[0,8,7.899,16],"texture":"#1"},"west":{"uv":[0,8,7.899,16],"texture":"#1"}}},{"__comment":"element","from":[7.7716,11.26,12.55],"to":[8.22723,12.36,16.8],"rotation":{"origin":[7.9994,11.81,13.05],"axis":"z","angle":45},"faces":{"down":{"uv":[0,8,7.899,16],"texture":"#1"},"north":{"uv":[0,8,7.899,16],"texture":"#1"},"south":{"uv":[0,8,7.899,16],"texture":"#1"}}},{"__comment":"element","from":[7.4494,11.5822,12.55],"to":[8.5494,12.03784,16.8],"rotation":{"origin":[7.9994,11.81,13.05],"axis":"z","angle":45},"faces":{"north":{"uv":[0,8,7.899,16],"texture":"#1"},"south":{"uv":[0,8,7.899,16],"texture":"#1"},"west":{"uv":[0,8,7.899,16],"texture":"#1"}}},{"__comment":"element","from":[7.4494,11.5822,5.05],"to":[8.5494,13.03784,16.8],"faces":{"down":{"uv":[0,8,7.899,16],"texture":"#1"},"up":{"uv":[0,8,7.899,16],"texture":"#1"},"north":{"uv":[0,8,7.899,16],"texture":"#1"},"west":{"uv":[0,8,7.899,16],"texture":"#1"},"east":{"uv":[0,8,7.899,16],"texture":"#1"}}},{"__comment":"element","from":[7.4994,12,1.3],"to":[8.499399,12.45563,8.8],"faces":{"down":{"uv":[0,8,7.899,16],"texture":"#1"},"up":{"uv":[0,8,7.899,16],"texture":"#1"},"north":{"uv":[0,8,7.899,16],"texture":"#1"},"west":{"uv":[0,8,7.899,16],"texture":"#1"},"east":{"uv":[0,8,7.899,16],"texture":"#1"}}},{"__comment":"element","from":[7.4994,6,6.8],"to":[8.499399,6.45563,7.55],"rotation":{"origin":[8.0494,11.81,13.05],"axis":"x","angle":45},"faces":{"down":{"uv":[0,8,7.899,16],"texture":"#1"},"west":{"uv":[0,8,7.899,16],"texture":"#1"},"east":{"uv":[0,8,7.899,16],"texture":"#1"}}},{"__comment":"element","from":[7.7994,12.156,1.3],"to":[8.2994,12.61163,8.8],"rotation":{"origin":[8.0494,11.81,13.05],"axis":"z","angle":22.5},"faces":{"up":{"uv":[0,8,7.899,16],"texture":"#1"},"north":{"uv":[0,8,7.899,16],"texture":"#1"},"south":{"uv":[0,8,7.899,16],"texture":"#1"}}},{"__comment":"element","from":[7.6994,12.156,1.3],"to":[8.1994,12.61163,8.8],"rotation":{"origin":[7.9494,11.81,13.05],"axis":"z","angle":-22.5},"faces":{"up":{"uv":[0,8,7.899,16],"texture":"#1"},"north":{"uv":[0,8,7.899,16],"texture":"#1"},"south":{"uv":[0,8,7.899,16],"texture":"#1"}}},{"__comment":"element","from":[7.7716,12.51,9.3],"to":[8.22723,13.61,16.8],"rotation":{"origin":[7.9994,13.06,13.05],"axis":"z","angle":45},"faces":{"up":{"uv":[0,8,7.899,16],"texture":"#1"},"north":{"uv":[0,8,7.899,16],"texture":"#1"}}},{"__comment":"element","from":[7.7716,12.51,9.3],"to":[8.22723,13.61,16.8],"faces":{"up":{"uv":[0,8,7.899,16],"texture":"#1"},"north":{"uv":[0,8,7.899,16],"texture":"#1"}}},{"__comment":"element","from":[7.4494,12.8322,9.3],"to":[8.5494,13.28784,16.8],"rotation":{"origin":[7.9994,13.06,13.05],"axis":"z","angle":45},"faces":{"north":{"uv":[0,8,7.899,16],"texture":"#1"},"east":{"uv":[0,8,7.899,16],"texture":"#1"}}},{"__comment":"element","from":[7.4494,12.8322,9.3],"to":[8.5494,13.28784,16.8],"faces":{"north":{"uv":[0,8,7.899,16],"texture":"#1"},"west":{"uv":[0,8,7.899,16],"texture":"#1"},"east":{"uv":[0,8,7.899,16],"texture":"#1"}}},{"__comment":"element","from":[7.7509,12.46,16.8],"to":[8.24795,13.66,17.05],"rotation":{"origin":[7.9994,13.06,17.3],"axis":"z","angle":45},"faces":{"up":{"uv":[0,8,7.899,16],"texture":"#1"},"north":{"uv":[0,8,7.899,16],"texture":"#1"},"south":{"uv":[0,8,7.899,16],"texture":"#1"}}},{"__comment":"element","from":[7.7509,12.46,16.8],"to":[8.24795,13.66,17.05],"faces":{"up":{"uv":[0,8,7.899,16],"texture":"#1"},"north":{"uv":[0,8,7.899,16],"texture":"#1"},"south":{"uv":[0,8,7.899,16],"texture":"#1"}}},{"__comment":"element","from":[7.3994,12.8115,16.8],"to":[8.5994,13.30856,17.05],"rotation":{"origin":[7.9994,13.06,17.3],"axis":"z","angle":45},"faces":{"north":{"uv":[0,8,7.899,16],"texture":"#1"},"south":{"uv":[0,8,7.899,16],"texture":"#1"},"east":{"uv":[0,8,7.899,16],"texture":"#1"}}},{"__comment":"element","from":[7.3994,8.3115,16.8],"to":[8.5994,13.30856,17.05],"faces":{"north":{"uv":[0,8,7.899,16],"texture":"#1"},"south":{"uv":[0,8,7.899,16],"texture":"#1"},"west":{"uv":[0,8,7.899,16],"texture":"#1"},"east":{"uv":[0,8,7.899,16],"texture":"#1"}}},{"__comment":"element","from":[7.7509,7.96,16.8],"to":[8.24795,9.16,17.05],"rotation":{"origin":[7.9994,8.56,17.3],"axis":"z","angle":45},"faces":{"down":{"uv":[0,8,7.899,16],"texture":"#1"},"north":{"uv":[0,8,7.899,16],"texture":"#1"},"south":{"uv":[0,8,7.899,16],"texture":"#1"}}},{"__comment":"element","from":[7.7509,7.96,16.8],"to":[8.24795,9.16,17.05],"faces":{"down":{"uv":[0,8,7.899,16],"texture":"#1"},"north":{"uv":[0,8,7.899,16],"texture":"#1"},"south":{"uv":[0,8,7.899,16],"texture":"#1"}}},{"__comment":"element","from":[7.3994,8.3115,16.8],"to":[8.5994,8.808559,17.05],"rotation":{"origin":[7.9994,8.56,17.3],"axis":"z","angle":45},"faces":{"north":{"uv":[0,8,7.899,16],"texture":"#1"},"south":{"uv":[0,8,7.899,16],"texture":"#1"},"west":{"uv":[0,8,7.899,16],"texture":"#1"}}},{"__comment":"element","from":[7.88,12.56,8.2],"to":[8.11869,13.56,9.4],"rotation":{"origin":[7.9994,13.06,8.8],"axis":"y","angle":-45},"faces":{"down":{"uv":[11,12,11.999,12.999],"texture":"#2"},"up":{"uv":[11,12,11.999,12.999],"texture":"#2"},"south":{"uv":[11,12,11.999,12.999],"texture":"#2"}}},{"__comment":"element","from":[7.8801,12.56,8.2],"to":[8.11879,13.56,9.4],"rotation":{"origin":[7.9994,13.06,8.8],"axis":"y","angle":-22.5},"faces":{"down":{"uv":[11,12,11.999,12.999],"texture":"#2"},"up":{"uv":[11,12,11.999,12.999],"texture":"#2"},"south":{"uv":[11,12,11.999,12.999],"texture":"#2"}}},{"__comment":"element","from":[7.88,12.56,8.2],"to":[8.11869,13.56,9.4],"faces":{"up":{"uv":[11,12,11.999,12.999],"texture":"#2"}}},{"__comment":"element","from":[7.88,12.56,8.2],"to":[8.11869,13.56,9.4],"rotation":{"origin":[7.9994,13.06,8.8],"axis":"y","angle":22.5},"faces":{"down":{"uv":[11,12,11.999,12.999],"texture":"#2"},"up":{"uv":[11,12,11.999,12.999],"texture":"#2"},"south":{"uv":[11,12,11.999,12.999],"texture":"#2"}}},{"__comment":"element","from":[7.88,12.56,8.2],"to":[8.11869,13.56,9.4],"rotation":{"origin":[7.9994,13.06,8.8],"axis":"y","angle":45},"faces":{"down":{"uv":[11,12,11.999,12.999],"texture":"#2"},"up":{"uv":[11,12,11.999,12.999],"texture":"#2"},"south":{"uv":[11,12,11.999,12.999],"texture":"#2"}}},{"__comment":"element","from":[7.3994,12.56,8.6806],"to":[8.5994,13.56,8.9193],"rotation":{"origin":[7.9994,13.06,8.8],"axis":"y","angle":-22.5},"faces":{"down":{"uv":[11,12,11.999,12.999],"texture":"#2"},"up":{"uv":[11,12,11.999,12.999],"texture":"#2"},"east":{"uv":[11,12,11.999,12.999],"texture":"#2"}}},{"__comment":"element","from":[7.3994,12.56,1.4306],"to":[8.5994,13.56,8.9193],"faces":{"up":{"uv":[11,12,11.999,12.999],"texture":"#2"},"west":{"uv":[11,12,11.999,12.999],"texture":"#2"},"east":{"uv":[11,12,11.999,12.999],"texture":"#2"}}},{"__comment":"element","from":[7.3994,12.56,8.6806],"to":[8.5994,13.56,8.9193],"rotation":{"origin":[7.9994,13.06,8.8],"axis":"y","angle":22.5},"faces":{"down":{"uv":[11,12,11.999,12.999],"texture":"#2"},"up":{"uv":[11,12,11.999,12.999],"texture":"#2"},"west":{"uv":[11,12,11.999,12.999],"texture":"#2"}}},{"__comment":"element","from":[7.3744,14.7404,0.2],"to":[8.624399,14.87964,0.9],"rotation":{"origin":[8.1244,14.81,0.55],"axis":"x","angle":-45},"faces":{"north":{"uv":[8,0,15.899,6.249001],"texture":"#0"},"south":{"uv":[8,0,15.899,6.249001],"texture":"#0"},"west":{"uv":[8,0,15.899,6.249001],"texture":"#0"},"east":{"uv":[8,0,15.899,6.249001],"texture":"#0"}}},{"__comment":"element","from":[7.3744,14.7404,0.2],"to":[8.624399,14.87964,0.9],"rotation":{"origin":[8.1244,14.81,0.55],"axis":"x","angle":-22.5},"faces":{"north":{"uv":[8,0,15.899,6.249001],"texture":"#0"},"south":{"uv":[8,0,15.899,6.249001],"texture":"#0"},"west":{"uv":[8,0,15.899,6.249001],"texture":"#0"},"east":{"uv":[8,0,15.899,6.249001],"texture":"#0"}}},{"__comment":"element","from":[7.3744,14.7404,0.2],"to":[8.624399,14.87964,0.9],"faces":{"north":{"uv":[8,0,15.899,6.249001],"texture":"#0"},"south":{"uv":[8,0,15.899,6.249001],"texture":"#0"},"west":{"uv":[8,0,15.899,6.249001],"texture":"#0"},"east":{"uv":[8,0,15.899,6.249001],"texture":"#0"}}},{"__comment":"element","from":[7.3744,14.7404,0.2],"to":[8.624399,14.87964,0.9],"rotation":{"origin":[8.1244,14.81,0.55],"axis":"x","angle":22.5},"faces":{"north":{"uv":[8,0,15.899,6.249001],"texture":"#0"},"south":{"uv":[8,0,15.899,6.249001],"texture":"#0"},"west":{"uv":[8,0,15.899,6.249001],"texture":"#0"},"east":{"uv":[8,0,15.899,6.249001],"texture":"#0"}}},{"__comment":"element","from":[7.3744,14.7404,0.2],"to":[8.624399,14.87964,0.9],"rotation":{"origin":[8.1244,14.81,0.55],"axis":"x","angle":45},"faces":{"north":{"uv":[8,0,15.899,6.249001],"texture":"#0"},"south":{"uv":[8,0,15.899,6.249001],"texture":"#0"},"west":{"uv":[8,0,15.899,6.249001],"texture":"#0"},"east":{"uv":[8,0,15.899,6.249001],"texture":"#0"}}},{"__comment":"element","from":[7.3744,14.46,0.4804],"to":[8.624399,15.16,0.61964],"rotation":{"origin":[8.1244,14.81,0.55],"axis":"x","angle":-22.5},"faces":{"down":{"uv":[8,0,15.899,6.249001],"texture":"#0"},"up":{"uv":[8,0,15.899,6.249001],"texture":"#0"},"west":{"uv":[8,0,15.899,6.249001],"texture":"#0"},"east":{"uv":[8,0,15.899,6.249001],"texture":"#0"}}},{"__comment":"element","from":[7.3744,14.46,0.4804],"to":[8.624399,15.16,0.61964],"faces":{"down":{"uv":[8,0,15.899,6.249001],"texture":"#0"},"up":{"uv":[8,0,15.899,6.249001],"texture":"#0"},"west":{"uv":[8,0,15.899,6.249001],"texture":"#0"},"east":{"uv":[8,0,15.899,6.249001],"texture":"#0"}}},{"__comment":"element","from":[7.3744,14.46,0.4804],"to":[8.624399,15.16,0.61964],"rotation":{"origin":[8.1244,14.81,0.55],"axis":"x","angle":22.5},"faces":{"down":{"uv":[8,0,15.899,6.249001],"texture":"#0"},"up":{"uv":[8,0,15.899,6.249001],"texture":"#0"},"west":{"uv":[8,0,15.899,6.249001],"texture":"#0"},"east":{"uv":[8,0,15.899,6.249001],"texture":"#0"}}},{"__comment":"element","from":[7.88,12.56,1.45],"to":[8.11869,13.56,2.65],"rotation":{"origin":[7.9994,13.06,2.05],"axis":"y","angle":-45},"faces":{"down":{"uv":[11,12,11.999,12.999],"texture":"#2"},"up":{"uv":[11,12,11.999,12.999],"texture":"#2"}}},{"__comment":"element","from":[7.88,12.56,1.45],"to":[8.11869,13.56,2.65],"rotation":{"origin":[7.9994,13.06,2.05],"axis":"y","angle":-22.5},"faces":{"down":{"uv":[11,12,11.999,12.999],"texture":"#2"},"up":{"uv":[11,12,11.999,12.999],"texture":"#2"}}},{"__comment":"element","from":[7.88,12.56,1.45],"to":[8.11869,13.56,2.65],"rotation":{"origin":[7.9994,13.06,2.05],"axis":"y","angle":22.5},"faces":{"down":{"uv":[11,12,11.999,12.999],"texture":"#2"},"up":{"uv":[11,12,11.999,12.999],"texture":"#2"}}},{"__comment":"element","from":[7.88,12.56,1.45],"to":[8.11869,13.56,2.65],"rotation":{"origin":[7.9994,13.06,2.05],"axis":"y","angle":45},"faces":{"down":{"uv":[11,12,11.999,12.999],"texture":"#2"},"up":{"uv":[11,12,11.999,12.999],"texture":"#2"}}},{"__comment":"element","from":[7.3994,12.56,1.9307],"to":[8.5994,13.56,2.1694],"rotation":{"origin":[7.9994,13.06,2.05],"axis":"y","angle":-22.5},"faces":{"down":{"uv":[11,12,11.999,12.999],"texture":"#2"},"up":{"uv":[11,12,11.999,12.999],"texture":"#2"}}},{"__comment":"element","from":[7.3994,12.56,1.9306],"to":[8.5994,13.56,2.1693],"rotation":{"origin":[7.9994,13.06,2.05],"axis":"y","angle":22.5},"faces":{"down":{"uv":[11,12,11.999,12.999],"texture":"#2"},"up":{"uv":[11,12,11.999,12.999],"texture":"#2"}}},{"__comment":"element","from":[7.88,12.56,0.95],"to":[8.11869,13.56,2.15],"rotation":{"origin":[7.9994,13.06,1.55],"axis":"y","angle":-45},"faces":{"down":{"uv":[11,12,11.999,12.999],"texture":"#2"},"up":{"uv":[11,12,11.999,12.999],"texture":"#2"},"north":{"uv":[11,12,11.999,12.999],"texture":"#2"}}},{"__comment":"element","from":[7.88,12.56,0.95],"to":[8.11869,13.56,2.15],"rotation":{"origin":[7.9994,13.06,1.55],"axis":"y","angle":-22.5},"faces":{"down":{"uv":[11,12,11.999,12.999],"texture":"#2"},"up":{"uv":[11,12,11.999,12.999],"texture":"#2"},"north":{"uv":[11,12,11.999,12.999],"texture":"#2"}}},{"__comment":"element","from":[7.88,12.56,0.95],"to":[8.11869,13.56,2.15],"faces":{"up":{"uv":[11,12,11.999,12.999],"texture":"#2"}}},{"__comment":"element","from":[7.88,12.56,0.95],"to":[8.11869,13.56,2.15],"rotation":{"origin":[7.9994,13.06,1.55],"axis":"y","angle":22.5},"faces":{"down":{"uv":[11,12,11.999,12.999],"texture":"#2"},"up":{"uv":[11,12,11.999,12.999],"texture":"#2"},"north":{"uv":[11,12,11.999,12.999],"texture":"#2"}}},{"__comment":"element","from":[7.88,12.56,0.95],"to":[8.11869,13.56,2.15],"rotation":{"origin":[7.9994,13.06,1.55],"axis":"y","angle":45},"faces":{"down":{"uv":[11,12,11.999,12.999],"texture":"#2"},"up":{"uv":[11,12,11.999,12.999],"texture":"#2"},"north":{"uv":[11,12,11.999,12.999],"texture":"#2"}}},{"__comment":"element","from":[7.3994,12.56,1.4307],"to":[8.5994,13.56,1.6694],"rotation":{"origin":[7.9994,13.06,1.55],"axis":"y","angle":-22.5},"faces":{"down":{"uv":[11,12,11.999,12.999],"texture":"#2"},"up":{"uv":[11,12,11.999,12.999],"texture":"#2"},"west":{"uv":[11,12,11.999,12.999],"texture":"#2"}}},{"__comment":"element","from":[7.3994,12.56,1.4306],"to":[8.5994,13.56,1.6693],"rotation":{"origin":[7.9994,13.06,1.55],"axis":"y","angle":22.5},"faces":{"down":{"uv":[11,12,11.999,12.999],"texture":"#2"},"up":{"uv":[11,12,11.999,12.999],"texture":"#2"},"east":{"uv":[11,12,11.999,12.999],"texture":"#2"}}},{"__comment":"element","from":[7.8701,12.56,8.4],"to":[8.12869,13.06,9.7],"rotation":{"origin":[7.9994,12.56,9.05],"axis":"y","angle":-45},"faces":{"down":{"uv":[11,12,11.999,12.999],"texture":"#2"},"up":{"uv":[11,12,11.999,12.999],"texture":"#2"},"south":{"uv":[11,12,11.999,12.999],"texture":"#2"}}},{"__comment":"element","from":[7.8701,12.56,8.4],"to":[8.12869,13.06,9.7],"rotation":{"origin":[7.9994,12.56,9.05],"axis":"y","angle":-22.5},"faces":{"down":{"uv":[11,12,11.999,12.999],"texture":"#2"},"up":{"uv":[11,12,11.999,12.999],"texture":"#2"}}},{"__comment":"element","from":[7.8701,12.56,8.4],"to":[8.12869,13.06,9.7],"faces":{"up":{"uv":[11,12,11.999,12.999],"texture":"#2"}}},{"__comment":"element","from":[7.8701,12.56,8.4],"to":[8.12869,13.06,9.7],"rotation":{"origin":[7.9994,12.56,9.05],"axis":"y","angle":22.5},"faces":{"down":{"uv":[11,12,11.999,12.999],"texture":"#2"},"up":{"uv":[11,12,11.999,12.999],"texture":"#2"}}},{"__comment":"element","from":[7.8701,12.56,8.4],"to":[8.12869,13.06,9.7],"rotation":{"origin":[7.9994,12.56,9.05],"axis":"y","angle":45},"faces":{"down":{"uv":[11,12,11.999,12.999],"texture":"#2"},"up":{"uv":[11,12,11.999,12.999],"texture":"#2"},"south":{"uv":[11,12,11.999,12.999],"texture":"#2"}}},{"__comment":"element","from":[7.3494,12.56,8.9207],"to":[8.6494,13.06,9.17928],"rotation":{"origin":[7.9994,12.56,9.05],"axis":"y","angle":-22.5},"faces":{"down":{"uv":[11,12,11.999,12.999],"texture":"#2"},"up":{"uv":[11,12,11.999,12.999],"texture":"#2"},"east":{"uv":[11,12,11.999,12.999],"texture":"#2"}}},{"__comment":"element","from":[7.3494,12.56,1.1707],"to":[8.6494,13.06,9.17928],"faces":{"down":{"uv":[11,12,11.999,12.999],"texture":"#2"},"up":{"uv":[11,12,11.999,12.999],"texture":"#2"},"west":{"uv":[11,12,11.999,12.999],"texture":"#2"},"east":{"uv":[11,12,11.999,12.999],"texture":"#2"}}},{"__comment":"element","from":[7.3494,12.56,8.9207],"to":[8.6494,13.06,9.17928],"rotation":{"origin":[7.9994,12.56,9.05],"axis":"y","angle":22.5},"faces":{"down":{"uv":[11,12,11.999,12.999],"texture":"#2"},"up":{"uv":[11,12,11.999,12.999],"texture":"#2"},"west":{"uv":[11,12,11.999,12.999],"texture":"#2"}}},{"__comment":"element","from":[7.8701,12.56,0.65],"to":[8.12869,13.06,1.95],"rotation":{"origin":[7.9994,12.56,1.3],"axis":"y","angle":-45},"faces":{"down":{"uv":[11,12,11.999,12.999],"texture":"#2"},"up":{"uv":[11,12,11.999,12.999],"texture":"#2"},"north":{"uv":[11,12,11.999,12.999],"texture":"#2"}}},{"__comment":"element","from":[7.8701,12.56,0.65],"to":[8.12869,13.06,1.95],"rotation":{"origin":[7.9994,12.56,1.3],"axis":"y","angle":-22.5},"faces":{"down":{"uv":[11,12,11.999,12.999],"texture":"#2"},"up":{"uv":[11,12,11.999,12.999],"texture":"#2"}}},{"__comment":"element","from":[7.8701,12.56,0.65],"to":[8.12869,13.06,1.95],"faces":{"up":{"uv":[11,12,11.999,12.999],"texture":"#2"}}},{"__comment":"element","from":[7.8701,12.56,0.65],"to":[8.12869,13.06,1.95],"rotation":{"origin":[7.9994,12.56,1.3],"axis":"y","angle":22.5},"faces":{"down":{"uv":[11,12,11.999,12.999],"texture":"#2"},"up":{"uv":[11,12,11.999,12.999],"texture":"#2"}}},{"__comment":"element","from":[7.8701,12.56,0.65],"to":[8.12869,13.06,1.95],"rotation":{"origin":[7.9994,12.56,1.3],"axis":"y","angle":45},"faces":{"down":{"uv":[11,12,11.999,12.999],"texture":"#2"},"up":{"uv":[11,12,11.999,12.999],"texture":"#2"},"north":{"uv":[11,12,11.999,12.999],"texture":"#2"}}},{"__comment":"element","from":[7.3494,12.56,1.1707],"to":[8.6494,13.06,1.42928],"rotation":{"origin":[7.9994,12.56,1.3],"axis":"y","angle":-22.5},"faces":{"down":{"uv":[11,12,11.999,12.999],"texture":"#2"},"up":{"uv":[11,12,11.999,12.999],"texture":"#2"},"west":{"uv":[11,12,11.999,12.999],"texture":"#2"}}},{"__comment":"element","from":[7.3494,12.56,1.1707],"to":[8.6494,13.06,1.42928],"rotation":{"origin":[7.9994,12.56,1.3],"axis":"y","angle":22.5},"faces":{"down":{"uv":[11,12,11.999,12.999],"texture":"#2"},"up":{"uv":[11,12,11.999,12.999],"texture":"#2"},"east":{"uv":[11,12,11.999,12.999],"texture":"#2"}}},{"__comment":"element","from":[7.71,12.61,5.02],"to":[8.2899,12.71,6.02],"rotation":{"origin":[8,13.31,5.55],"axis":"z","angle":45},"faces":{"north":{"uv":[8,8,15.899,16],"texture":"#0"},"south":{"uv":[8,8,15.899,16],"texture":"#0"}}},{"__comment":"element","from":[7.71,13.91,5.02],"to":[8.2899,14.01,6.02],"rotation":{"origin":[8,13.31,5.55],"axis":"z","angle":45},"faces":{"down":{"uv":[8,8,15.899,16],"texture":"#0"},"up":{"uv":[8,8,15.899,16],"texture":"#0"},"north":{"uv":[8,8,15.899,16],"texture":"#0"},"south":{"uv":[8,8,15.899,16],"texture":"#0"}}},{"__comment":"element","from":[7.3,13.02,5.02],"to":[7.4,13.5999,6.02],"rotation":{"origin":[8,13.31,5.55],"axis":"z","angle":45},"faces":{"north":{"uv":[8,8,15.899,16],"texture":"#0"},"south":{"uv":[8,8,15.899,16],"texture":"#0"}}},{"__comment":"element","from":[7.3,12.52,5.02],"to":[7.4,13.5999,6.02],"faces":{"north":{"uv":[8,8,15.899,16],"texture":"#0"},"south":{"uv":[8,8,15.899,16],"texture":"#0"},"west":{"uv":[8,8,15.899,16],"texture":"#0"}}},{"__comment":"element","from":[8.599999,13.02,5.02],"to":[8.699999,13.5999,6.02],"rotation":{"origin":[8,13.31,5.55],"axis":"z","angle":45},"faces":{"north":{"uv":[8,8,15.899,16],"texture":"#0"},"south":{"uv":[8,8,15.899,16],"texture":"#0"},"west":{"uv":[8,8,15.899,16],"texture":"#0"},"east":{"uv":[8,8,15.899,16],"texture":"#0"}}},{"__comment":"element","from":[8.599999,12.52,5.02],"to":[8.699999,13.5999,6.02],"faces":{"north":{"uv":[8,8,15.899,16],"texture":"#0"},"south":{"uv":[8,8,15.899,16],"texture":"#0"},"west":{"uv":[8,8,15.899,16],"texture":"#0"},"east":{"uv":[8,8,15.899,16],"texture":"#0"}}},{"__comment":"element","from":[7.71,12.11,5.02],"to":[8.2899,12.21,6.02],"rotation":{"origin":[8,12.81,5.55],"axis":"z","angle":45},"faces":{"down":{"uv":[8,8,15.899,16],"texture":"#0"},"up":{"uv":[8,8,15.899,16],"texture":"#0"},"north":{"uv":[8,8,15.899,16],"texture":"#0"},"south":{"uv":[8,8,15.899,16],"texture":"#0"}}},{"__comment":"element","from":[7.71,13.41,5.02],"to":[8.2899,13.51,6.02],"rotation":{"origin":[8,12.81,5.55],"axis":"z","angle":45},"faces":{"north":{"uv":[8,8,15.899,16],"texture":"#0"},"south":{"uv":[8,8,15.899,16],"texture":"#0"}}},{"__comment":"element","from":[7.3,12.52,5.02],"to":[7.4,13.0999,6.02],"rotation":{"origin":[8,12.81,5.55],"axis":"z","angle":45},"faces":{"north":{"uv":[8,8,15.899,16],"texture":"#0"},"south":{"uv":[8,8,15.899,16],"texture":"#0"},"west":{"uv":[8,8,15.899,16],"texture":"#0"},"east":{"uv":[8,8,15.899,16],"texture":"#0"}}},{"__comment":"element","from":[8.599999,12.52,5.02],"to":[8.699999,13.0999,6.02],"rotation":{"origin":[8,12.81,5.55],"axis":"z","angle":45},"faces":{"north":{"uv":[8,8,15.899,16],"texture":"#0"},"south":{"uv":[8,8,15.899,16],"texture":"#0"},"east":{"uv":[8,8,15.899,16],"texture":"#0"}}},{"__comment":"element","from":[7.45,11.2272,11.85],"to":[8.55,11.39288,12.25],"rotation":{"origin":[7.95,11.31,12.05],"axis":"x","angle":45},"faces":{"north":{"uv":[8,0,15.899,6.249001],"texture":"#0"},"south":{"uv":[8,0,15.899,6.249001],"texture":"#0"},"west":{"uv":[8,0,15.899,6.249001],"texture":"#0"},"east":{"uv":[8,0,15.899,6.249001],"texture":"#0"}}},{"__comment":"element","from":[7.45,11.2272,11.85],"to":[8.55,11.39288,12.25],"faces":{"north":{"uv":[8,0,15.899,6.249001],"texture":"#0"},"south":{"uv":[8,0,15.899,6.249001],"texture":"#0"},"west":{"uv":[8,0,15.899,6.249001],"texture":"#0"},"east":{"uv":[8,0,15.899,6.249001],"texture":"#0"}}},{"__comment":"element","from":[7.45,11.11,11.9672],"to":[8.55,11.51,12.13288],"rotation":{"origin":[7.95,11.31,12.05],"axis":"x","angle":45},"faces":{"down":{"uv":[8,0,15.899,6.249001],"texture":"#0"},"up":{"uv":[8,0,15.899,6.249001],"texture":"#0"},"west":{"uv":[8,0,15.899,6.249001],"texture":"#0"},"east":{"uv":[8,0,15.899,6.249001],"texture":"#0"}}},{"__comment":"element","from":[7.45,11.11,11.9672],"to":[8.55,11.51,12.13288],"faces":{"down":{"uv":[8,0,15.899,6.249001],"texture":"#0"},"up":{"uv":[8,0,15.899,6.249001],"texture":"#0"},"west":{"uv":[8,0,15.899,6.249001],"texture":"#0"},"east":{"uv":[8,0,15.899,6.249001],"texture":"#0"}}},{"__comment":"element","from":[7.45,8.4772,11.85],"to":[8.55,8.642879,12.25],"rotation":{"origin":[7.95,8.56,12.05],"axis":"x","angle":45},"faces":{"north":{"uv":[8,0,15.899,6.249001],"texture":"#0"},"south":{"uv":[8,0,15.899,6.249001],"texture":"#0"},"west":{"uv":[8,0,15.899,6.249001],"texture":"#0"},"east":{"uv":[8,0,15.899,6.249001],"texture":"#0"}}},{"__comment":"element","from":[7.45,8.4772,11.85],"to":[8.55,8.642879,12.25],"faces":{"north":{"uv":[8,0,15.899,6.249001],"texture":"#0"},"south":{"uv":[8,0,15.899,6.249001],"texture":"#0"},"west":{"uv":[8,0,15.899,6.249001],"texture":"#0"},"east":{"uv":[8,0,15.899,6.249001],"texture":"#0"}}},{"__comment":"element","from":[7.45,8.36,11.9672],"to":[8.55,8.76,12.13288],"rotation":{"origin":[7.95,8.56,12.05],"axis":"x","angle":45},"faces":{"down":{"uv":[8,0,15.899,6.249001],"texture":"#0"},"up":{"uv":[8,0,15.899,6.249001],"texture":"#0"},"west":{"uv":[8,0,15.899,6.249001],"texture":"#0"},"east":{"uv":[8,0,15.899,6.249001],"texture":"#0"}}},{"__comment":"element","from":[7.45,8.36,11.9672],"to":[8.55,8.76,12.13288],"faces":{"down":{"uv":[8,0,15.899,6.249001],"texture":"#0"},"up":{"uv":[8,0,15.899,6.249001],"texture":"#0"},"west":{"uv":[8,0,15.899,6.249001],"texture":"#0"},"east":{"uv":[8,0,15.899,6.249001],"texture":"#0"}}},{"__comment":"element","from":[7.45,11.2272,0.09999999],"to":[8.55,11.39288,0.5],"rotation":{"origin":[7.95,11.31,0.3],"axis":"x","angle":45},"faces":{"north":{"uv":[8,0,15.899,6.249001],"texture":"#0"},"south":{"uv":[8,0,15.899,6.249001],"texture":"#0"},"west":{"uv":[8,0,15.899,6.249001],"texture":"#0"},"east":{"uv":[8,0,15.899,6.249001],"texture":"#0"}}},{"__comment":"element","from":[7.45,11.2272,0.09999999],"to":[8.55,11.39288,0.5],"faces":{"north":{"uv":[8,0,15.899,6.249001],"texture":"#0"},"south":{"uv":[8,0,15.899,6.249001],"texture":"#0"},"west":{"uv":[8,0,15.899,6.249001],"texture":"#0"},"east":{"uv":[8,0,15.899,6.249001],"texture":"#0"}}},{"__comment":"element","from":[7.45,11.11,0.2172],"to":[8.55,11.51,0.38288],"rotation":{"origin":[7.95,11.31,0.3],"axis":"x","angle":45},"faces":{"down":{"uv":[8,0,15.899,6.249001],"texture":"#0"},"up":{"uv":[8,0,15.899,6.249001],"texture":"#0"},"west":{"uv":[8,0,15.899,6.249001],"texture":"#0"},"east":{"uv":[8,0,15.899,6.249001],"texture":"#0"}}},{"__comment":"element","from":[7.45,11.11,0.2172],"to":[8.55,11.51,0.38288],"faces":{"down":{"uv":[8,0,15.899,6.249001],"texture":"#0"},"up":{"uv":[8,0,15.899,6.249001],"texture":"#0"},"west":{"uv":[8,0,15.899,6.249001],"texture":"#0"},"east":{"uv":[8,0,15.899,6.249001],"texture":"#0"}}},{"__comment":"element","from":[7.45,11.2272,5.35],"to":[8.55,11.39288,5.75],"rotation":{"origin":[7.95,11.31,5.55],"axis":"x","angle":45},"faces":{"north":{"uv":[8,0,15.899,6.249001],"texture":"#0"},"south":{"uv":[8,0,15.899,6.249001],"texture":"#0"},"west":{"uv":[8,0,15.899,6.249001],"texture":"#0"},"east":{"uv":[8,0,15.899,6.249001],"texture":"#0"}}},{"__comment":"element","from":[7.45,11.2272,5.35],"to":[8.55,11.39288,5.75],"faces":{"north":{"uv":[8,0,15.899,6.249001],"texture":"#0"},"south":{"uv":[8,0,15.899,6.249001],"texture":"#0"},"west":{"uv":[8,0,15.899,6.249001],"texture":"#0"},"east":{"uv":[8,0,15.899,6.249001],"texture":"#0"}}},{"__comment":"element","from":[7.45,11.11,5.4672],"to":[8.55,11.51,5.63288],"rotation":{"origin":[7.95,11.31,5.55],"axis":"x","angle":45},"faces":{"down":{"uv":[8,0,15.899,6.249001],"texture":"#0"},"up":{"uv":[8,0,15.899,6.249001],"texture":"#0"},"west":{"uv":[8,0,15.899,6.249001],"texture":"#0"},"east":{"uv":[8,0,15.899,6.249001],"texture":"#0"}}},{"__comment":"element","from":[7.45,11.11,5.4672],"to":[8.55,11.51,5.63288],"faces":{"down":{"uv":[8,0,15.899,6.249001],"texture":"#0"},"up":{"uv":[8,0,15.899,6.249001],"texture":"#0"},"west":{"uv":[8,0,15.899,6.249001],"texture":"#0"},"east":{"uv":[8,0,15.899,6.249001],"texture":"#0"}}},{"__comment":"element","from":[7.45,8.9772,5.35],"to":[8.55,9.142879,5.75],"rotation":{"origin":[7.95,9.06,5.55],"axis":"x","angle":45},"faces":{"north":{"uv":[8,0,15.899,6.249001],"texture":"#0"},"south":{"uv":[8,0,15.899,6.249001],"texture":"#0"},"west":{"uv":[8,0,15.899,6.249001],"texture":"#0"},"east":{"uv":[8,0,15.899,6.249001],"texture":"#0"}}},{"__comment":"element","from":[7.45,8.9772,5.35],"to":[8.55,9.142879,5.75],"faces":{"north":{"uv":[8,0,15.899,6.249001],"texture":"#0"},"south":{"uv":[8,0,15.899,6.249001],"texture":"#0"},"west":{"uv":[8,0,15.899,6.249001],"texture":"#0"},"east":{"uv":[8,0,15.899,6.249001],"texture":"#0"}}},{"__comment":"element","from":[7.45,8.86,5.4672],"to":[8.55,9.26,5.63288],"rotation":{"origin":[7.95,9.06,5.55],"axis":"x","angle":45},"faces":{"down":{"uv":[8,0,15.899,6.249001],"texture":"#0"},"up":{"uv":[8,0,15.899,6.249001],"texture":"#0"},"west":{"uv":[8,0,15.899,6.249001],"texture":"#0"},"east":{"uv":[8,0,15.899,6.249001],"texture":"#0"}}},{"__comment":"element","from":[7.45,8.86,5.4672],"to":[8.55,9.26,5.63288],"faces":{"down":{"uv":[8,0,15.899,6.249001],"texture":"#0"},"up":{"uv":[8,0,15.899,6.249001],"texture":"#0"},"west":{"uv":[8,0,15.899,6.249001],"texture":"#0"},"east":{"uv":[8,0,15.899,6.249001],"texture":"#0"}}},{"__comment":"element","from":[7.9068,11.585,-0.95],"to":[8.0932,12.035,0.05000001],"rotation":{"origin":[8,11.81,-0.45],"axis":"z","angle":45},"faces":{"down":{"uv":[8,0,15.899,6.249001],"texture":"#0"},"up":{"uv":[8,0,15.899,6.249001],"texture":"#0"},"north":{"uv":[8,0,15.899,6.249001],"texture":"#0"}}},{"__comment":"element","from":[7.9068,11.585,-0.95],"to":[8.0932,12.035,0.05000001],"faces":{"down":{"uv":[8,0,15.899,6.249001],"texture":"#0"},"up":{"uv":[8,0,15.899,6.249001],"texture":"#0"},"north":{"uv":[8,0,15.899,6.249001],"texture":"#0"}}},{"__comment":"element","from":[7.775,11.7168,-0.95],"to":[8.225,11.9032,0.05000001],"rotation":{"origin":[8,11.81,-0.45],"axis":"z","angle":45},"faces":{"north":{"uv":[8,0,15.899,6.249001],"texture":"#0"},"west":{"uv":[8,0,15.899,6.249001],"texture":"#0"},"east":{"uv":[8,0,15.899,6.249001],"texture":"#0"}}},{"__comment":"element","from":[7.775,11.7168,-0.95],"to":[8.225,11.9032,0.05000001],"faces":{"north":{"uv":[8,0,15.899,6.249001],"texture":"#0"},"west":{"uv":[8,0,15.899,6.249001],"texture":"#0"},"east":{"uv":[8,0,15.899,6.249001],"texture":"#0"}}},{"__comment":"element","from":[7.8447,11.435,-0.45],"to":[8.155359,12.185,0.55],"rotation":{"origin":[8,11.81,0.05],"axis":"z","angle":45},"faces":{"down":{"uv":[8,8,15.899,16],"texture":"#0"},"up":{"uv":[8,8,15.899,16],"texture":"#0"},"north":{"uv":[8,8,15.899,16],"texture":"#0"},"south":{"uv":[8,8,15.899,16],"texture":"#0"}}},{"__comment":"element","from":[7.8447,11.435,-0.45],"to":[8.155359,12.185,0.55],"faces":{"down":{"uv":[8,8,15.899,16],"texture":"#0"},"up":{"uv":[8,8,15.899,16],"texture":"#0"},"north":{"uv":[8,8,15.899,16],"texture":"#0"}}},{"__comment":"element","from":[7.625,11.6547,-0.45],"to":[8.375,11.96536,0.55],"rotation":{"origin":[8,11.81,0.05],"axis":"z","angle":45},"faces":{"north":{"uv":[8,8,15.899,16],"texture":"#0"},"south":{"uv":[8,8,15.899,16],"texture":"#0"},"west":{"uv":[8,8,15.899,16],"texture":"#0"},"east":{"uv":[8,8,15.899,16],"texture":"#0"}}},{"__comment":"element","from":[7.625,11.6547,-0.45],"to":[8.375,11.96536,0.55],"faces":{"north":{"uv":[8,8,15.899,16],"texture":"#0"},"west":{"uv":[8,8,15.899,16],"texture":"#0"},"east":{"uv":[8,8,15.899,16],"texture":"#0"}}},{"__comment":"element","from":[7.8447,11.435,-1.95],"to":[8.155359,11.535,-0.6999999],"rotation":{"origin":[8,11.81,-1.2],"axis":"z","angle":45},"faces":{"down":{"uv":[8,0,15.899,6.249001],"texture":"#0"},"up":{"uv":[8,0,15.899,6.249001],"texture":"#0"},"north":{"uv":[8,0,15.899,6.249001],"texture":"#0"},"south":{"uv":[8,0,15.899,6.249001],"texture":"#0"},"west":{"uv":[8,0,15.899,6.249001],"texture":"#0"},"east":{"uv":[8,0,15.899,6.249001],"texture":"#0"}}},{"__comment":"element","from":[7.8447,11.435,-1.95],"to":[8.155359,11.535,-1.7],"faces":{"down":{"uv":[8,0,15.899,6.249001],"texture":"#0"},"up":{"uv":[8,0,15.899,6.249001],"texture":"#0"},"north":{"uv":[8,0,15.899,6.249001],"texture":"#0"},"south":{"uv":[8,0,15.899,6.249001],"texture":"#0"}}},{"__comment":"element","from":[7.8447,11.435,-0.95],"to":[8.155359,11.535,-0.7],"faces":{"down":{"uv":[8,0,15.899,6.249001],"texture":"#0"},"up":{"uv":[8,0,15.899,6.249001],"texture":"#0"},"north":{"uv":[8,0,15.899,6.249001],"texture":"#0"},"south":{"uv":[8,0,15.899,6.249001],"texture":"#0"}}},{"__comment":"element","from":[7.8447,12.085,-1.95],"to":[8.155359,12.185,-0.6999999],"rotation":{"origin":[8,11.81,-1.2],"axis":"z","angle":45},"faces":{"down":{"uv":[8,0,15.899,6.249001],"texture":"#0"},"up":{"uv":[8,0,15.899,6.249001],"texture":"#0"},"north":{"uv":[8,0,15.899,6.249001],"texture":"#0"},"south":{"uv":[8,0,15.899,6.249001],"texture":"#0"},"west":{"uv":[8,0,15.899,6.249001],"texture":"#0"},"east":{"uv":[8,0,15.899,6.249001],"texture":"#0"}}},{"__comment":"element","from":[7.8447,12.085,-1.95],"to":[8.155359,12.185,-1.7],"faces":{"down":{"uv":[8,0,15.899,6.249001],"texture":"#0"},"up":{"uv":[8,0,15.899,6.249001],"texture":"#0"},"north":{"uv":[8,0,15.899,6.249001],"texture":"#0"},"south":{"uv":[8,0,15.899,6.249001],"texture":"#0"}}},{"__comment":"element","from":[7.8447,12.085,-0.95],"to":[8.155359,12.185,-0.7],"faces":{"down":{"uv":[8,0,15.899,6.249001],"texture":"#0"},"up":{"uv":[8,0,15.899,6.249001],"texture":"#0"},"north":{"uv":[8,0,15.899,6.249001],"texture":"#0"},"south":{"uv":[8,0,15.899,6.249001],"texture":"#0"}}},{"__comment":"element","from":[7.625,11.6547,-1.95],"to":[7.725,11.96536,-0.6999999],"rotation":{"origin":[8,11.81,-1.2],"axis":"z","angle":45},"faces":{"down":{"uv":[8,0,15.899,6.249001],"texture":"#0"},"up":{"uv":[8,0,15.899,6.249001],"texture":"#0"},"north":{"uv":[8,0,15.899,6.249001],"texture":"#0"},"south":{"uv":[8,0,15.899,6.249001],"texture":"#0"},"west":{"uv":[8,0,15.899,6.249001],"texture":"#0"},"east":{"uv":[8,0,15.899,6.249001],"texture":"#0"}}},{"__comment":"element","from":[7.625,11.6547,-1.95],"to":[7.725,11.96536,-1.7],"faces":{"north":{"uv":[8,0,15.899,6.249001],"texture":"#0"},"south":{"uv":[8,0,15.899,6.249001],"texture":"#0"},"west":{"uv":[8,0,15.899,6.249001],"texture":"#0"},"east":{"uv":[8,0,15.899,6.249001],"texture":"#0"}}},{"__comment":"element","from":[8.275,11.6547,-1.95],"to":[8.375,11.96536,-1.7],"faces":{"north":{"uv":[8,0,15.899,6.249001],"texture":"#0"},"south":{"uv":[8,0,15.899,6.249001],"texture":"#0"},"west":{"uv":[8,0,15.899,6.249001],"texture":"#0"},"east":{"uv":[8,0,15.899,6.249001],"texture":"#0"}}},{"__comment":"element","from":[7.625,11.6547,-0.95],"to":[7.725,11.96536,-0.7],"faces":{"north":{"uv":[8,0,15.899,6.249001],"texture":"#0"},"south":{"uv":[8,0,15.899,6.249001],"texture":"#0"},"west":{"uv":[8,0,15.899,6.249001],"texture":"#0"},"east":{"uv":[8,0,15.899,6.249001],"texture":"#0"}}},{"__comment":"element","from":[8.275,11.6547,-0.95],"to":[8.375,11.96536,-0.7],"faces":{"north":{"uv":[8,0,15.899,6.249001],"texture":"#0"},"south":{"uv":[8,0,15.899,6.249001],"texture":"#0"},"west":{"uv":[8,0,15.899,6.249001],"texture":"#0"},"east":{"uv":[8,0,15.899,6.249001],"texture":"#0"}}},{"__comment":"element","from":[8.275,11.6547,-1.95],"to":[8.375,11.96536,-0.6999999],"rotation":{"origin":[8,11.81,-1.2],"axis":"z","angle":45},"faces":{"down":{"uv":[8,0,15.899,6.249001],"texture":"#0"},"up":{"uv":[8,0,15.899,6.249001],"texture":"#0"},"north":{"uv":[8,0,15.899,6.249001],"texture":"#0"},"south":{"uv":[8,0,15.899,6.249001],"texture":"#0"},"west":{"uv":[8,0,15.899,6.249001],"texture":"#0"},"east":{"uv":[8,0,15.899,6.249001],"texture":"#0"}}}],"display":{"thirdperson_righthand":{"translation":[0,-2.3,2.75]},"thirdperson_lefthand":{"translation":[0,-2.3,2.75]},"firstperson_righthand":{"translation":[-0.5,-0.358,-1.695],"scale":[1.06,1.06,1.06]},"firstperson_lefthand":{"translation":[-0.5,-0.358,-1.695],"scale":[1.06,1.06,1.06]},"gui":{"rotation":[89,51,-89],"translation":[-2,-2.445,0],"scale":[0.85,0.85,0.85]},"ground":{"rotation":[0,0,90],"scale":[0.7,0.7,0.7]},"fixed":{"rotation":[0,90,0],"translation":[0,-5.565,0],"scale":[2,2,2]}}}
