{"textures":{"0":"custom/plaincolors","1":"custom/black2","2":"custom/mags","3":"custom/holo"},"elements":[{"from":[-13.8,-1,7.3],"to":[-13.3,6,8.699999],"faces":{"down":{"uv":[4,0,5,1],"texture":"#0","cullface":"west"},"up":{"uv":[4,0,5,1],"texture":"#0","cullface":"west"},"north":{"uv":[4,0,5,1],"texture":"#0","cullface":"west"},"south":{"uv":[4,0,5,1],"texture":"#0","cullface":"west"},"west":{"uv":[4,0,5,1],"texture":"#0","cullface":"west"},"east":{"uv":[0,0,1,1],"texture":"#0","cullface":"west"}}},{"from":[-14,5.5,7.3],"to":[-13.8,6,8.699999],"faces":{"down":{"uv":[4,0,5,1],"texture":"#0","cullface":"west"},"up":{"uv":[4,0,5,1],"texture":"#0","cullface":"west"},"north":{"uv":[4,0,5,1],"texture":"#0","cullface":"west"},"south":{"uv":[4,0,5,1],"texture":"#0","cullface":"west"},"west":{"uv":[4,0,5,1],"texture":"#0","cullface":"west"},"east":{"uv":[4,0,5,1],"texture":"#0","cullface":"west"}}},{"from":[-13.9,5,7.3],"to":[-13.8,5.3,8.699999],"faces":{"down":{"uv":[4,0,5,1],"texture":"#0","cullface":"west"},"up":{"uv":[4,0,5,1],"texture":"#0","cullface":"west"},"north":{"uv":[4,0,5,1],"texture":"#0","cullface":"west"},"south":{"uv":[4,0,5,1],"texture":"#0","cullface":"west"},"west":{"uv":[4,0,5,1],"texture":"#0","cullface":"west"},"east":{"uv":[4,0,5,1],"texture":"#0","cullface":"west"}}},{"from":[-13.9,4.5,7.3],"to":[-13.8,4.8,8.699999],"faces":{"down":{"uv":[4,0,5,1],"texture":"#0","cullface":"west"},"up":{"uv":[4,0,5,1],"texture":"#0","cullface":"west"},"north":{"uv":[4,0,5,1],"texture":"#0","cullface":"west"},"south":{"uv":[4,0,5,1],"texture":"#0","cullface":"west"},"west":{"uv":[4,0,5,1],"texture":"#0","cullface":"west"},"east":{"uv":[4,0,5,1],"texture":"#0","cullface":"west"}}},{"from":[-13.9,4,7.3],"to":[-13.8,4.3,8.699999],"faces":{"down":{"uv":[4,0,5,1],"texture":"#0","cullface":"west"},"up":{"uv":[4,0,5,1],"texture":"#0","cullface":"west"},"north":{"uv":[4,0,5,1],"texture":"#0","cullface":"west"},"south":{"uv":[4,0,5,1],"texture":"#0","cullface":"west"},"west":{"uv":[4,0,5,1],"texture":"#0","cullface":"west"},"east":{"uv":[4,0,5,1],"texture":"#0","cullface":"west"}}},{"from":[-13.9,3.5,7.3],"to":[-13.8,3.8,8.699999],"faces":{"down":{"uv":[4,0,5,1],"texture":"#0","cullface":"west"},"up":{"uv":[4,0,5,1],"texture":"#0","cullface":"west"},"north":{"uv":[4,0,5,1],"texture":"#0","cullface":"west"},"south":{"uv":[4,0,5,1],"texture":"#0","cullface":"west"},"west":{"uv":[4,0,5,1],"texture":"#0","cullface":"west"},"east":{"uv":[4,0,5,1],"texture":"#0","cullface":"west"}}},{"from":[-13.9,1,7.3],"to":[-13.8,1.3,8.699999],"faces":{"down":{"uv":[4,0,5,1],"texture":"#0","cullface":"west"},"up":{"uv":[4,0,5,1],"texture":"#0","cullface":"west"},"north":{"uv":[4,0,5,1],"texture":"#0","cullface":"west"},"south":{"uv":[4,0,5,1],"texture":"#0","cullface":"west"},"west":{"uv":[4,0,5,1],"texture":"#0","cullface":"west"},"east":{"uv":[4,0,5,1],"texture":"#0","cullface":"west"}}},{"from":[-13.9,0.5,7.3],"to":[-13.8,0.8,8.699999],"faces":{"down":{"uv":[4,0,5,1],"texture":"#0","cullface":"west"},"up":{"uv":[4,0,5,1],"texture":"#0","cullface":"west"},"north":{"uv":[4,0,5,1],"texture":"#0","cullface":"west"},"south":{"uv":[4,0,5,1],"texture":"#0","cullface":"west"},"west":{"uv":[4,0,5,1],"texture":"#0","cullface":"west"},"east":{"uv":[4,0,5,1],"texture":"#0","cullface":"west"}}},{"from":[-13.9,0,7.3],"to":[-13.8,0.3,8.699999],"faces":{"down":{"uv":[4,0,5,1],"texture":"#0","cullface":"west"},"up":{"uv":[4,0,5,1],"texture":"#0","cullface":"west"},"north":{"uv":[4,0,5,1],"texture":"#0","cullface":"west"},"south":{"uv":[4,0,5,1],"texture":"#0","cullface":"west"},"west":{"uv":[4,0,5,1],"texture":"#0","cullface":"west"},"east":{"uv":[4,0,5,1],"texture":"#0","cullface":"west"}}},{"from":[-13.9,-0.5,7.3],"to":[-13.8,-0.2,8.699999],"faces":{"down":{"uv":[4,0,5,1],"texture":"#0"},"up":{"uv":[4,0,5,1],"texture":"#0"},"north":{"uv":[4,0,5,1],"texture":"#0"},"south":{"uv":[4,0,5,1],"texture":"#0"},"west":{"uv":[4,0,5,1],"texture":"#0"},"east":{"uv":[4,0,5,1],"texture":"#0"}}},{"from":[-14,-1,7.3],"to":[-13.8,-0.5,8.699999],"faces":{"down":{"uv":[4,0,5,1],"texture":"#0"},"up":{"uv":[4,0,5,1],"texture":"#0"},"north":{"uv":[4,0,5,1],"texture":"#0"},"south":{"uv":[4,0,5,1],"texture":"#0"},"west":{"uv":[4,0,5,1],"texture":"#0"},"east":{"uv":[4,0,5,1],"texture":"#0"}}},{"from":[-13.3,1,7.3],"to":[-13.1,6,7.5],"faces":{"down":{"uv":[3,0,4,1],"texture":"#0","cullface":"west"},"up":{"uv":[3,0,4,1],"texture":"#0","cullface":"west"},"north":{"uv":[3,0,4,1],"texture":"#0","cullface":"west"},"south":{"uv":[3,0,4,1],"texture":"#0","cullface":"west"},"west":{"uv":[3,0,4,1],"texture":"#0","cullface":"west"},"east":{"uv":[3,0,4,1],"texture":"#0","cullface":"west"}}},{"from":[-13.3,-1,8.5],"to":[-13.1,6,8.7],"faces":{"down":{"uv":[3,0,4,1],"texture":"#0","cullface":"west"},"up":{"uv":[3,0,4,1],"texture":"#0","cullface":"west"},"north":{"uv":[3,0,4,1],"texture":"#0","cullface":"west"},"south":{"uv":[3,0,4,1],"texture":"#0","cullface":"west"},"west":{"uv":[3,0,4,1],"texture":"#0","cullface":"west"},"east":{"uv":[3,0,4,1],"texture":"#0","cullface":"west"}}},{"from":[-13.3,1,7.4],"to":[-13.1,1.2,8.5],"faces":{"down":{"uv":[3,0,4,1],"texture":"#0","cullface":"west"},"up":{"uv":[3,0,4,1],"texture":"#0","cullface":"west"},"north":{"uv":[3,0,4,1],"texture":"#0","cullface":"west"},"south":{"uv":[3,0,4,1],"texture":"#0","cullface":"west"},"west":{"uv":[3,0,4,1],"texture":"#0","cullface":"west"},"east":{"uv":[3,0,4,1],"texture":"#0","cullface":"west"}}},{"from":[-13.3,5.8,7.4],"to":[-13.1,6,8.5],"faces":{"down":{"uv":[3,0,4,1],"texture":"#0","cullface":"west"},"up":{"uv":[3,0,4,1],"texture":"#0","cullface":"west"},"north":{"uv":[3,0,4,1],"texture":"#0","cullface":"west"},"south":{"uv":[3,0,4,1],"texture":"#0","cullface":"west"},"west":{"uv":[3,0,4,1],"texture":"#0","cullface":"west"},"east":{"uv":[3,0,4,1],"texture":"#0","cullface":"west"}}},{"from":[-13.8,4.9,7.6],"to":[-12.3,5.7,8.4],"faces":{"down":{"uv":[2,0,3,1],"texture":"#0","cullface":"west"},"up":{"uv":[2,0,3,1],"texture":"#0","cullface":"west"},"north":{"uv":[2,0,3,1],"texture":"#0","cullface":"west"},"south":{"uv":[2,0,3,1],"texture":"#0","cullface":"west"},"west":{"uv":[2,0,3,1],"texture":"#0","cullface":"west"},"east":{"uv":[2,0,3,1],"texture":"#0","cullface":"west"}}},{"from":[-13.8,-0.09999999,7.6],"to":[-12.3,0.7,8.4],"faces":{"down":{"uv":[2,0,3,1],"texture":"#0","cullface":"west"},"up":{"uv":[2,0,3,1],"texture":"#0","cullface":"west"},"north":{"uv":[2,0,3,1],"texture":"#0","cullface":"west"},"south":{"uv":[2,0,3,1],"texture":"#0","cullface":"west"},"west":{"uv":[2,0,3,1],"texture":"#0","cullface":"west"},"east":{"uv":[2,0,3,1],"texture":"#0","cullface":"west"}}},{"from":[-12.8,-0.2,7.5],"to":[-11.2,0.8,8.5],"faces":{"down":{"uv":[4,0,5,1],"texture":"#0","cullface":"west"},"up":{"uv":[4,0,5,1],"texture":"#0","cullface":"west"},"north":{"uv":[4,0,5,1],"texture":"#0","cullface":"west"},"south":{"uv":[4,0,5,1],"texture":"#0","cullface":"west"},"west":{"uv":[4,0,5,1],"texture":"#0","cullface":"west"},"east":{"uv":[4,0,5,1],"texture":"#0","cullface":"west"}}},{"from":[-12.8,4.8,7.5],"to":[-11.2,5.8,8.5],"faces":{"down":{"uv":[4,0,5,1],"texture":"#0","cullface":"west"},"up":{"uv":[4,0,5,1],"texture":"#0","cullface":"west"},"north":{"uv":[4,0,5,1],"texture":"#0","cullface":"west"},"south":{"uv":[4,0,5,1],"texture":"#0","cullface":"west"},"west":{"uv":[4,0,5,1],"texture":"#0","cullface":"west"},"east":{"uv":[4,0,5,1],"texture":"#0","cullface":"west"}}},{"from":[-12.6,-0.8,7.6],"to":[-11.4,6.2,8.4],"faces":{"down":{"uv":[3,0,4,1],"texture":"#0","cullface":"west"},"up":{"uv":[3,0,4,1],"texture":"#0","cullface":"west"},"north":{"uv":[3,0,4,1],"texture":"#0","cullface":"west"},"south":{"uv":[3,0,4,1],"texture":"#0","cullface":"west"},"west":{"uv":[3,0,4,1],"texture":"#0","cullface":"west"},"east":{"uv":[3,0,4,1],"texture":"#0","cullface":"west"}}},{"from":[-11.6,6.2,7.6],"to":[-7.399999,7.2,8.4],"faces":{"down":{"uv":[3,0,4,1],"texture":"#0","cullface":"west"},"up":{"uv":[3,0,4,1],"texture":"#0","cullface":"west"},"north":{"uv":[3,0,4,1],"texture":"#0","cullface":"west"},"south":{"uv":[3,0,4,1],"texture":"#0","cullface":"west"},"west":{"uv":[3,0,4,1],"texture":"#0","cullface":"west"},"east":{"uv":[3,0,4,1],"texture":"#0","cullface":"west"}}},{"from":[-12.6,6.2,7.6],"to":[-11.4,7.6,8.4],"rotation":{"origin":[-12.6,6.2,8],"axis":"z","angle":-45},"faces":{"down":{"uv":[3,0,4,1],"texture":"#0","cullface":"west"},"up":{"uv":[3,0,4,1],"texture":"#0","cullface":"west"},"north":{"uv":[3,0,4,1],"texture":"#0","cullface":"west"},"south":{"uv":[3,0,4,1],"texture":"#0","cullface":"west"},"west":{"uv":[3,0,4,1],"texture":"#0","cullface":"west"},"east":{"uv":[3,0,4,1],"texture":"#0","cullface":"west"}}},{"from":[-12.5,6.8,7.5],"to":[-11.5,7.599999,8.5],"rotation":{"origin":[-12.6,6.2,8],"axis":"z","angle":-45},"faces":{"down":{"uv":[4,0,5,1],"texture":"#0","cullface":"west"},"up":{"uv":[4,0,5,1],"texture":"#0","cullface":"west"},"north":{"uv":[4,0,5,1],"texture":"#0","cullface":"west"},"south":{"uv":[4,0,5,1],"texture":"#0","cullface":"west"},"west":{"uv":[4,0,5,1],"texture":"#0","cullface":"west"},"east":{"uv":[4,0,5,1],"texture":"#0","cullface":"west"}}},{"from":[-12.4,5.85,7.5],"to":[-11.4,6.27,8.5],"faces":{"down":{"uv":[4,0,5,1],"texture":"#0","cullface":"west"},"up":{"uv":[4,0,5,1],"texture":"#0","cullface":"west"},"north":{"uv":[4,0,5,1],"texture":"#0","cullface":"west"},"south":{"uv":[4,0,5,1],"texture":"#0","cullface":"west"},"west":{"uv":[4,0,5,1],"texture":"#0","cullface":"west"},"east":{"uv":[4,0,5,1],"texture":"#0","cullface":"west"}}},{"from":[-12.5,6.4,7.55],"to":[-11.9,7.199999,8.549999],"rotation":{"origin":[-12.6,6.2,8],"axis":"z","angle":-45},"faces":{"down":{"uv":[4,0,5,1],"texture":"#0","cullface":"west"},"up":{"uv":[4,0,5,1],"texture":"#0","cullface":"west"},"north":{"uv":[4,0,5,1],"texture":"#0","cullface":"west"},"south":{"uv":[4,0,5,1],"texture":"#0","cullface":"west"},"west":{"uv":[4,0,5,1],"texture":"#0","cullface":"west"},"east":{"uv":[4,0,5,1],"texture":"#0","cullface":"west"}}},{"from":[-11.6,6.3,7.55],"to":[-7.399999,7.099999,8.549999],"faces":{"down":{"uv":[4,0,5,1],"texture":"#0","cullface":"west"},"up":{"uv":[4,0,5,1],"texture":"#0","cullface":"west"},"north":{"uv":[4,0,5,1],"texture":"#0","cullface":"west"},"south":{"uv":[4,0,5,1],"texture":"#0","cullface":"west"},"west":{"uv":[4,0,5,1],"texture":"#0","cullface":"west"},"east":{"uv":[4,0,5,1],"texture":"#0","cullface":"west"}}},{"from":[-7.4,6.2,7.6],"to":[-5.9,7.2,8.4],"faces":{"down":{"uv":[3,0,4,1],"texture":"#0","cullface":"west"},"up":{"uv":[3,0,4,1],"texture":"#0","cullface":"west"},"north":{"uv":[3,0,4,1],"texture":"#0","cullface":"west"},"south":{"uv":[3,0,4,1],"texture":"#0","cullface":"west"},"west":{"uv":[3,0,4,1],"texture":"#0","cullface":"west"},"east":{"uv":[3,0,4,1],"texture":"#0","cullface":"west"}}},{"from":[-7.4,6.2,7.6],"to":[-6.4,7.2,8.4],"rotation":{"origin":[-7.4,7.2,8],"axis":"z","angle":45},"faces":{"down":{"uv":[3,0,4,1],"texture":"#0","cullface":"west"},"up":{"uv":[3,0,4,1],"texture":"#0","cullface":"west"},"north":{"uv":[3,0,4,1],"texture":"#0","cullface":"west"},"south":{"uv":[3,0,4,1],"texture":"#0","cullface":"west"},"west":{"uv":[3,0,4,1],"texture":"#0","cullface":"west"},"east":{"uv":[3,0,4,1],"texture":"#0","cullface":"west"}}},{"from":[-6.7,6.2,7.6],"to":[-5.2,7.9,8.4],"faces":{"down":{"uv":[3,0,4,1],"texture":"#0","cullface":"west"},"up":{"uv":[3,0,4,1],"texture":"#0","cullface":"west"},"north":{"uv":[3,0,4,1],"texture":"#0","cullface":"west"},"south":{"uv":[3,0,4,1],"texture":"#0","cullface":"west"},"west":{"uv":[3,0,4,1],"texture":"#0","cullface":"west"},"east":{"uv":[3,0,4,1],"texture":"#0","cullface":"west"}}},{"from":[-6,6.4,7.5],"to":[-5,7.699999,8.5],"faces":{"down":{"uv":[4,0,5,1],"texture":"#0","cullface":"west"},"up":{"uv":[4,0,5,1],"texture":"#0","cullface":"west"},"north":{"uv":[4,0,5,1],"texture":"#0","cullface":"west"},"south":{"uv":[4,0,5,1],"texture":"#0","cullface":"west"},"west":{"uv":[4,0,5,1],"texture":"#0","cullface":"west"},"east":{"uv":[4,0,5,1],"texture":"#0","cullface":"west"}}},{"from":[-5.1,6.2,7.4],"to":[12.4,7.9,8.6],"faces":{"down":{"uv":[0,0,7.5,0.8000002],"texture":"#1","cullface":"west"},"up":{"uv":[0,0,7.5,0.8000002],"texture":"#1","cullface":"west"},"north":{"uv":[0,0,7.5,1.7],"texture":"#1","cullface":"west"},"south":{"uv":[0,0,7.5,1.7],"texture":"#1","cullface":"west"},"west":{"uv":[3,0,4.2,1.7],"texture":"#1","cullface":"west"},"east":{"uv":[3,0,4.2,1.7],"texture":"#1","cullface":"west"}}},{"from":[-5.2,6.3,7.6],"to":[-5.1,7.8,8.4],"faces":{"down":{"uv":[2,0,3,1],"texture":"#0","cullface":"west"},"up":{"uv":[2,0,3,1],"texture":"#0","cullface":"west"},"north":{"uv":[2,0,3,1],"texture":"#0","cullface":"west"},"south":{"uv":[2,0,3,1],"texture":"#0","cullface":"west"},"west":{"uv":[2,0,3,1],"texture":"#0","cullface":"west"},"east":{"uv":[2,0,3,1],"texture":"#0","cullface":"west"}}},{"from":[-5.1,1.2,7.5],"to":[-2.6,7.9,8.5],"rotation":{"origin":[-5.1,1.2,8],"axis":"z","angle":-22.5},"faces":{"down":{"uv":[0,8,2.5,9],"texture":"#1","cullface":"west"},"up":{"uv":[0,8,2.5,9],"texture":"#1","cullface":"west"},"north":{"uv":[0,9,2.5,15.7],"texture":"#1","cullface":"west"},"south":{"uv":[0,9,2.5,15.7],"texture":"#1","cullface":"west"},"west":{"uv":[2,9,3,15.7],"texture":"#1","cullface":"west"},"east":{"uv":[3,9,4,15.7],"texture":"#1","cullface":"west"}}},{"from":[-3.4,5.2,7.49],"to":[-0.8999999,6.9,8.5],"faces":{"down":{"uv":[0,8,2.5,9.01],"texture":"#1","cullface":"west"},"up":{"uv":[0,8,2.5,9.01],"texture":"#1","cullface":"west"},"north":{"uv":[0,9,2.5,10.7],"texture":"#1","cullface":"west"},"south":{"uv":[0,9,2.5,10.7],"texture":"#1","cullface":"west"},"west":{"uv":[2,9,3.01,10.7],"texture":"#1","cullface":"west"},"east":{"uv":[3,9,4.01,10.7],"texture":"#1","cullface":"west"}}},{"from":[-3.4,5.8,7.51],"to":[-0.8999999,6.5,8.5],"rotation":{"origin":[-3.4,5.8,8],"axis":"z","angle":22.5},"faces":{"down":{"uv":[0,8,2.5,8.99],"texture":"#1","cullface":"west"},"up":{"uv":[0,8,2.5,8.99],"texture":"#1","cullface":"west"},"north":{"uv":[0,9,2.5,9.7],"texture":"#1","cullface":"west"},"south":{"uv":[0,9,2.5,9.7],"texture":"#1","cullface":"west"},"west":{"uv":[2,9,2.99,9.7],"texture":"#1","cullface":"west"},"east":{"uv":[3,9,3.99,9.7],"texture":"#1","cullface":"west"}}},{"from":[-4.9,1.8,7.45],"to":[-2.9,5.5,8.55],"rotation":{"origin":[-5.1,1.2,8],"axis":"z","angle":-22.5},"faces":{"down":{"uv":[8,8,10,9.1],"texture":"#1","cullface":"west"},"up":{"uv":[8,8,10,9.1],"texture":"#1","cullface":"west"},"north":{"uv":[8,9,10,12.7],"texture":"#1","cullface":"west"},"south":{"uv":[8,9,10,12.7],"texture":"#1","cullface":"west"},"west":{"uv":[9,9,10.1,12.7],"texture":"#1","cullface":"west"},"east":{"uv":[9,9,10.1,12.7],"texture":"#1","cullface":"west"}}},{"from":[-2.9,1.8,7.45],"to":[-2.5,2,8.55],"rotation":{"origin":[-5.1,1.2,8],"axis":"z","angle":-22.5},"faces":{"down":{"uv":[0,0,1,1],"texture":"#0","cullface":"west"},"up":{"uv":[0,0,1,1],"texture":"#0","cullface":"west"},"north":{"uv":[0,0,1,1],"texture":"#0","cullface":"west"},"south":{"uv":[0,0,1,1],"texture":"#0","cullface":"west"},"west":{"uv":[0,0,1,1],"texture":"#0","cullface":"west"},"east":{"uv":[0,0,1,1],"texture":"#0","cullface":"west"}}},{"from":[-2.9,2.1,7.45],"to":[-2.5,2.3,8.55],"rotation":{"origin":[-5.1,1.2,8],"axis":"z","angle":-22.5},"faces":{"down":{"uv":[0,0,1,1],"texture":"#0","cullface":"west"},"up":{"uv":[0,0,1,1],"texture":"#0","cullface":"west"},"north":{"uv":[0,0,1,1],"texture":"#0","cullface":"west"},"south":{"uv":[0,0,1,1],"texture":"#0","cullface":"west"},"west":{"uv":[0,0,1,1],"texture":"#0","cullface":"west"},"east":{"uv":[0,0,1,1],"texture":"#0","cullface":"west"}}},{"from":[-2.9,2.4,7.45],"to":[-2.5,2.6,8.55],"rotation":{"origin":[-5.1,1.2,8],"axis":"z","angle":-22.5},"faces":{"down":{"uv":[0,0,1,1],"texture":"#0","cullface":"west"},"up":{"uv":[0,0,1,1],"texture":"#0","cullface":"west"},"north":{"uv":[0,0,1,1],"texture":"#0","cullface":"west"},"south":{"uv":[0,0,1,1],"texture":"#0","cullface":"west"},"west":{"uv":[0,0,1,1],"texture":"#0","cullface":"west"},"east":{"uv":[0,0,1,1],"texture":"#0","cullface":"west"}}},{"from":[-2.9,2.7,7.45],"to":[-2.5,2.9,8.55],"rotation":{"origin":[-5.1,1.2,8],"axis":"z","angle":-22.5},"faces":{"down":{"uv":[0,0,1,1],"texture":"#0","cullface":"west"},"up":{"uv":[0,0,1,1],"texture":"#0","cullface":"west"},"north":{"uv":[0,0,1,1],"texture":"#0","cullface":"west"},"south":{"uv":[0,0,1,1],"texture":"#0","cullface":"west"},"west":{"uv":[0,0,1,1],"texture":"#0","cullface":"west"},"east":{"uv":[0,0,1,1],"texture":"#0","cullface":"west"}}},{"from":[-2.9,3,7.45],"to":[-2.5,3.2,8.55],"rotation":{"origin":[-5.1,1.2,8],"axis":"z","angle":-22.5},"faces":{"down":{"uv":[0,0,1,1],"texture":"#0","cullface":"west"},"up":{"uv":[0,0,1,1],"texture":"#0","cullface":"west"},"north":{"uv":[0,0,1,1],"texture":"#0","cullface":"west"},"south":{"uv":[0,0,1,1],"texture":"#0","cullface":"west"},"west":{"uv":[0,0,1,1],"texture":"#0","cullface":"west"},"east":{"uv":[0,0,1,1],"texture":"#0","cullface":"west"}}},{"from":[-2.9,3.3,7.45],"to":[-2.5,3.5,8.55],"rotation":{"origin":[-5.1,1.2,8],"axis":"z","angle":-22.5},"faces":{"down":{"uv":[0,0,1,1],"texture":"#0","cullface":"west"},"up":{"uv":[0,0,1,1],"texture":"#0","cullface":"west"},"north":{"uv":[0,0,1,1],"texture":"#0","cullface":"west"},"south":{"uv":[0,0,1,1],"texture":"#0","cullface":"west"},"west":{"uv":[0,0,1,1],"texture":"#0","cullface":"west"},"east":{"uv":[0,0,1,1],"texture":"#0","cullface":"west"}}},{"from":[-2.9,3.6,7.45],"to":[-2.5,3.8,8.55],"rotation":{"origin":[-5.1,1.2,8],"axis":"z","angle":-22.5},"faces":{"down":{"uv":[0,0,1,1],"texture":"#0","cullface":"west"},"up":{"uv":[0,0,1,1],"texture":"#0","cullface":"west"},"north":{"uv":[0,0,1,1],"texture":"#0","cullface":"west"},"south":{"uv":[0,0,1,1],"texture":"#0","cullface":"west"},"west":{"uv":[0,0,1,1],"texture":"#0","cullface":"west"},"east":{"uv":[0,0,1,1],"texture":"#0","cullface":"west"}}},{"from":[-2.9,3.9,7.45],"to":[-2.5,4.099999,8.55],"rotation":{"origin":[-5.1,1.2,8],"axis":"z","angle":-22.5},"faces":{"down":{"uv":[0,0,1,1],"texture":"#0","cullface":"west"},"up":{"uv":[0,0,1,1],"texture":"#0","cullface":"west"},"north":{"uv":[0,0,1,1],"texture":"#0","cullface":"west"},"south":{"uv":[0,0,1,1],"texture":"#0","cullface":"west"},"west":{"uv":[0,0,1,1],"texture":"#0","cullface":"west"},"east":{"uv":[0,0,1,1],"texture":"#0","cullface":"west"}}},{"from":[-2.9,4.2,7.45],"to":[-2.5,4.4,8.55],"rotation":{"origin":[-5.1,1.2,8],"axis":"z","angle":-22.5},"faces":{"down":{"uv":[0,0,1,1],"texture":"#0","cullface":"west"},"up":{"uv":[0,0,1,1],"texture":"#0","cullface":"west"},"north":{"uv":[0,0,1,1],"texture":"#0","cullface":"west"},"south":{"uv":[0,0,1,1],"texture":"#0","cullface":"west"},"west":{"uv":[0,0,1,1],"texture":"#0","cullface":"west"},"east":{"uv":[0,0,1,1],"texture":"#0","cullface":"west"}}},{"from":[-2.9,4.5,7.45],"to":[-2.5,4.7,8.55],"rotation":{"origin":[-5.1,1.2,8],"axis":"z","angle":-22.5},"faces":{"down":{"uv":[0,0,1,1],"texture":"#0","cullface":"west"},"up":{"uv":[0,0,1,1],"texture":"#0","cullface":"west"},"north":{"uv":[0,0,1,1],"texture":"#0","cullface":"west"},"south":{"uv":[0,0,1,1],"texture":"#0","cullface":"west"},"west":{"uv":[0,0,1,1],"texture":"#0","cullface":"west"},"east":{"uv":[0,0,1,1],"texture":"#0","cullface":"west"}}},{"from":[-3.3,1,7.4],"to":[0.2,1.5,8.6],"rotation":{"origin":[-5.1,1.2,8],"axis":"z","angle":-22.5},"faces":{"down":{"uv":[0,0,3.5,1.2],"texture":"#1","cullface":"west"},"up":{"uv":[0,0,3.5,1.2],"texture":"#1","cullface":"west"},"north":{"uv":[0,1,3.5,1.5],"texture":"#1","cullface":"west"},"south":{"uv":[0,0,3.5,0.5],"texture":"#1","cullface":"west"},"west":{"uv":[0,0,1.2,0.5],"texture":"#1","cullface":"west"},"east":{"uv":[0,0,1.2,0.5],"texture":"#1","cullface":"west"}}},{"from":[-4.9,1,7.5],"to":[-3.9,1.5,8.5],"rotation":{"origin":[-5.1,1.2,8],"axis":"z","angle":-22.5},"faces":{"down":{"uv":[0,8,1,9],"texture":"#1","cullface":"west"},"up":{"uv":[0,8,1,9],"texture":"#1","cullface":"west"},"north":{"uv":[0,9,1,9.5],"texture":"#1","cullface":"west"},"south":{"uv":[0,9,1,9.5],"texture":"#1","cullface":"west"},"west":{"uv":[2,9,3,9.5],"texture":"#1","cullface":"west"},"east":{"uv":[3,9,4,9.5],"texture":"#1","cullface":"west"}}},{"from":[-1.3,-0.6,7.4],"to":[0.2,-0.09999996,8.6],"faces":{"down":{"uv":[2,2,3.5,3.2],"texture":"#1","cullface":"down"},"up":{"uv":[1,1,2.5,2.2],"texture":"#1","cullface":"down"},"north":{"uv":[2,2,3.5,2.5],"texture":"#1","cullface":"down"},"south":{"uv":[1,1,2.5,1.5],"texture":"#1","cullface":"down"},"west":{"uv":[1,2,2.2,2.5],"texture":"#1","cullface":"down"},"east":{"uv":[1,1,2.2,1.5],"texture":"#1","cullface":"down"}}},{"from":[-0.3,-1,7.4],"to":[0.7,8,8.6],"rotation":{"origin":[-0.3,-1,8],"axis":"z","angle":-22.5},"faces":{"down":{"uv":[1,1,2,2.2],"texture":"#1","cullface":"down"},"up":{"uv":[1,1,2,2.2],"texture":"#1","cullface":"down"},"north":{"uv":[1,1,2.5,7],"texture":"#1","cullface":"down"},"south":{"uv":[1,1,2.5,7],"texture":"#1","cullface":"down"},"west":{"uv":[1,1,2.2,7],"texture":"#1","cullface":"down"},"east":{"uv":[1,1,2.2,7],"texture":"#1","cullface":"down"}}},{"from":[2.6,6,7.41],"to":[3.6,7.4,8.6],"rotation":{"origin":[2.6,6,8],"axis":"z","angle":-45},"faces":{"down":{"uv":[1,1,2,2.190001],"texture":"#1"},"up":{"uv":[1,1,2,2.190001],"texture":"#1"},"north":{"uv":[1,1,2.5,7],"texture":"#1"},"south":{"uv":[1,1,2.5,8],"texture":"#1"},"west":{"uv":[1,1,2.2,8],"texture":"#1"},"east":{"uv":[1,1,2.2,8],"texture":"#1"}}},{"from":[2.5,5.4,7.42],"to":[4.5,6.8,8.6],"rotation":{"origin":[2.6,6,8],"axis":"z","angle":22.5},"faces":{"down":{"uv":[1,1,3,2.18],"texture":"#1"},"up":{"uv":[1,1,3,2.18],"texture":"#1"},"north":{"uv":[2,1,3.5,7],"texture":"#1"},"south":{"uv":[2,1,3.5,7],"texture":"#1"},"west":{"uv":[2,1,3.2,7],"texture":"#1"},"east":{"uv":[2,1,3.2,7],"texture":"#1"}}},{"from":[2,-2,7.5],"to":[6,4,8.5],"faces":{"down":{"uv":[0,8,4,9],"texture":"#1","cullface":"down"},"up":{"uv":[0,8,4,9],"texture":"#1","cullface":"down"},"north":{"uv":[0,8,4,14],"texture":"#1","cullface":"down"},"south":{"uv":[0,8,4,14],"texture":"#1","cullface":"down"},"west":{"uv":[2,8,3,14],"texture":"#1","cullface":"down"},"east":{"uv":[3,8,4,14],"texture":"#1","cullface":"down"}}},{"from":[0.6,-1.4,7.49],"to":[2.1,7.6,8.5],"rotation":{"origin":[0.6,-1.4,8],"axis":"z","angle":-22.5},"faces":{"down":{"uv":[0,8,1.5,9.01],"texture":"#1","cullface":"down"},"up":{"uv":[0,8,1.5,9.01],"texture":"#1","cullface":"down"},"north":{"uv":[0,8,1.5,15],"texture":"#1","cullface":"down"},"south":{"uv":[0,8,1.5,15],"texture":"#1","cullface":"down"},"west":{"uv":[2,8,3,16],"texture":"#1","cullface":"down"},"east":{"uv":[3,8,4,16],"texture":"#1","cullface":"down"}}},{"from":[3,2,7.51],"to":[7.6,7,8.459999],"faces":{"down":{"uv":[0,8,4.6,8.95],"texture":"#1"},"up":{"uv":[0,8,4.6,8.95],"texture":"#1"},"north":{"uv":[0,8,4.6,13],"texture":"#1"},"south":{"uv":[0,8,4.6,13],"texture":"#1"},"west":{"uv":[2,8,2.95,13],"texture":"#1"},"east":{"uv":[3,8,3.95,13],"texture":"#1"}}},{"from":[4.4,-1.4,7.5],"to":[6.1,4.6,8.5],"rotation":{"origin":[4.6,-1.4,8],"axis":"z","angle":-22.5},"faces":{"down":{"uv":[0,8,1.7,9],"texture":"#1","cullface":"down"},"up":{"uv":[0,8,1.7,9],"texture":"#1","cullface":"down"},"north":{"uv":[0,8,1.5,15],"texture":"#1","cullface":"down"},"south":{"uv":[0,8,1.5,15],"texture":"#1","cullface":"down"},"west":{"uv":[2,8,3,16],"texture":"#1","cullface":"down"},"east":{"uv":[3,8,4,16],"texture":"#1","cullface":"down"}}},{"from":[7.9,2.6,7.52],"to":[9.6,4.6,8.5],"rotation":{"origin":[7.9,2.6,8],"axis":"z","angle":45},"faces":{"down":{"uv":[0,8,1.7,8.98],"texture":"#1"},"up":{"uv":[0,8,1.7,8.98],"texture":"#1"},"north":{"uv":[0,8,1.5,15],"texture":"#1"},"south":{"uv":[0,8,1.5,15],"texture":"#1"},"west":{"uv":[2,8,3,16],"texture":"#1"},"east":{"uv":[3,8,4,16],"texture":"#1"}}},{"from":[8.4,3.2,7.51],"to":[9.4,5.2,8.5],"rotation":{"origin":[8.4,3.2,8],"axis":"z","angle":22.5},"faces":{"down":{"uv":[0,8,1,8.99],"texture":"#1"},"up":{"uv":[0,8,1,8.99],"texture":"#1"},"north":{"uv":[0,8,1.5,15],"texture":"#1"},"south":{"uv":[0,8,1.5,15],"texture":"#1"},"west":{"uv":[2,8,3,16],"texture":"#1"},"east":{"uv":[3,8,4,16],"texture":"#1"}}},{"from":[7.4,4,7.5],"to":[12.4,6.2,8.5],"faces":{"down":{"uv":[0,8,5,9],"texture":"#1"},"north":{"uv":[0,8,5,10.2],"texture":"#1"},"south":{"uv":[0,8,5,10.2],"texture":"#1"},"east":{"uv":[3,8,4,16],"texture":"#1"}}},{"from":[8.4,3.6,7.52],"to":[9.4,4.3,8.49],"faces":{"down":{"uv":[0,8,1,8.97],"texture":"#1"},"up":{"uv":[0,8,1,8.97],"texture":"#1"},"north":{"uv":[0,8,1,8.7],"texture":"#1"},"south":{"uv":[0,8,1,8.7],"texture":"#1"},"west":{"uv":[2,8,3,16],"texture":"#1"},"east":{"uv":[3,8,4,16],"texture":"#1"}}},{"from":[9.4,3.8,7.6],"to":[12.3,3.9,8.4],"faces":{"down":{"uv":[3,0,3.9,0.8000002],"texture":"#0"},"up":{"uv":[3,0,4,1],"texture":"#0"},"north":{"uv":[3,0,4,1],"texture":"#0"},"south":{"uv":[3,0,4,1],"texture":"#0"},"west":{"uv":[3,0,4,1],"texture":"#0"},"east":{"uv":[3,0,4,1],"texture":"#0"}}},{"from":[12.2,3.7,7.6],"to":[12.3,3.8,8.4],"faces":{"down":{"uv":[2,0,2.9,0.8000002],"texture":"#0"},"up":{"uv":[2,0,3,1],"texture":"#0"},"north":{"uv":[2,0,3,1],"texture":"#0"},"south":{"uv":[2,0,3,1],"texture":"#0"},"west":{"uv":[2,0,3,1],"texture":"#0"},"east":{"uv":[2,0,3,1],"texture":"#0"}}},{"from":[12,3.7,7.6],"to":[12.1,3.8,8.4],"faces":{"down":{"uv":[2,0,2.9,0.8000002],"texture":"#0"},"up":{"uv":[2,0,3,1],"texture":"#0"},"north":{"uv":[2,0,3,1],"texture":"#0"},"south":{"uv":[2,0,3,1],"texture":"#0"},"west":{"uv":[2,0,3,1],"texture":"#0"},"east":{"uv":[2,0,3,1],"texture":"#0"}}},{"from":[11.8,3.7,7.6],"to":[11.9,3.8,8.4],"faces":{"down":{"uv":[2,0,2.9,0.8000002],"texture":"#0"},"up":{"uv":[2,0,3,1],"texture":"#0"},"north":{"uv":[2,0,3,1],"texture":"#0"},"south":{"uv":[2,0,3,1],"texture":"#0"},"west":{"uv":[2,0,3,1],"texture":"#0"},"east":{"uv":[2,0,3,1],"texture":"#0"}}},{"from":[9.4,3.9,7.7],"to":[12.3,4,8.3],"faces":{"down":{"uv":[0,0,0.9,0.8000002],"texture":"#0"},"up":{"uv":[0,0,1,1],"texture":"#0"},"north":{"uv":[0,0,1,1],"texture":"#0"},"south":{"uv":[0,0,1,1],"texture":"#0"},"west":{"uv":[0,0,1,1],"texture":"#0"},"east":{"uv":[0,0,1,1],"texture":"#0"}}},{"from":[11.6,3.7,7.6],"to":[11.7,3.8,8.4],"faces":{"down":{"uv":[2,0,2.9,0.8000002],"texture":"#0"},"up":{"uv":[2,0,3,1],"texture":"#0"},"north":{"uv":[2,0,3,1],"texture":"#0"},"south":{"uv":[2,0,3,1],"texture":"#0"},"west":{"uv":[2,0,3,1],"texture":"#0"},"east":{"uv":[2,0,3,1],"texture":"#0"}}},{"from":[11.4,3.7,7.6],"to":[11.5,3.8,8.4],"faces":{"down":{"uv":[2,0,2.9,0.8000002],"texture":"#0"},"up":{"uv":[2,0,3,1],"texture":"#0"},"north":{"uv":[2,0,3,1],"texture":"#0"},"south":{"uv":[2,0,3,1],"texture":"#0"},"west":{"uv":[2,0,3,1],"texture":"#0"},"east":{"uv":[2,0,3,1],"texture":"#0"}}},{"from":[11.2,3.7,7.6],"to":[11.3,3.8,8.4],"faces":{"down":{"uv":[2,0,2.9,0.8000002],"texture":"#0"},"up":{"uv":[2,0,3,1],"texture":"#0"},"north":{"uv":[2,0,3,1],"texture":"#0"},"south":{"uv":[2,0,3,1],"texture":"#0"},"west":{"uv":[2,0,3,1],"texture":"#0"},"east":{"uv":[2,0,3,1],"texture":"#0"}}},{"from":[11,3.7,7.6],"to":[11.1,3.8,8.4],"faces":{"down":{"uv":[2,0,2.9,0.8000002],"texture":"#0"},"up":{"uv":[2,0,3,1],"texture":"#0"},"north":{"uv":[2,0,3,1],"texture":"#0"},"south":{"uv":[2,0,3,1],"texture":"#0"},"west":{"uv":[2,0,3,1],"texture":"#0"},"east":{"uv":[2,0,3,1],"texture":"#0"}}},{"from":[10.8,3.7,7.6],"to":[10.9,3.8,8.4],"faces":{"down":{"uv":[2,0,2.9,0.8000002],"texture":"#0"},"up":{"uv":[2,0,3,1],"texture":"#0"},"north":{"uv":[2,0,3,1],"texture":"#0"},"south":{"uv":[2,0,3,1],"texture":"#0"},"west":{"uv":[2,0,3,1],"texture":"#0"},"east":{"uv":[2,0,3,1],"texture":"#0"}}},{"from":[10.6,3.7,7.6],"to":[10.7,3.8,8.4],"faces":{"down":{"uv":[2,0,2.9,0.8000002],"texture":"#0"},"up":{"uv":[2,0,3,1],"texture":"#0"},"north":{"uv":[2,0,3,1],"texture":"#0"},"south":{"uv":[2,0,3,1],"texture":"#0"},"west":{"uv":[2,0,3,1],"texture":"#0"},"east":{"uv":[2,0,3,1],"texture":"#0"}}},{"from":[10.4,3.7,7.6],"to":[10.5,3.8,8.4],"faces":{"down":{"uv":[2,0,2.9,0.8000002],"texture":"#0"},"up":{"uv":[2,0,3,1],"texture":"#0"},"north":{"uv":[2,0,3,1],"texture":"#0"},"south":{"uv":[2,0,3,1],"texture":"#0"},"west":{"uv":[2,0,3,1],"texture":"#0"},"east":{"uv":[2,0,3,1],"texture":"#0"}}},{"from":[10.2,3.7,7.6],"to":[10.3,3.8,8.4],"faces":{"down":{"uv":[2,0,2.9,0.8000002],"texture":"#0"},"up":{"uv":[2,0,3,1],"texture":"#0"},"north":{"uv":[2,0,3,1],"texture":"#0"},"south":{"uv":[2,0,3,1],"texture":"#0"},"west":{"uv":[2,0,3,1],"texture":"#0"},"east":{"uv":[2,0,3,1],"texture":"#0"}}},{"from":[10,3.7,7.6],"to":[10.1,3.8,8.4],"faces":{"down":{"uv":[2,0,2.9,0.8000002],"texture":"#0"},"up":{"uv":[2,0,3,1],"texture":"#0"},"north":{"uv":[2,0,3,1],"texture":"#0"},"south":{"uv":[2,0,3,1],"texture":"#0"},"west":{"uv":[2,0,3,1],"texture":"#0"},"east":{"uv":[2,0,3,1],"texture":"#0"}}},{"from":[9.8,3.7,7.6],"to":[9.9,3.8,8.4],"faces":{"down":{"uv":[2,0,2.9,0.8000002],"texture":"#0"},"up":{"uv":[2,0,3,1],"texture":"#0"},"north":{"uv":[2,0,3,1],"texture":"#0"},"south":{"uv":[2,0,3,1],"texture":"#0"},"west":{"uv":[2,0,3,1],"texture":"#0"},"east":{"uv":[2,0,3,1],"texture":"#0"}}},{"from":[9.599999,3.7,7.6],"to":[9.699999,3.8,8.4],"faces":{"down":{"uv":[2,0,2.9,0.8000002],"texture":"#0"},"up":{"uv":[2,0,3,1],"texture":"#0"},"north":{"uv":[2,0,3,1],"texture":"#0"},"south":{"uv":[2,0,3,1],"texture":"#0"},"west":{"uv":[2,0,3,1],"texture":"#0"},"east":{"uv":[2,0,3,1],"texture":"#0"}}},{"from":[9.4,3.7,7.6],"to":[9.5,3.8,8.4],"faces":{"down":{"uv":[2,0,2.9,0.8000002],"texture":"#0"},"up":{"uv":[2,0,3,1],"texture":"#0"},"north":{"uv":[2,0,3,1],"texture":"#0"},"south":{"uv":[2,0,3,1],"texture":"#0"},"west":{"uv":[2,0,3,1],"texture":"#0"},"east":{"uv":[2,0,3,1],"texture":"#0"}}},{"from":[9.7,3.2,7.5],"to":[11.8,3.9,8.5],"faces":{"down":{"uv":[3,0,3.9,0.8000002],"texture":"#0"},"up":{"uv":[3,0,4,1],"texture":"#0"},"north":{"uv":[3,0,4,1],"texture":"#0"},"south":{"uv":[3,0,4,1],"texture":"#0"},"west":{"uv":[3,0,4,1],"texture":"#0"},"east":{"uv":[3,0,4,1],"texture":"#0"}}},{"from":[10.3,-1.8,7.5],"to":[11.3,3.2,8.5],"faces":{"down":{"uv":[2,0,2.9,0.8000002],"texture":"#0","cullface":"down"},"up":{"uv":[2,0,3,1],"texture":"#0","cullface":"down"},"north":{"uv":[2,0,3,1],"texture":"#0","cullface":"down"},"south":{"uv":[2,0,3,1],"texture":"#0","cullface":"down"},"west":{"uv":[2,0,3,1],"texture":"#0","cullface":"down"},"east":{"uv":[2,0,3,1],"texture":"#0","cullface":"down"}}},{"from":[10.1,-1.5,7.4],"to":[11.5,2.4,8.799999],"faces":{"down":{"uv":[3,0,3.9,0.8000002],"texture":"#0","cullface":"down"},"up":{"uv":[3,0,4,1],"texture":"#0","cullface":"down"},"north":{"uv":[3,0,4,1],"texture":"#0","cullface":"down"},"south":{"uv":[3,0,4,1],"texture":"#0","cullface":"down"},"west":{"uv":[3,0,4,1],"texture":"#0","cullface":"down"},"east":{"uv":[3,0,4,1],"texture":"#0","cullface":"down"}}},{"from":[10.2,2.5,7.4],"to":[11.4,3.1,8.6],"faces":{"down":{"uv":[3,0,3.9,0.8000002],"texture":"#0"},"up":{"uv":[3,0,4,1],"texture":"#0"},"north":{"uv":[3,0,4,1],"texture":"#0"},"south":{"uv":[3,0,4,1],"texture":"#0"},"west":{"uv":[3,0,4,1],"texture":"#0"},"east":{"uv":[3,0,4,1],"texture":"#0"}}},{"from":[10.2,-1.7,7.4],"to":[11.4,-1.6,8.6],"faces":{"down":{"uv":[3,0,3.9,0.8000002],"texture":"#0","cullface":"down"},"up":{"uv":[3,0,4,1],"texture":"#0","cullface":"down"},"north":{"uv":[3,0,4,1],"texture":"#0","cullface":"down"},"south":{"uv":[3,0,4,1],"texture":"#0","cullface":"down"},"west":{"uv":[3,0,4,1],"texture":"#0","cullface":"down"},"east":{"uv":[3,0,4,1],"texture":"#0","cullface":"down"}}},{"from":[4.4,-6.4,7.7],"to":[5.9,-1.4,8.3],"rotation":{"origin":[4.6,-1.4,8],"axis":"z","angle":-22.5},"faces":{"down":{"uv":[14,10,16,11],"texture":"#2","cullface":"down","rotation":180},"north":{"uv":[14,10,16,16],"texture":"#2","cullface":"down"},"south":{"uv":[14,10,16,16],"texture":"#2","cullface":"down","rotation":180},"west":{"uv":[14,10,15,16],"texture":"#2","cullface":"down"},"east":{"uv":[14,10,15,16],"texture":"#2","cullface":"down"}}},{"from":[12.4,4.8,7.6],"to":[12.9,5.599999,8.4],"faces":{"down":{"uv":[0,0,1,1],"texture":"#0"},"up":{"uv":[0,0,1,0.8000002],"texture":"#0"},"north":{"uv":[0,0,1,1],"texture":"#0"},"south":{"uv":[0,0,1,1],"texture":"#0"},"west":{"uv":[0,0,1,1],"texture":"#0"},"east":{"uv":[0,0,1,1],"texture":"#0"}}},{"from":[12.9,4.4,7.2],"to":[13.4,6,8.8],"faces":{"down":{"uv":[3,0,4,1],"texture":"#0"},"up":{"uv":[3,0,4,0.8000002],"texture":"#0"},"north":{"uv":[3,0,4,1],"texture":"#0"},"south":{"uv":[3,0,4,1],"texture":"#0"},"west":{"uv":[3,0,4,1],"texture":"#0"},"east":{"uv":[3,0,4,1],"texture":"#0"}}},{"from":[13.4,4.4,7.2],"to":[20.9,6,8.8],"faces":{"down":{"uv":[4,0,5,1],"texture":"#0","cullface":"east"},"up":{"uv":[4,0,5,0.8000002],"texture":"#0","cullface":"east"},"north":{"uv":[4,0,5,1],"texture":"#0","cullface":"east"},"south":{"uv":[4,0,5,1],"texture":"#0","cullface":"east"},"west":{"uv":[4,0,5,1],"texture":"#0","cullface":"east"},"east":{"uv":[0,0,1,1],"texture":"#0","cullface":"east"}}},{"from":[20.9,4.4,7.2],"to":[21.4,4.9,8.8],"faces":{"down":{"uv":[3,0,4,1],"texture":"#0","cullface":"east"},"up":{"uv":[3,0,4,0.8000002],"texture":"#0","cullface":"east"},"north":{"uv":[3,0,4,1],"texture":"#0","cullface":"east"},"south":{"uv":[3,0,4,1],"texture":"#0","cullface":"east"},"west":{"uv":[3,0,4,1],"texture":"#0","cullface":"east"},"east":{"uv":[3,0,4,1],"texture":"#0","cullface":"east"}}},{"from":[20.9,5.5,7.2],"to":[21.4,6,8.8],"faces":{"down":{"uv":[3,0,4,1],"texture":"#0","cullface":"east"},"up":{"uv":[3,0,4,0.8000002],"texture":"#0","cullface":"east"},"north":{"uv":[3,0,4,1],"texture":"#0","cullface":"east"},"south":{"uv":[3,0,4,1],"texture":"#0","cullface":"east"},"west":{"uv":[3,0,4,1],"texture":"#0","cullface":"east"},"east":{"uv":[3,0,4,1],"texture":"#0","cullface":"east"}}},{"from":[20.9,4.8,7.2],"to":[21.4,5.8,7.7],"faces":{"down":{"uv":[3,0,4,1],"texture":"#0","cullface":"east"},"up":{"uv":[3,0,4,0.8000002],"texture":"#0","cullface":"east"},"north":{"uv":[3,0,4,1],"texture":"#0","cullface":"east"},"south":{"uv":[3,0,4,1],"texture":"#0","cullface":"east"},"west":{"uv":[3,0,4,1],"texture":"#0","cullface":"east"},"east":{"uv":[3,0,4,1],"texture":"#0","cullface":"east"}}},{"from":[20.9,4.8,8.3],"to":[21.4,5.8,8.8],"faces":{"down":{"uv":[3,0,4,1],"texture":"#0","cullface":"east"},"up":{"uv":[3,0,4,0.8000002],"texture":"#0","cullface":"east"},"north":{"uv":[3,0,4,1],"texture":"#0","cullface":"east"},"south":{"uv":[3,0,4,1],"texture":"#0","cullface":"east"},"west":{"uv":[3,0,4,1],"texture":"#0","cullface":"east"},"east":{"uv":[3,0,4,1],"texture":"#0","cullface":"east"}}},{"from":[-5.1,7.9,7.5],"to":[12.4,8.1,8.5],"faces":{"up":{"uv":[0,0,1,1],"texture":"#0","cullface":"west"},"north":{"uv":[0,0,1,1],"texture":"#0","cullface":"west"},"south":{"uv":[0,0,1,1],"texture":"#0","cullface":"west"},"west":{"uv":[0,0,1,1],"texture":"#0","cullface":"west"},"east":{"uv":[0,0,1,1],"texture":"#0","cullface":"west"}}},{"from":[-5.1,8.099999,7.6],"to":[12.4,8.199999,8.4],"faces":{"up":{"uv":[3,0,4,1],"texture":"#0","cullface":"west"},"north":{"uv":[3,0,4,1],"texture":"#0","cullface":"west"},"south":{"uv":[3,0,4,1],"texture":"#0","cullface":"west"},"west":{"uv":[3,0,4,1],"texture":"#0","cullface":"west"},"east":{"uv":[3,0,4,1],"texture":"#0","cullface":"west"}}},{"from":[11.9,8.2,7.6],"to":[12.4,8.4,8.4],"faces":{"up":{"uv":[3,0,4,1],"texture":"#0"},"north":{"uv":[3,0,4,1],"texture":"#0"},"south":{"uv":[3,0,4,1],"texture":"#0"},"west":{"uv":[3,0,4,1],"texture":"#0"},"east":{"uv":[3,0,4,1],"texture":"#0"}}},{"from":[11.5,8.2,7.6],"to":[11.7,8.4,8.4],"faces":{"up":{"uv":[3,0,4,1],"texture":"#0"},"north":{"uv":[3,0,4,1],"texture":"#0"},"south":{"uv":[3,0,4,1],"texture":"#0"},"west":{"uv":[3,0,4,1],"texture":"#0"},"east":{"uv":[3,0,4,1],"texture":"#0"}}},{"from":[11.1,8.2,7.6],"to":[11.3,8.4,8.4],"faces":{"up":{"uv":[3,0,4,1],"texture":"#0"},"north":{"uv":[3,0,4,1],"texture":"#0"},"south":{"uv":[3,0,4,1],"texture":"#0"},"west":{"uv":[3,0,4,1],"texture":"#0"},"east":{"uv":[3,0,4,1],"texture":"#0"}}},{"from":[10.7,8.2,7.6],"to":[10.9,8.4,8.4],"faces":{"up":{"uv":[3,0,4,1],"texture":"#0"},"north":{"uv":[3,0,4,1],"texture":"#0"},"south":{"uv":[3,0,4,1],"texture":"#0"},"west":{"uv":[3,0,4,1],"texture":"#0"},"east":{"uv":[3,0,4,1],"texture":"#0"}}},{"from":[10.3,8.2,7.6],"to":[10.5,8.4,8.4],"faces":{"up":{"uv":[3,0,4,1],"texture":"#0"},"north":{"uv":[3,0,4,1],"texture":"#0"},"south":{"uv":[3,0,4,1],"texture":"#0"},"west":{"uv":[3,0,4,1],"texture":"#0"},"east":{"uv":[3,0,4,1],"texture":"#0"}}},{"from":[9.9,8.2,7.6],"to":[10.1,8.4,8.4],"faces":{"up":{"uv":[3,0,4,1],"texture":"#0"},"north":{"uv":[3,0,4,1],"texture":"#0"},"south":{"uv":[3,0,4,1],"texture":"#0"},"west":{"uv":[3,0,4,1],"texture":"#0"},"east":{"uv":[3,0,4,1],"texture":"#0"}}},{"from":[9.5,8.2,7.6],"to":[9.7,8.4,8.4],"faces":{"up":{"uv":[3,0,4,1],"texture":"#0"},"north":{"uv":[3,0,4,1],"texture":"#0"},"south":{"uv":[3,0,4,1],"texture":"#0"},"west":{"uv":[3,0,4,1],"texture":"#0"},"east":{"uv":[3,0,4,1],"texture":"#0"}}},{"from":[9.099999,8.2,7.6],"to":[9.299999,8.4,8.4],"faces":{"up":{"uv":[3,0,4,1],"texture":"#0"},"north":{"uv":[3,0,4,1],"texture":"#0"},"south":{"uv":[3,0,4,1],"texture":"#0"},"west":{"uv":[3,0,4,1],"texture":"#0"},"east":{"uv":[3,0,4,1],"texture":"#0"}}},{"from":[8.7,8.2,7.6],"to":[8.9,8.4,8.4],"faces":{"up":{"uv":[3,0,4,1],"texture":"#0"},"north":{"uv":[3,0,4,1],"texture":"#0"},"south":{"uv":[3,0,4,1],"texture":"#0"},"west":{"uv":[3,0,4,1],"texture":"#0"},"east":{"uv":[3,0,4,1],"texture":"#0"}}},{"from":[8.3,8.2,7.6],"to":[8.5,8.4,8.4],"faces":{"up":{"uv":[3,0,4,1],"texture":"#0"},"north":{"uv":[3,0,4,1],"texture":"#0"},"south":{"uv":[3,0,4,1],"texture":"#0"},"west":{"uv":[3,0,4,1],"texture":"#0"},"east":{"uv":[3,0,4,1],"texture":"#0"}}},{"from":[7.9,8.2,7.6],"to":[8.1,8.4,8.4],"faces":{"up":{"uv":[3,0,4,1],"texture":"#0"},"north":{"uv":[3,0,4,1],"texture":"#0"},"south":{"uv":[3,0,4,1],"texture":"#0"},"west":{"uv":[3,0,4,1],"texture":"#0"},"east":{"uv":[3,0,4,1],"texture":"#0"}}},{"from":[7.5,8.2,7.6],"to":[7.7,8.4,8.4],"faces":{"up":{"uv":[3,0,4,1],"texture":"#0"},"north":{"uv":[3,0,4,1],"texture":"#0"},"south":{"uv":[3,0,4,1],"texture":"#0"},"west":{"uv":[3,0,4,1],"texture":"#0"},"east":{"uv":[3,0,4,1],"texture":"#0"}}},{"from":[7.1,8.2,7.6],"to":[7.3,8.4,8.4],"faces":{"up":{"uv":[3,0,4,1],"texture":"#0"},"north":{"uv":[3,0,4,1],"texture":"#0"},"south":{"uv":[3,0,4,1],"texture":"#0"},"west":{"uv":[3,0,4,1],"texture":"#0"},"east":{"uv":[3,0,4,1],"texture":"#0"}}},{"from":[6.7,8.2,7.6],"to":[6.9,8.4,8.4],"faces":{"up":{"uv":[3,0,4,1],"texture":"#0"},"north":{"uv":[3,0,4,1],"texture":"#0"},"south":{"uv":[3,0,4,1],"texture":"#0"},"west":{"uv":[3,0,4,1],"texture":"#0"},"east":{"uv":[3,0,4,1],"texture":"#0"}}},{"from":[6.3,8.2,7.6],"to":[6.5,8.4,8.4],"faces":{"up":{"uv":[3,0,4,1],"texture":"#0"},"north":{"uv":[3,0,4,1],"texture":"#0"},"south":{"uv":[3,0,4,1],"texture":"#0"},"west":{"uv":[3,0,4,1],"texture":"#0"},"east":{"uv":[3,0,4,1],"texture":"#0"}}},{"from":[5.9,8.2,7.6],"to":[6.099999,8.4,8.4],"faces":{"up":{"uv":[3,0,4,1],"texture":"#0"},"north":{"uv":[3,0,4,1],"texture":"#0"},"south":{"uv":[3,0,4,1],"texture":"#0"},"west":{"uv":[3,0,4,1],"texture":"#0"},"east":{"uv":[3,0,4,1],"texture":"#0"}}},{"from":[5.5,8.2,7.6],"to":[5.7,8.4,8.4],"faces":{"up":{"uv":[3,0,4,1],"texture":"#0"},"north":{"uv":[3,0,4,1],"texture":"#0"},"south":{"uv":[3,0,4,1],"texture":"#0"},"west":{"uv":[3,0,4,1],"texture":"#0"},"east":{"uv":[3,0,4,1],"texture":"#0"}}},{"from":[5.1,8.2,7.6],"to":[5.3,8.4,8.4],"faces":{"up":{"uv":[3,0,4,1],"texture":"#0"},"north":{"uv":[3,0,4,1],"texture":"#0"},"south":{"uv":[3,0,4,1],"texture":"#0"},"west":{"uv":[3,0,4,1],"texture":"#0"},"east":{"uv":[3,0,4,1],"texture":"#0"}}},{"from":[4.7,8.2,7.6],"to":[4.9,8.4,8.4],"faces":{"up":{"uv":[3,0,4,1],"texture":"#0"},"north":{"uv":[3,0,4,1],"texture":"#0"},"south":{"uv":[3,0,4,1],"texture":"#0"},"west":{"uv":[3,0,4,1],"texture":"#0"},"east":{"uv":[3,0,4,1],"texture":"#0"}}},{"from":[4.3,8.2,7.6],"to":[4.5,8.4,8.4],"faces":{"up":{"uv":[3,0,4,1],"texture":"#0"},"north":{"uv":[3,0,4,1],"texture":"#0"},"south":{"uv":[3,0,4,1],"texture":"#0"},"west":{"uv":[3,0,4,1],"texture":"#0"},"east":{"uv":[3,0,4,1],"texture":"#0"}}},{"from":[3.9,8.2,7.6],"to":[4.099999,8.4,8.4],"faces":{"up":{"uv":[3,0,4,1],"texture":"#0"},"north":{"uv":[3,0,4,1],"texture":"#0"},"south":{"uv":[3,0,4,1],"texture":"#0"},"west":{"uv":[3,0,4,1],"texture":"#0"},"east":{"uv":[3,0,4,1],"texture":"#0"}}},{"from":[3.5,8.2,7.6],"to":[3.7,8.4,8.4],"faces":{"up":{"uv":[3,0,4,1],"texture":"#0"},"north":{"uv":[3,0,4,1],"texture":"#0"},"south":{"uv":[3,0,4,1],"texture":"#0"},"west":{"uv":[3,0,4,1],"texture":"#0"},"east":{"uv":[3,0,4,1],"texture":"#0"}}},{"from":[3.1,8.2,7.6],"to":[3.3,8.4,8.4],"faces":{"up":{"uv":[3,0,4,1],"texture":"#0"},"north":{"uv":[3,0,4,1],"texture":"#0"},"south":{"uv":[3,0,4,1],"texture":"#0"},"west":{"uv":[3,0,4,1],"texture":"#0"},"east":{"uv":[3,0,4,1],"texture":"#0"}}},{"from":[2.7,8.2,7.6],"to":[2.9,8.4,8.4],"faces":{"up":{"uv":[3,0,4,1],"texture":"#0"},"north":{"uv":[3,0,4,1],"texture":"#0"},"south":{"uv":[3,0,4,1],"texture":"#0"},"west":{"uv":[3,0,4,1],"texture":"#0"},"east":{"uv":[3,0,4,1],"texture":"#0"}}},{"from":[2.3,8.2,7.6],"to":[2.5,8.4,8.4],"faces":{"up":{"uv":[3,0,4,1],"texture":"#0"},"north":{"uv":[3,0,4,1],"texture":"#0"},"south":{"uv":[3,0,4,1],"texture":"#0"},"west":{"uv":[3,0,4,1],"texture":"#0"},"east":{"uv":[3,0,4,1],"texture":"#0"}}},{"from":[1.9,8.2,7.6],"to":[2.1,8.4,8.4],"faces":{"up":{"uv":[3,0,4,1],"texture":"#0"},"north":{"uv":[3,0,4,1],"texture":"#0"},"south":{"uv":[3,0,4,1],"texture":"#0"},"west":{"uv":[3,0,4,1],"texture":"#0"},"east":{"uv":[3,0,4,1],"texture":"#0"}}},{"from":[1.5,8.2,7.6],"to":[1.7,8.4,8.4],"faces":{"up":{"uv":[3,0,4,1],"texture":"#0"},"north":{"uv":[3,0,4,1],"texture":"#0"},"south":{"uv":[3,0,4,1],"texture":"#0"},"west":{"uv":[3,0,4,1],"texture":"#0"},"east":{"uv":[3,0,4,1],"texture":"#0"}}},{"from":[1.1,8.2,7.6],"to":[1.3,8.4,8.4],"faces":{"up":{"uv":[3,0,4,1],"texture":"#0"},"north":{"uv":[3,0,4,1],"texture":"#0"},"south":{"uv":[3,0,4,1],"texture":"#0"},"west":{"uv":[3,0,4,1],"texture":"#0"},"east":{"uv":[3,0,4,1],"texture":"#0"}}},{"from":[0.7,8.2,7.6],"to":[0.9,8.4,8.4],"faces":{"up":{"uv":[3,0,4,1],"texture":"#0"},"north":{"uv":[3,0,4,1],"texture":"#0"},"south":{"uv":[3,0,4,1],"texture":"#0"},"west":{"uv":[3,0,4,1],"texture":"#0"},"east":{"uv":[3,0,4,1],"texture":"#0"}}},{"from":[0.3,8.2,7.6],"to":[0.5,8.4,8.4],"faces":{"up":{"uv":[3,0,4,1],"texture":"#0"},"north":{"uv":[3,0,4,1],"texture":"#0"},"south":{"uv":[3,0,4,1],"texture":"#0"},"west":{"uv":[3,0,4,1],"texture":"#0"},"east":{"uv":[3,0,4,1],"texture":"#0"}}},{"from":[-0.09999999,8.2,7.6],"to":[0.1,8.4,8.4],"faces":{"up":{"uv":[3,0,4,1],"texture":"#0"},"north":{"uv":[3,0,4,1],"texture":"#0"},"south":{"uv":[3,0,4,1],"texture":"#0"},"west":{"uv":[3,0,4,1],"texture":"#0","cullface":"west"},"east":{"uv":[3,0,4,1],"texture":"#0"}}},{"from":[-0.5,8.2,7.6],"to":[-0.3,8.4,8.4],"faces":{"up":{"uv":[3,0,4,1],"texture":"#0","cullface":"west"},"north":{"uv":[3,0,4,1],"texture":"#0","cullface":"west"},"south":{"uv":[3,0,4,1],"texture":"#0","cullface":"west"},"west":{"uv":[3,0,4,1],"texture":"#0","cullface":"west"},"east":{"uv":[3,0,4,1],"texture":"#0","cullface":"west"}}},{"from":[-0.9,8.2,7.6],"to":[-0.7,8.4,8.4],"faces":{"up":{"uv":[3,0,4,1],"texture":"#0","cullface":"west"},"north":{"uv":[3,0,4,1],"texture":"#0","cullface":"west"},"south":{"uv":[3,0,4,1],"texture":"#0","cullface":"west"},"west":{"uv":[3,0,4,1],"texture":"#0","cullface":"west"},"east":{"uv":[3,0,4,1],"texture":"#0","cullface":"west"}}},{"from":[-1.3,8.2,7.6],"to":[-1.1,8.4,8.4],"faces":{"up":{"uv":[3,0,4,1],"texture":"#0","cullface":"west"},"north":{"uv":[3,0,4,1],"texture":"#0","cullface":"west"},"south":{"uv":[3,0,4,1],"texture":"#0","cullface":"west"},"west":{"uv":[3,0,4,1],"texture":"#0","cullface":"west"},"east":{"uv":[3,0,4,1],"texture":"#0","cullface":"west"}}},{"from":[-1.7,8.2,7.6],"to":[-1.5,8.4,8.4],"faces":{"up":{"uv":[3,0,4,1],"texture":"#0","cullface":"west"},"north":{"uv":[3,0,4,1],"texture":"#0","cullface":"west"},"south":{"uv":[3,0,4,1],"texture":"#0","cullface":"west"},"west":{"uv":[3,0,4,1],"texture":"#0","cullface":"west"},"east":{"uv":[3,0,4,1],"texture":"#0","cullface":"west"}}},{"from":[-2.1,8.2,7.6],"to":[-1.9,8.4,8.4],"faces":{"up":{"uv":[3,0,4,1],"texture":"#0","cullface":"west"},"north":{"uv":[3,0,4,1],"texture":"#0","cullface":"west"},"south":{"uv":[3,0,4,1],"texture":"#0","cullface":"west"},"west":{"uv":[3,0,4,1],"texture":"#0","cullface":"west"},"east":{"uv":[3,0,4,1],"texture":"#0","cullface":"west"}}},{"from":[-2.5,8.2,7.6],"to":[-2.3,8.4,8.4],"faces":{"up":{"uv":[3,0,4,1],"texture":"#0","cullface":"west"},"north":{"uv":[3,0,4,1],"texture":"#0","cullface":"west"},"south":{"uv":[3,0,4,1],"texture":"#0","cullface":"west"},"west":{"uv":[3,0,4,1],"texture":"#0","cullface":"west"},"east":{"uv":[3,0,4,1],"texture":"#0","cullface":"west"}}},{"from":[-2.9,8.2,7.6],"to":[-2.7,8.4,8.4],"faces":{"up":{"uv":[3,0,4,1],"texture":"#0","cullface":"west"},"north":{"uv":[3,0,4,1],"texture":"#0","cullface":"west"},"south":{"uv":[3,0,4,1],"texture":"#0","cullface":"west"},"west":{"uv":[3,0,4,1],"texture":"#0","cullface":"west"},"east":{"uv":[3,0,4,1],"texture":"#0","cullface":"west"}}},{"from":[-3.3,8.2,7.6],"to":[-3.1,8.4,8.4],"faces":{"up":{"uv":[3,0,4,1],"texture":"#0","cullface":"west"},"north":{"uv":[3,0,4,1],"texture":"#0","cullface":"west"},"south":{"uv":[3,0,4,1],"texture":"#0","cullface":"west"},"west":{"uv":[3,0,4,1],"texture":"#0","cullface":"west"},"east":{"uv":[3,0,4,1],"texture":"#0","cullface":"west"}}},{"from":[-3.7,8.2,7.6],"to":[-3.5,8.4,8.4],"faces":{"up":{"uv":[3,0,4,1],"texture":"#0","cullface":"west"},"north":{"uv":[3,0,4,1],"texture":"#0","cullface":"west"},"south":{"uv":[3,0,4,1],"texture":"#0","cullface":"west"},"west":{"uv":[3,0,4,1],"texture":"#0","cullface":"west"},"east":{"uv":[3,0,4,1],"texture":"#0","cullface":"west"}}},{"from":[-4.1,8.2,7.6],"to":[-3.9,8.4,8.4],"faces":{"up":{"uv":[3,0,4,1],"texture":"#0","cullface":"west"},"north":{"uv":[3,0,4,1],"texture":"#0","cullface":"west"},"south":{"uv":[3,0,4,1],"texture":"#0","cullface":"west"},"west":{"uv":[3,0,4,1],"texture":"#0","cullface":"west"},"east":{"uv":[3,0,4,1],"texture":"#0","cullface":"west"}}},{"from":[-4.5,8.2,7.6],"to":[-4.3,8.4,8.4],"faces":{"up":{"uv":[3,0,4,1],"texture":"#0","cullface":"west"},"north":{"uv":[3,0,4,1],"texture":"#0","cullface":"west"},"south":{"uv":[3,0,4,1],"texture":"#0","cullface":"west"},"west":{"uv":[3,0,4,1],"texture":"#0","cullface":"west"},"east":{"uv":[3,0,4,1],"texture":"#0","cullface":"west"}}},{"from":[-5.1,8.2,7.5],"to":[-4.6,8.5,8.5],"faces":{"down":{"uv":[3,0,4,1],"texture":"#0","cullface":"west"},"up":{"uv":[3,0,4,1],"texture":"#0","cullface":"west"},"north":{"uv":[3,0,4,1],"texture":"#0","cullface":"west"},"south":{"uv":[3,0,4,1],"texture":"#0","cullface":"west"},"west":{"uv":[3,0,4,1],"texture":"#0","cullface":"west"},"east":{"uv":[3,0,4,1],"texture":"#0","cullface":"west"}}},{"from":[-2.9,5.8,7.6],"to":[-1.5,6,8.6],"rotation":{"origin":[-5.1,1.2,8],"axis":"z","angle":-22.5},"faces":{"down":{"uv":[3,0,4,1],"texture":"#0","cullface":"west"},"up":{"uv":[3,0,4,1],"texture":"#0","cullface":"west"},"north":{"uv":[3,0,4,1],"texture":"#0","cullface":"west"},"south":{"uv":[3,0,4,1],"texture":"#0","cullface":"west"},"west":{"uv":[3,0,4,1],"texture":"#0","cullface":"west"},"east":{"uv":[3,0,4,1],"texture":"#0","cullface":"west"}}},{"from":[0,4.1,7.6],"to":[1.9,4.3,8.6],"faces":{"down":{"uv":[3,0,4,1],"texture":"#0"},"up":{"uv":[3,0,4,1],"texture":"#0"},"north":{"uv":[3,0,4,1],"texture":"#0"},"south":{"uv":[3,0,4,1],"texture":"#0"},"west":{"uv":[3,0,4,1],"texture":"#0","cullface":"west"},"east":{"uv":[3,0,4,1],"texture":"#0"}}},{"from":[0.5,5,8],"to":[0.7,6.2,8.2],"faces":{"down":{"uv":[3,0,4,1],"texture":"#0"},"up":{"uv":[3,0,4,1],"texture":"#0"},"north":{"uv":[3,0,4,1],"texture":"#0"},"south":{"uv":[3,0,4,1],"texture":"#0"},"west":{"uv":[3,0,4,1],"texture":"#0"},"east":{"uv":[3,0,4,1],"texture":"#0"}}},{"from":[-0.8,5,8],"to":[0.5,5.2,8.2],"faces":{"down":{"uv":[3,0,4,1],"texture":"#0","cullface":"west"},"up":{"uv":[3,0,4,1],"texture":"#0","cullface":"west"},"north":{"uv":[3,0,4,1],"texture":"#0","cullface":"west"},"south":{"uv":[3,0,4,1],"texture":"#0","cullface":"west"},"west":{"uv":[3,0,4,1],"texture":"#0","cullface":"west"},"east":{"uv":[3,0,4,1],"texture":"#0","cullface":"west"}}},{"from":[0,5,8],"to":[1,5.2,8.2],"rotation":{"origin":[0,5,8],"axis":"z","angle":45},"faces":{"down":{"uv":[3,0,4,1],"texture":"#0","cullface":"west"},"up":{"uv":[3,0,4,1],"texture":"#0","cullface":"west"},"north":{"uv":[3,0,4,1],"texture":"#0","cullface":"west"},"south":{"uv":[3,0,4,1],"texture":"#0","cullface":"west"},"west":{"uv":[3,0,4,1],"texture":"#0","cullface":"west"},"east":{"uv":[3,0,4,1],"texture":"#0","cullface":"west"}}},{"from":[9.8,4.6,7.4],"to":[10.3,5.1,8.6],"faces":{"down":{"uv":[8,0,9,1],"texture":"#0"},"up":{"uv":[8,0,9,1],"texture":"#0"},"north":{"uv":[8,0,9,1],"texture":"#0"},"south":{"uv":[8,0,9,1],"texture":"#0"},"west":{"uv":[8,0,9,1],"texture":"#0"},"east":{"uv":[8,0,9,1],"texture":"#0"}}},{"from":[11.2,4.6,7.4],"to":[11.7,5.1,8.6],"faces":{"down":{"uv":[8,0,9,1],"texture":"#0"},"up":{"uv":[8,0,9,1],"texture":"#0"},"north":{"uv":[8,0,9,1],"texture":"#0"},"south":{"uv":[8,0,9,1],"texture":"#0"},"west":{"uv":[8,0,9,1],"texture":"#0"},"east":{"uv":[8,0,9,1],"texture":"#0"}}},{"from":[4.2,2.6,7.4],"to":[4.7,3.1,8.6],"faces":{"down":{"uv":[4,0,5,1],"texture":"#0"},"up":{"uv":[4,0,5,1],"texture":"#0"},"north":{"uv":[4,0,5,1],"texture":"#0"},"south":{"uv":[4,0,5,1],"texture":"#0"},"west":{"uv":[4,0,5,1],"texture":"#0"},"east":{"uv":[4,0,5,1],"texture":"#0"}}},{"from":[3.2,-0.4,7.4],"to":[3.7,0.1,8.6],"faces":{"down":{"uv":[4,0,5,1],"texture":"#0","cullface":"down"},"up":{"uv":[4,0,5,1],"texture":"#0","cullface":"down"},"north":{"uv":[4,0,5,1],"texture":"#0","cullface":"down"},"south":{"uv":[4,0,5,1],"texture":"#0","cullface":"down"},"west":{"uv":[4,0,5,1],"texture":"#0","cullface":"down"},"east":{"uv":[4,0,5,1],"texture":"#0","cullface":"down"}}},{"from":[2.2,-1,7.4],"to":[2.7,-0.5,8.6],"faces":{"down":{"uv":[3,0,4,1],"texture":"#0","cullface":"down"},"up":{"uv":[3,0,4,1],"texture":"#0","cullface":"down"},"north":{"uv":[3,0,4,1],"texture":"#0","cullface":"down"},"south":{"uv":[3,0,4,1],"texture":"#0","cullface":"down"},"west":{"uv":[3,0,4,1],"texture":"#0","cullface":"down"},"east":{"uv":[3,0,4,1],"texture":"#0","cullface":"down"}}},{"from":[0,-0.8,7.3],"to":[0.5,-0.3,8.699999],"faces":{"down":{"uv":[2,0,3,1],"texture":"#0","cullface":"down"},"up":{"uv":[2,0,3,1],"texture":"#0","cullface":"down"},"north":{"uv":[2,0,3,1],"texture":"#0","cullface":"down"},"south":{"uv":[2,0,3,1],"texture":"#0","cullface":"down"},"west":{"uv":[2,0,3,1],"texture":"#0","cullface":"down"},"east":{"uv":[2,0,3,1],"texture":"#0","cullface":"down"}}},{"from":[4.7,0,7.4],"to":[5.7,3.5,8.6],"rotation":{"origin":[4.7,0,8],"axis":"z","angle":-22.5},"faces":{"down":{"uv":[3,0,4,1],"texture":"#0","cullface":"down"},"up":{"uv":[3,0,4,1],"texture":"#0","cullface":"down"},"north":{"uv":[3,0,4,1],"texture":"#0","cullface":"down"},"south":{"uv":[3,0,4,1],"texture":"#0","cullface":"down"},"west":{"uv":[3,0,4,1],"texture":"#0","cullface":"down"},"east":{"uv":[3,0,4,1],"texture":"#0","cullface":"down"}}},{"from":[6.7,2,7.4],"to":[7.2,3,8.6],"rotation":{"origin":[6.7,1,8],"axis":"z","angle":-22.5},"faces":{"down":{"uv":[4,0,5,1],"texture":"#0"},"up":{"uv":[4,0,5,1],"texture":"#0"},"north":{"uv":[4,0,5,1],"texture":"#0"},"south":{"uv":[4,0,5,1],"texture":"#0"},"west":{"uv":[4,0,5,1],"texture":"#0"},"east":{"uv":[4,0,5,1],"texture":"#0"}}},{"from":[5.7,4.5,7.4],"to":[8.4,5.6,8.6],"faces":{"down":{"uv":[3,0,4,1],"texture":"#0"},"up":{"uv":[3,0,4,1],"texture":"#0"},"north":{"uv":[3,0,4,1],"texture":"#0"},"south":{"uv":[3,0,4,1],"texture":"#0"},"west":{"uv":[3,0,4,1],"texture":"#0"},"east":{"uv":[3,0,4,1],"texture":"#0"}}},{"from":[6,4.7,7.3],"to":[6.2,5.7,8.699999],"faces":{"down":{"uv":[2,0,3,1],"texture":"#0"},"up":{"uv":[2,0,3,1],"texture":"#0"},"north":{"uv":[2,0,3,1],"texture":"#0"},"south":{"uv":[2,0,3,1],"texture":"#0"},"west":{"uv":[2,0,3,1],"texture":"#0"},"east":{"uv":[2,0,3,1],"texture":"#0"}}},{"from":[8,4.7,7.3],"to":[8.2,5.7,8.699999],"faces":{"down":{"uv":[2,0,3,1],"texture":"#0"},"up":{"uv":[2,0,3,1],"texture":"#0"},"north":{"uv":[2,0,3,1],"texture":"#0"},"south":{"uv":[2,0,3,1],"texture":"#0"},"west":{"uv":[2,0,3,1],"texture":"#0"},"east":{"uv":[2,0,3,1],"texture":"#0"}}},{"from":[5.5,5.5,7.3],"to":[8.7,5.7,8.699999],"faces":{"down":{"uv":[2,0,3,1],"texture":"#0"},"up":{"uv":[2,0,3,1],"texture":"#0"},"north":{"uv":[2,0,3,1],"texture":"#0"},"south":{"uv":[2,0,3,1],"texture":"#0"},"west":{"uv":[2,0,3,1],"texture":"#0"},"east":{"uv":[2,0,3,1],"texture":"#0"}}},{"from":[5.5,4.7,7.3],"to":[8.7,4.9,8.699999],"faces":{"down":{"uv":[2,0,3,1],"texture":"#0"},"up":{"uv":[2,0,3,1],"texture":"#0"},"north":{"uv":[2,0,3,1],"texture":"#0"},"south":{"uv":[2,0,3,1],"texture":"#0"},"west":{"uv":[2,0,3,1],"texture":"#0"},"east":{"uv":[2,0,3,1],"texture":"#0"}}},{"from":[6.3,5,7.3],"to":[7.9,5.4,8.699999],"faces":{"down":{"uv":[3,4,4,5],"texture":"#0"},"up":{"uv":[3,4,4,5],"texture":"#0"},"north":{"uv":[3,4,4,5],"texture":"#0"},"south":{"uv":[3,4,4,5],"texture":"#0"},"west":{"uv":[3,4,4,5],"texture":"#0"},"east":{"uv":[3,4,4,5],"texture":"#0"}}},{"from":[-12.3,5,7.3],"to":[-11.7,5.6,8.699999],"faces":{"down":{"uv":[3,0,4,1],"texture":"#0","cullface":"west"},"up":{"uv":[3,0,4,1],"texture":"#0","cullface":"west"},"north":{"uv":[3,0,4,1],"texture":"#0","cullface":"west"},"south":{"uv":[3,0,4,1],"texture":"#0","cullface":"west"},"west":{"uv":[3,0,4,1],"texture":"#0","cullface":"west"},"east":{"uv":[3,0,4,1],"texture":"#0","cullface":"west"}}},{"from":[-12.3,0,7.3],"to":[-11.7,0.6,8.699999],"faces":{"down":{"uv":[3,0,4,1],"texture":"#0","cullface":"west"},"up":{"uv":[3,0,4,1],"texture":"#0","cullface":"west"},"north":{"uv":[3,0,4,1],"texture":"#0","cullface":"west"},"south":{"uv":[3,0,4,1],"texture":"#0","cullface":"west"},"west":{"uv":[3,0,4,1],"texture":"#0","cullface":"west"},"east":{"uv":[3,0,4,1],"texture":"#0","cullface":"west"}}},{"from":[-12.2,0.09999999,7.2],"to":[-11.8,0.5,8.8],"faces":{"down":{"uv":[5,0,6,1],"texture":"#0","cullface":"west"},"up":{"uv":[5,0,6,1],"texture":"#0","cullface":"west"},"north":{"uv":[5,0,6,1],"texture":"#0","cullface":"west"},"south":{"uv":[5,0,6,1],"texture":"#0","cullface":"west"},"west":{"uv":[5,0,6,1],"texture":"#0","cullface":"west"},"east":{"uv":[5,0,6,1],"texture":"#0","cullface":"west"}}},{"from":[-12.2,5.1,7.2],"to":[-11.8,5.5,8.8],"faces":{"down":{"uv":[5,0,6,1],"texture":"#0","cullface":"west"},"up":{"uv":[5,0,6,1],"texture":"#0","cullface":"west"},"north":{"uv":[5,0,6,1],"texture":"#0","cullface":"west"},"south":{"uv":[5,0,6,1],"texture":"#0","cullface":"west"},"west":{"uv":[5,0,6,1],"texture":"#0","cullface":"west"},"east":{"uv":[5,0,6,1],"texture":"#0","cullface":"west"}}},{"from":[9.3,5.9,7.3],"to":[11.8,6.5,8.699999],"faces":{"down":{"uv":[3,4,4,5],"texture":"#0"},"up":{"uv":[3,4,4,5],"texture":"#0"},"north":{"uv":[3,4,4,5],"texture":"#0"},"south":{"uv":[3,4,4,5],"texture":"#0"},"west":{"uv":[3,4,4,5],"texture":"#0"},"east":{"uv":[3,4,4,5],"texture":"#0"}}},{"from":[11.3,5.9,6.7],"to":[11.8,6.5,9.3],"faces":{"down":{"uv":[3,4,4,5],"texture":"#0"},"up":{"uv":[3,4,4,5],"texture":"#0"},"north":{"uv":[3,4,4,5],"texture":"#0"},"south":{"uv":[3,4,4,5],"texture":"#0"},"west":{"uv":[3,4,4,5],"texture":"#0"},"east":{"uv":[3,4,4,5],"texture":"#0"}}},{"from":[9.9,3.4,7.3],"to":[10.3,3.8,8.699999],"faces":{"down":{"uv":[5,0,6,1],"texture":"#0"},"up":{"uv":[5,0,6,1],"texture":"#0"},"north":{"uv":[5,0,6,1],"texture":"#0"},"south":{"uv":[5,0,6,1],"texture":"#0"},"west":{"uv":[5,0,6,1],"texture":"#0"},"east":{"uv":[5,0,6,1],"texture":"#0"}}},{"from":[9.9,6.8,7.3],"to":[10.3,7.199999,8.699999],"faces":{"down":{"uv":[0,0,1,1],"texture":"#0"},"up":{"uv":[0,0,1,1],"texture":"#0"},"north":{"uv":[0,0,1,1],"texture":"#0"},"south":{"uv":[0,0,1,1],"texture":"#0"},"west":{"uv":[0,0,1,1],"texture":"#0"},"east":{"uv":[0,0,1,1],"texture":"#0"}}},{"from":[6.9,6.8,7.3],"to":[7.3,7.199999,8.699999],"faces":{"down":{"uv":[0,0,1,1],"texture":"#0"},"up":{"uv":[0,0,1,1],"texture":"#0"},"north":{"uv":[0,0,1,1],"texture":"#0"},"south":{"uv":[0,0,1,1],"texture":"#0"},"west":{"uv":[0,0,1,1],"texture":"#0"},"east":{"uv":[0,0,1,1],"texture":"#0"}}},{"from":[3.9,6.8,7.3],"to":[4.5,7.4,8.699999],"faces":{"down":{"uv":[0,0,1,1],"texture":"#0"},"up":{"uv":[0,0,1,1],"texture":"#0"},"north":{"uv":[0,0,1,1],"texture":"#0"},"south":{"uv":[0,0,1,1],"texture":"#0"},"west":{"uv":[0,0,1,1],"texture":"#0"},"east":{"uv":[0,0,1,1],"texture":"#0"}}},{"from":[-2.1,6.9,7.3],"to":[-1.3,7.199999,8.699999],"faces":{"down":{"uv":[0,0,1,1],"texture":"#0","cullface":"west"},"up":{"uv":[0,0,1,1],"texture":"#0","cullface":"west"},"north":{"uv":[0,0,1,1],"texture":"#0","cullface":"west"},"south":{"uv":[0,0,1,1],"texture":"#0","cullface":"west"},"west":{"uv":[0,0,1,1],"texture":"#0","cullface":"west"},"east":{"uv":[0,0,1,1],"texture":"#0","cullface":"west"}}},{"from":[-1.6,6.7,7.3],"to":[-0.8999999,7.4,8.699999],"faces":{"down":{"uv":[0,0,1,1],"texture":"#0","cullface":"west"},"up":{"uv":[0,0,1,1],"texture":"#0","cullface":"west"},"north":{"uv":[0,0,1,1],"texture":"#0","cullface":"west"},"south":{"uv":[0,0,1,1],"texture":"#0","cullface":"west"},"west":{"uv":[0,0,1,1],"texture":"#0","cullface":"west"},"east":{"uv":[0,0,1,1],"texture":"#0","cullface":"west"}}},{"from":[0.4,8.2,7.4],"to":[3.9,8.9,8.6],"faces":{"down":{"uv":[0,0,1,1],"texture":"#0"},"up":{"uv":[0,0,1,1],"texture":"#0"},"north":{"uv":[0,0,1,1],"texture":"#0"},"south":{"uv":[0,0,1,1],"texture":"#0"},"west":{"uv":[0,0,1,1],"texture":"#0"},"east":{"uv":[0,0,1,1],"texture":"#0"}}},{"from":[0.4,8.2,7.2],"to":[2.4,10.1,7.4],"faces":{"down":{"uv":[3,0,4,1],"texture":"#0"},"up":{"uv":[3,0,4,1],"texture":"#0"},"north":{"uv":[3,0,4,1],"texture":"#0"},"south":{"uv":[3,0,4,1],"texture":"#0"},"west":{"uv":[3,0,4,1],"texture":"#0"},"east":{"uv":[3,0,4,1],"texture":"#0"}}},{"from":[2.4,8.2,7.2],"to":[3.4,8.7,7.4],"faces":{"down":{"uv":[3,0,4,1],"texture":"#0"},"up":{"uv":[3,0,4,1],"texture":"#0"},"north":{"uv":[3,0,4,1],"texture":"#0"},"south":{"uv":[3,0,4,1],"texture":"#0"},"west":{"uv":[3,0,4,1],"texture":"#0"},"east":{"uv":[3,0,4,1],"texture":"#0"}}},{"from":[2.4,8.2,8.599999],"to":[3.4,8.7,8.799999],"faces":{"down":{"uv":[3,0,4,1],"texture":"#0"},"up":{"uv":[3,0,4,1],"texture":"#0"},"north":{"uv":[3,0,4,1],"texture":"#0"},"south":{"uv":[3,0,4,1],"texture":"#0"},"west":{"uv":[3,0,4,1],"texture":"#0"},"east":{"uv":[3,0,4,1],"texture":"#0"}}},{"from":[0.4,8.2,8.599999],"to":[2.4,10.1,8.799999],"faces":{"down":{"uv":[3,0,4,1],"texture":"#0"},"up":{"uv":[3,0,4,1],"texture":"#0"},"north":{"uv":[3,0,4,1],"texture":"#0"},"south":{"uv":[3,0,4,1],"texture":"#0"},"west":{"uv":[3,0,4,1],"texture":"#0"},"east":{"uv":[3,0,4,1],"texture":"#0"}}},{"from":[0.4,10.1,7.4],"to":[2.4,10.3,8.6],"faces":{"down":{"uv":[3,0,4,1],"texture":"#0"},"up":{"uv":[3,0,4,1],"texture":"#0"},"north":{"uv":[3,0,4,1],"texture":"#0"},"south":{"uv":[3,0,4,1],"texture":"#0"},"west":{"uv":[3,0,4,1],"texture":"#0"},"east":{"uv":[3,0,4,1],"texture":"#0"}}},{"from":[1,8.9,7.4],"to":[1.1,10.1,8.6],"faces":{"west":{"uv":[0,0,16,16],"texture":"#3"},"east":{"uv":[0,0,1,1],"texture":"#3"}}}],"display":{"thirdperson_righthand":{"rotation":[0,90,0],"translation":[0,3,-4],"scale":[0.7,0.7,0.7]},"thirdperson_lefthand":{"rotation":[0,-90,0],"translation":[0.0869,3,-4],"scale":[0.7,0.7,0.7]},"firstperson_righthand":{"rotation":[0,90,0],"translation":[-5,6,1],"scale":[0.5,0.5,0.5]},"firstperson_lefthand":{"rotation":[0,-90,0],"translation":[-5,6,1],"scale":[0.5,0.5,0.5]},"gui":{"rotation":[0,180,45],"translation":[-1,4,0],"scale":[0.55,0.55,0.55]},"ground":{"translation":[0,2,0],"scale":[0.5,0.5,0.5]},"fixed":{"rotation":[0,180,45],"translation":[-0.695,5.5652,0],"scale":[0.8,0.8,0.8]}}}
